customerID,Cluster,predicted_high_value,high_value_probability,priority_score
7590-VHVEG,0,0,0.06039257105923171,0.39956755473948213
5575-GNVDE,3,0,0.20420647529144417,0.5255562743271041
3668-QPYBK,3,0,0.19367951040465636,0.21351390942502044
7795-CFOCW,0,0,0.2127644132407825,0.49196892319104985
9237-HQITU,3,0,0.007750677210498416,0.18171079719998887
9305-CDSKC,3,1,0.9809304132334491,0.6441195337144323
1452-KIOVK,3,1,0.9401695091979044,0.9011625405212671
6713-OKOMC,0,0,0.07969126760314144,0.4070344017780987
7892-POOKP,2,1,0.9838868302513294,0.6583126268373738
6388-TABGU,3,0,0.1307073298946404,0.49413556353680355
9763-GRSKD,3,0,0.12889695221441763,0.4777482545699776
7469-LKBCI,1,0,0.0,0.3478736842105263
8091-TTVAX,2,1,0.9780288610846274,0.9447273339075353
0280-XJGEX,2,1,0.992728918380972,0.6590705147208098
5129-JLPIS,2,1,0.9911988244543706,0.963005845571222
3655-SNQYZ,2,1,0.9983318461734159,0.985438001627261
8191-XWSZG,1,0,0.0,0.3521684210526316
9959-WOFKT,2,1,0.9875323966151559,0.9645708533829045
4190-MFLUW,3,0,0.2142967636677646,0.22517133704605324
4183-MYFRB,3,1,0.9272980486073648,0.8984139562850513
8779-QRDMV,0,1,0.8374606562362462,0.4351526835471301
1680-VDCWW,1,0,0.0,0.35002105263157895
1066-JKSGK,1,0,0.0,0.05090526315789473
3638-WEABW,2,0,0.23478558968099217,0.5452405516618706
6322-HRPFA,3,0,0.17154252496563285,0.5191854310388847
6865-JZNKO,3,0,0.14303991276820943,0.4969212282651785
6467-CHFZW,2,1,0.9783138912735554,0.6423150301936327
8665-UTDHZ,0,0,0.07925157980421138,0.10799536876378982
5248-YGIJN,2,1,0.9889983395568872,0.923599335822755
8773-HHUOZ,3,1,0.7877774740141905,0.4785636211846236
3841-NFECX,2,0,0.3498590637389893,0.6833541518113851
4929-XIHVW,3,1,0.9883726635881368,0.9366122233299916
6827-IEAUQ,3,1,0.5039739939091161,0.6687053870373307
7310-EGVHZ,1,0,0.0,0.3510315789473684
3413-BMNZE,3,0,0.0043413379756419325,0.41605232466394093
6234-RAAPL,2,1,0.9756552320404691,0.9426410401846088
6047-YHPVI,3,0,0.01561875536889236,0.18233171267387274
6572-ADKRS,3,0,0.045404788132650496,0.5071303363056918
5380-WJKOV,2,1,0.9803384287686419,0.6608090557179831
8168-UQWWF,3,1,0.9762245926382085,0.6376898370552834
8865-TNMNX,3,0,0.07107699131289548,0.4536097438935792
9489-DEDVP,2,1,0.8391961598875565,0.8104995165866016
9867-JCZSP,1,0,0.0,0.3524210526315789
4671-VJLCL,2,1,0.9602797603248565,0.8858382199194164
4080-IIARD,3,1,0.9365572714986911,0.8671281717573711
3714-NTNFO,3,1,0.8407299904030465,0.849765680371745
5948-UJZLF,3,0,0.09390398793782292,0.4619826478067081
7760-OYPDY,3,1,0.6808188383111046,0.47607490374549444
7639-LIAYI,2,1,0.9426917868607163,0.8785503989548129
2954-PIBKO,2,0,0.3111759277731231,0.5865335290039861
8012-SOUDQ,2,1,0.9427661954412467,0.9051064781764988
9420-LOJKX,3,1,0.9777894269017172,0.641473665497529
6575-SUVOI,3,1,0.8133519648799818,0.8009197333204139
7495-OOKFY,3,0,0.39038091964628235,0.3598997362795656
4667-QONEA,2,1,0.9675825120790275,0.8761277416737163
1658-BYGOY,3,1,0.9762058273627027,0.6316191730503442
8769-KKTPH,2,1,0.9743543743505519,0.9414891181612735
5067-XJQFU,2,1,0.9984343434343433,0.9733526847421585
3957-SQXML,1,0,0.0,0.3630315789473684
5954-BDFSG,2,1,0.9920588546143805,0.9684024892141732
0434-CSFON,2,1,0.9794697402255065,0.9456826329323078
1215-FIGMP,2,1,0.8819877822742147,0.8799109023833702
0526-SXDJP,0,0,0.2519728907943886,0.5071470510545976
0557-ASKVU,3,0,0.16875696171148022,0.5049343636319605
5698-BQJOH,3,1,0.9688063612020966,0.6260067550071544
5122-CYFXA,3,1,0.939052952255996,0.865852759849767
8627-ZYGSZ,3,0,0.1465094135661933,0.557930081215951
3410-YOQBQ,2,1,0.9763976572983053,0.890643273445638
3170-NMYVV,1,0,0.0,0.3509052631578947
7410-OIEDU,3,0,0.2968000413915161,0.62044633234608
2273-QCKXA,3,0,0.032931817612106534,0.4370885165185268
0731-EBJQB,1,0,0.0,0.35153684210526315
1891-QRQSA,2,1,0.9895057110682111,0.9777391265325477
8028-PNXHQ,1,0,0.0,0.36126315789473684
5630-AHZIL,3,1,0.8477954303210624,0.8020655405494777
2673-CXQEU,2,1,0.9934978328336854,0.9765570278703164
6416-JNVRK,3,0,0.08785122875728496,0.4757299651871245
5590-ZSKRV,3,0,0.19417515509209904,0.5157332199315765
0191-ZHSKZ,3,1,0.8932489669799187,0.8461416920551255
3887-PBQAO,1,0,0.0,0.3654315789473684
5919-TMRGD,3,1,0.7826063699491168,0.5135057058743836
8108-UXRQN,0,1,0.8006301181305266,0.7479573104101054
9191-MYQKX,3,0,0.15311655636064356,0.25109925412320483
9919-YLNNG,2,1,0.9899412257266275,0.9582080692380195
0318-ZOPWS,1,0,0.0,0.3509052631578947
4445-ZJNMU,3,1,0.9815012756432544,0.9434636681520385
4808-YNLEU,3,1,0.5177032578948115,0.6640918294737141
1862-QRWPE,1,0,0.0,0.3521684210526316
2796-NNUFI,1,0,0.0,0.3504
3016-KSVCP,0,1,0.6084458300919,0.6286414899314968
4767-HZZHQ,3,0,0.24045441288227387,0.6034659756792253
2424-WVHPL,3,0,0.04853572572219065,0.5081300797625605
7233-PAHHL,2,1,0.9907923072047136,0.9085274491976749
6067-NGCEU,2,1,0.9975189828346798,0.9795549615549246
9848-JQJTX,2,1,0.9939884567181401,0.9525006458451508
8637-XJIVR,3,0,0.3367000446329647,0.3341326494321333
9803-FTJCG,2,0,0.43999338986012376,0.6448815664703653
0278-YXOOG,1,0,0.0,0.053178947368421055
3212-KXOCR,1,0,0.0,0.35305263157894734
4598-XLKNJ,2,1,0.9958275605528911,0.6471731294843144
6380-ARCEH,1,0,0.0,0.3510315789473684
3679-XASPY,1,0,0.0,0.34913684210526313
7123-WQUHX,2,1,0.9543868782771505,0.9217547513108602
5386-THSLQ,0,1,0.8465228023674497,0.7536828051575062
3192-NQECA,2,1,0.9971845333969078,0.6767685502008685
6180-YBIQI,0,0,0.02090858802828598,0.3697529088955249
6728-DKUCO,2,1,0.978070254727531,0.9543438913646967
9750-BOOHV,0,0,0.09337059817417412,0.41351666032230117
8597-CWYHH,2,1,0.9679138510314733,0.9255234351494315
2848-YXSMW,1,0,0.0,0.34901052631578944
0486-HECZI,2,1,0.9614348184256505,0.6289949800018392
4549-ZDQYY,3,0,0.2058439861818419,0.5287375944727368
5712-AHQNN,2,1,0.8261416130974837,0.8619934873442567
4846-WHAFZ,3,0,0.016003044365643135,0.1996643756409941
5256-SKJGO,0,1,0.9364869609936071,0.812531626502706
3071-VBYPO,3,1,0.9649248566313007,0.9129594163367307
9560-BBZXK,0,0,0.09833853046311958,0.4177775174484057
5299-RULOA,3,1,0.9730719737226744,0.6424919473838067
8402-OOOHJ,1,0,0.0,0.3521684210526316
9445-ZUEQE,3,1,0.5548176014070446,0.7371691458259757
1091-SOZGA,2,1,0.9794987736829607,0.9439258252626581
2928-HLDBA,1,0,0.0,0.35229473684210527
0404-SWRVG,3,0,0.00839843573418916,0.19131726903051777
6497-TILVL,3,0,0.08020910134770644,0.46016785106539837
7219-TLZHO,1,0,0.0,0.3526736842105263
4622-YNKIJ,2,1,0.8686607550339466,0.8721800914872628
4412-YLTKF,3,0,0.15690549714493848,0.2599411462263964
6734-PSBAW,1,0,0.0,0.35949473684210526
3930-ZGWVE,1,0,0.0,0.34989473684210526
2639-UGMAZ,0,1,0.8994748374432585,0.8024004612930928
2876-GZYZC,3,1,0.8992993220601484,0.8768565709293226
6207-WIOLX,0,1,0.922053234549508,0.5168633990829611
8587-XYZSF,3,0,0.030565155060426324,0.43993132518206524
3091-FYHKI,0,1,0.8200678152472893,0.4175850208357579
2372-HWUHI,3,0,0.01774603423373848,0.1191405189566533
7799-LGRDP,1,0,0.0,0.36492631578947365
7850-VWJUU,3,0,0.0829038960726538,0.5226352426395878
3774-VBNXY,1,0,0.0,0.3510315789473684
6217-KDYWC,1,0,0.0,0.3495157894736842
0390-DCFDQ,3,0,0.0030606060606060605,0.17920318979266348
3146-MSEGF,2,1,0.9962116777076833,0.9209267763462312
4080-OGPJL,3,1,0.913811800359504,0.5452720885648543
1095-WGNGG,2,1,0.9732346238295869,0.9445780600581506
2636-SJDOU,2,0,0.23812101181378711,0.6082168257781464
1131-QQZEB,1,0,0.0,0.3605052631578947
5716-EZXZN,2,1,0.9565603547642211,0.9328557208530568
6837-BJYDQ,1,0,0.0,0.3495157894736842
2135-RXIHG,3,0,0.005992642414274747,0.11772337275518358
6440-DKQGE,3,1,0.7715869063807667,0.7715821309733593
3466-BYAVD,3,1,0.9099841135927004,0.8395725928055011
3780-YVMFA,3,1,0.8880579136720169,0.8284021128372279
3874-EQOEP,3,1,0.9725640574755369,0.6290256229902147
1679-JRFBR,2,1,0.9962335540276716,0.9717144742426476
9073-ZZIAY,2,1,0.9967182923369148,0.9162031064084502
3077-RSNTJ,1,0,0.0,0.34976842105263156
6551-GNYDG,3,1,0.580863216782133,0.7367242340812743
9167-APMXZ,3,1,0.8881452308547173,0.8678475660260976
2749-CTKAJ,1,0,0.0,0.3509052631578947
6371-NZYEG,3,1,0.7446637399662914,0.7601812854602008
7554-NEWDD,1,0,0.0,0.36492631578947365
8992-VONJD,3,0,0.22653723327883546,0.5320885775220605
0867-MKZVY,3,0,0.4402345906422466,0.38426225730953023
4482-EWFMI,3,0,0.00579991963474084,0.4784041783802121
4648-YPBTM,2,1,0.9560531908203445,0.8691160131702431
2907-ILJBN,1,0,0.0,0.3520421052631579
6345-FZOQH,1,0,0.0,0.3502736842105263
3376-BMGFE,3,0,0.008611412220169597,0.18256035436175205
5997-OPVFA,2,1,0.9905445938890654,0.9211862586082578
3445-HXXGF,0,1,0.9301540521501029,0.4865037261231991
1159-WFSGR,1,0,0.0,0.35153684210526315
7654-YWJUF,2,0,0.38868907820640575,0.6683177365457202
1875-QIVME,3,1,0.9546462765600598,0.6456058790450766
6727-IOTLZ,3,1,0.9628051894787025,0.8921536547388496
0691-JVSYA,2,1,0.9758953661705507,0.6299791990997992
5918-VUKWP,1,0,0.0,0.3519157894736842
1744-JHKYS,1,0,0.0,0.3624
2656-FMOKZ,3,0,0.008707907038833564,0.19156737334184923
2070-FNEXE,3,0,0.11251700292184162,0.2381436432739998
5947-SGKCL,2,1,0.987190261164794,0.9610234728869702
3712-PKXZA,1,0,0.0,0.3519157894736842
6317-YPKDH,0,0,0.051397890068313946,0.09622231392206242
6582-OIVSP,3,0,0.0069101061635267165,0.41720614772856857
9367-WXLCH,3,1,0.9115537649396679,0.5780951901863935
5524-KHNJP,2,1,0.9671573395880795,0.8757050410983898
1918-ZBFQJ,3,0,0.27506559394448,0.31023676389358146
1024-GUALD,0,0,0.01712234488937275,0.06950156953469648
4827-USJHP,3,0,0.0679767057567226,0.45805384019742584
8167-GJLRN,0,0,0.070591314921771,0.40503652596870837
0956-SYCWG,1,0,0.0,0.34964210526315787
8017-UVSZU,3,0,0.251810897455234,0.5437138326663041
7100-FQPRV,2,1,0.9128381389963661,0.8467773608617044
2472-OVKUP,3,1,0.9461839865371945,0.6083683314569831
2984-RGEYA,1,0,0.0,0.34989473684210526
9680-NIAUV,2,1,0.99859357696567,0.9765742728915312
2146-EGVDT,1,0,0.0,0.3487578947368421
2604-IJPDU,3,1,0.9197082177969226,0.9117990765924533
9178-JHUVJ,1,0,0.0,0.3608842105263158
6168-YBYNP,2,1,0.996291078019976,0.9798216943658851
7255-SSFBC,2,1,0.9993023255813953,0.9832998776009791
3645-DEYGF,1,0,0.0,0.3524210526315789
9323-HGFWY,2,1,0.9942633752981764,0.9551369290666392
8544-GOQSH,3,0,0.2570731542835327,0.6050608406607816
3363-DTIVD,2,1,0.9893339752908749,0.9623862216952974
7018-WBJNK,3,0,0.4821362148886164,0.6906650122712361
9142-KZXOP,3,0,0.0159499926348697,0.480316839159211
7674-YTAFD,3,0,0.2379057309506608,0.5971412397486854
6348-SNFUS,0,1,0.9585768950768688,0.8235149685570633
1285-OKIPP,3,1,0.8166848904170004,0.5285265877457476
7825-ECJRF,2,1,0.9888037384362204,0.6648267585323828
1347-KTTTA,2,1,0.9982055768101055,0.9581032833556211
7841-TZDMQ,3,0,0.017303177090881337,0.12313179715214201
4195-NZGTA,0,0,0.006615903829526121,0.36643583521602097
7157-SMCFK,1,0,0.0,0.34989473684210526
4709-LKHYG,1,0,0.0,0.3505263157894737
2504-DSHIH,3,1,0.8696025006737114,0.8671252107958003
0699-NDKJM,0,1,0.9471731292602685,0.8272903043356863
9286-BHDQG,0,0,0.3086827309070702,0.5377888818365123
0230-WEQUW,0,1,0.9515776329009296,0.8236205268445824
2040-LDIWQ,2,1,0.9855749402579349,0.9069457655768582
6496-JDSSB,3,1,0.5264380770852511,0.7126804939919952
9408-SSNVZ,3,0,0.008611412220169597,0.18066561751964683
4443-EMBNA,1,0,0.0,0.3625263157894737
6469-MRVET,1,0,0.0,0.3510315789473684
0742-MOABM,3,0,0.10777013223603456,0.1695501581575717
5961-VUSRV,1,0,0.0,0.3488842105263158
6778-JFCMK,0,1,0.8271564185181778,0.7586941463546395
6341-JVQGF,2,1,0.9854187247409096,0.8991780162121534
2232-DMLXU,3,1,0.7432973714244462,0.43677158014872586
4811-JBUVU,3,1,0.9259219620992613,0.8974845743133888
0945-TSONX,2,1,0.9838695997494747,0.9090425767418953
2651-ZCBXV,2,1,0.9966459875714346,0.9715005002917318
3316-UWXUY,2,1,0.8950516458534409,0.8942311846571658
8937-RDTHP,3,1,0.8427532199590572,0.5508276037730966
7083-MIOPC,1,0,0.0,0.3511578947368421
1984-GPTEH,1,0,0.0,0.36353684210526316
1251-KRREG,3,0,0.2571278693903959,0.24028272670352677
0621-JFHOL,0,0,0.07370396925966967,0.40426053507228893
9903-LYSAB,3,0,0.007777142806712151,0.4879108571226849
0094-OIFMO,3,1,0.9776006844074691,0.6310402737629877
9227-UAQFT,1,0,0.0,0.34989473684210526
7301-ABVAD,2,1,0.9949200110410165,0.9167469517848277
6614-FHDBO,2,1,0.9992321739018841,0.9755665537712801
7576-ASEJU,2,1,0.9752409950069159,0.8788121874764505
9058-HRZSV,2,1,0.8222153848056402,0.8673703644485717
4522-AKYLR,3,0,0.27683982800775564,0.5491780364662602
0221-WMXNQ,3,0,0.13738364734052683,0.5453113536730528
0303-UNCIP,3,1,0.7363641760996847,0.7587561967556633
9947-OTFQU,3,0,0.0881997353962759,0.22323778889535245
0322-YINQP,3,0,0.032931817612106534,0.13582535862378997
0959-WHOKV,2,1,0.9856955403882837,0.9443834793132082
4075-JFPGR,2,1,0.9084763343466661,0.899601060054456
4629-NRXKX,3,0,0.0033014311723254803,0.17917320404787757
9514-JDSKI,0,1,0.9034171525893528,0.4629247557725833
3282-ZISZV,2,1,0.9918619387663726,0.9081974070854963
3675-YDUPJ,1,0,0.0,0.35014736842105265
4111-BNXIF,0,1,0.951582368046759,0.8310750524818615
7017-VFHAY,2,1,0.9988080366496064,0.9903021620282637
6655-LHBYW,2,1,0.9962402957859705,0.9873803288407039
4959-JOSRX,3,0,0.032682844381138915,0.12574682196298187
5046-NUHWD,0,1,0.9043725123255303,0.7754332154565279
7273-TEFQD,0,1,0.8160672196323123,0.43038478258976703
3606-TWKGI,3,1,0.9932905060406625,0.6673793603110019
7529-ZDFXI,2,1,0.8793747558797606,0.8787393760361146
7605-BDWDC,0,1,0.8676115913103666,0.7729814786294098
1950-KSVVJ,2,1,0.9975457009229217,0.9852498593165371
0123-CRBRT,2,1,0.9980807635843102,0.9218007264863557
6292-TOSSS,1,0,0.0,0.36290526315789473
3197-ARFOY,2,1,0.9935333412622356,0.9626764943996311
6323-AYBRX,1,0,0.0,0.048884210526315794
7014-ZZXAW,1,0,0.0,0.36126315789473684
4385-GZQXV,3,1,0.9650496473084725,0.6246303852391785
7633-MVPUY,2,0,0.19879786477489883,0.5304665143310121
6366-ZGQGL,0,0,0.012417003749840682,0.06761943307888366
4716-HHKQH,2,1,0.9945329283702908,0.9682552766112742
5940-AHUHD,3,0,0.0015831941339171857,0.178991172390409
6432-TWQLB,3,1,0.7221656470330966,0.5046136272342913
4484-GLZOU,2,1,0.9873988236864493,0.6603490031587902
3179-GBRWV,3,1,0.765371568507383,0.770232837929269
8645-KWHJO,0,1,0.8802001575681916,0.7910274314483292
4130-MZLCC,3,0,0.09819442907115737,0.46698303478635766
0314-TKOSI,3,0,0.30534356839796145,0.5614637431486582
8229-MYEJZ,3,0,0.09130102841515778,0.46586777978711574
2080-SRCDE,1,0,0.0,0.3641684210526316
9577-WJVCQ,3,0,0.05386799057706267,0.45910509096766716
9512-UIBFX,3,1,0.962804945644859,0.6255009256263646
6202-DYYFX,3,0,0.04087375392716368,0.5083495015708654
3808-HFKDE,3,0,0.02409532460072233,0.4216802351034468
5583-SXDAG,3,0,0.0037180754654803096,0.17832933544935
3488-PGMQJ,3,0,0.13441263322051264,0.24197557960399452
3580-REOAC,3,0,0.02411991774594172,0.12295323025627142
7534-BFESC,3,0,0.010772792136017017,0.19656174843335417
3727-OWVYD,3,0,0.2687164289123746,0.5620970978807394
2294-SALNE,3,0,0.4769290460122605,0.71005582893122
4847-TAJYI,3,1,0.9879655046750376,0.9209125176594888
1563-IWQEX,1,0,0.0,0.34976842105263156
8203-XJZRC,1,0,0.0,0.3511578947368421
6556-DBKZF,2,0,0.12305758143213609,0.5413493483623281
6851-WEFYX,2,1,0.9885621000265119,0.9500774715895521
2985-JUUBZ,2,1,0.8951547279656009,0.8463987332915035
6390-DSAZX,3,0,0.035691235966376605,0.20021333649181378
0895-LMRSF,3,1,0.73210269252432,0.7567989717465702
8098-LLAZX,3,1,0.9825562328545783,0.6341593352470944
8266-VBFQL,3,1,0.9654254602094942,0.9145491314522187
8181-YHCMF,0,1,0.951582368046759,0.8329697893239667
2240-HSJQD,3,0,0.2480861889663295,0.6060134229549528
1248-DYXUB,1,0,0.0,0.36265263157894734
0265-EDXBD,3,0,0.007451300443930175,0.192201572809151
4115-BNPJY,3,1,0.916527253935675,0.8574740594690069
3167-SNQPL,2,1,0.988953245029077,0.951118140116894
4091-TVOCN,2,1,0.9745245621214251,0.8887571932696228
1098-TDVUQ,1,0,0.0,0.3486315789473684
7277-OZCGZ,3,1,0.921684174555632,0.8936420908748843
1557-EMYVT,2,1,0.9954484259661983,0.9888320019654266
2799-ARNLO,3,0,0.0033685064935064933,0.4765474025974026
7563-BIUPC,3,1,0.6045666365668805,0.44544770725833116
5027-YOCXN,2,1,0.9938198769895474,0.9755490034273979
3973-SKMLN,1,0,0.0,0.3502736842105263
2321-OMBXY,2,1,0.974572535170315,0.5926921719628628
2840-XANRC,3,1,0.9606397702215227,0.6195822238780828
6745-JEFZB,2,1,0.9537688825003042,0.9126654477369638
5020-ZSTTY,2,1,0.9714090747708122,0.5968583667504301
9880-TDQAC,0,1,0.9599988649824397,0.835578493361397
8705-WZCYL,3,0,0.00674799955713189,0.4158781471912738
7102-JJVTX,3,0,0.043143542925814085,0.44003636453874667
8626-PTQGE,0,1,0.9012856091672332,0.8122195068247879
4983-CLMLV,2,1,0.988609268876403,0.9548963391295087
5701-YVSVF,3,1,0.8129953965768429,0.8346297375781055
5804-LEPIM,3,0,0.006219269168782888,0.1802140234569868
5697-GOMBF,0,1,0.6902372095451039,0.6667896206601469
2739-CACDQ,3,0,0.43707432671677027,0.6836297306867081
9385-EHGDO,1,0,0.0,0.35014736842105265
9498-FIMXL,1,0,0.0,0.3485052631578947
2379-GYFLQ,2,1,0.9741812228764094,0.9294198575716164
0122-OAHPZ,3,0,0.009535311849951579,0.19038254579261218
2868-SNELZ,3,1,0.5634942644609388,0.42901875841595444
4322-RCYMT,2,1,0.92393142317995,0.5610673061140853
6680-NENYN,2,1,0.9801277702075777,0.6563037396619784
2088-IEBAU,2,1,0.9843025832398213,0.9164157701380338
7982-VCELR,2,1,0.9605793532681675,0.9237264781493724
1343-EHPYB,2,1,0.9936300880220513,0.6586730878403995
6035-BXTTY,3,0,0.14607466287666307,0.49649302304540205
6885-PKOAM,2,1,0.9946634250186764,0.9144969489548389
7520-HQWJU,2,0,0.44542613118872587,0.6485704524754903
9639-BUJXT,1,0,0.0,0.35178947368421054
5924-SNGKP,1,0,0.0,0.3511578947368421
0021-IKXGC,3,0,0.0012949579643033765,0.48266535160677393
2034-GDRCN,3,1,0.9597841389330712,0.6122926029416496
8966-SNIZF,1,0,0.0,0.34913684210526313
6243-OZGFH,0,1,0.799615716644665,0.7334041813947081
4654-DLAMQ,2,1,0.8537663015206367,0.886559152187202
0513-RBGPE,3,0,0.3498534138351131,0.5985939971129925
5160-UXJED,3,0,0.026873799039260154,0.42342320382623033
4115-NZRKS,3,1,0.9879655046750376,0.920407254501594
0219-YTZUE,3,1,0.610095133033757,0.45826963216087124
0623-IIHUG,0,1,0.8709867117237644,0.45424731626845316
4572-DVCGN,3,0,0.4325321924353657,0.37574971907940946
3351-NGXYI,3,0,0.08593003176341256,0.4710456969158913
8984-EYLLL,2,1,0.9901949313086287,0.9619727093655568
9057-MSWCO,0,0,0.0802046262980049,0.10976606104551775
9833-TGFHX,2,1,0.9517073948616417,0.9259882211025514
9294-TDIPC,1,0,0.0,0.3510315789473684
5229-DTFYB,2,1,0.9899296178231711,0.9455718471292685
0104-PPXDV,3,0,0.11546974867411702,0.4732615836801731
5176-LMJXE,1,0,0.0,0.3519157894736842
3583-KRKMD,3,0,0.09340176420580674,0.5291080741033753
1010-DIAUQ,3,1,0.9718665384781319,0.6325360890754632
9069-LGEUL,3,0,0.3634248659223893,0.596822577947903
7302-ZHMHP,1,0,0.0,0.348378947368421
9571-EDEBV,2,1,0.9886793119256719,0.9446927774018479
3520-FJGCV,2,1,0.9993023255813953,0.984184088127295
6563-VRERX,1,0,0.0,0.3520421052631579
0259-GBZSH,3,1,0.9201642812671309,0.5844446598752735
6122-EFVKN,0,0,0.19416962198532772,0.4679836382678153
2805-EDJPQ,2,1,0.9815314796745699,0.944612591869828
6862-CQUMB,2,1,0.973235987461771,0.9320733423531296
7156-MXBJE,2,1,0.9712717690697363,0.903498181312105
6158-HDPXZ,0,0,0.012417003749840682,0.36900890676309417
9601-BRXPO,2,1,0.9905075781124316,0.6613398733502358
2863-IMQDR,2,1,0.9969311174851545,0.9252566575203776
5686-CMAWK,3,1,0.5967467529947426,0.7578565959347392
5651-CRHKQ,2,1,0.5202072924155621,0.7258513380188565
6905-NIQIN,3,0,0.03276515094543987,0.14106395511501804
8204-YJCLA,0,1,0.9394860450345237,0.8394996811717041
5167-ZFFMM,3,1,0.9790962436615613,0.6211542869383087
6583-SZVGP,2,1,0.9938677546583219,0.9706418387054341
4895-TMWIR,1,0,0.0,0.05039999999999999
0533-BNWKF,2,0,0.3087528997052847,0.3393748440926402
1708-PBBOA,0,1,0.9472299902565058,0.8172077855762865
8782-LKFPK,2,1,0.8944913408796402,0.8861754837202771
5522-JBWMO,3,0,0.0048509064370252765,0.41309825731165223
3597-MVHJT,3,1,0.9593624206063954,0.9252607577162424
9774-NRNAU,2,1,0.9718267993734077,0.9029622986967314
0224-RLWWD,3,0,0.018461863839113763,0.41930053500932973
9967-ATRFS,1,0,0.0,0.3502736842105263
3951-NJCVI,2,1,0.9688999258506119,0.9276862861297184
2977-CEBSX,2,1,0.9960309049774762,0.9259070988330957
0177-PXBAT,2,1,0.9905471892134031,0.9738609809485193
6599-CEBNN,3,0,0.110349309473109,0.23096077642082255
2519-ERQOJ,0,1,0.9170129941109412,0.8047420397496396
5876-QMYLD,1,0,0.0,0.3506526315789474
2277-AXSDC,1,0,0.0,0.34989473684210526
9442-JTWDL,1,0,0.0,0.3506526315789474
0979-PHULV,2,1,0.9854682512022539,0.6454294057440595
3067-SVMTC,2,0,0.2471813152134153,0.5400935787169451
5495-GPSRW,1,0,0.0,0.34976842105263156
7606-BPHHN,1,0,0.0,0.35002105263157895
4742-DRORA,2,1,0.9637326805868492,0.9265035985505292
0111-KLBQG,2,1,0.9513451600095219,0.9178854324248613
4800-VHZKI,1,0,0.0,0.05027368421052631
7989-CHGTL,1,0,0.0,0.04951578947368421
0334-GDDSO,3,0,0.48858235355648943,0.40094873089628
4163-NCJAK,1,0,0.0,0.3617684210526316
5233-AOZUF,3,0,0.015088962487643354,0.49538295341610994
5973-EJGDP,2,0,0.42362437625069677,0.690123434710805
1996-DBMUS,3,0,0.004221481837811953,0.4801728032614406
7916-VCCPB,3,0,0.11416822265940882,0.5307199206427109
4686-GEFRM,2,1,0.9654804126066687,0.9355395334637202
5249-QYHEX,1,0,0.0,0.36265263157894734
0578-SKVMF,3,1,0.7642486527315745,0.5161415663557877
5564-NEMQO,3,0,0.03983290597004202,0.20616474133538523
2233-FAGXV,1,0,0.0,0.3613894736842105
5605-IYGFG,3,0,0.009535311849951579,0.4802772826347175
7663-ZTEGJ,2,1,0.9918272858445103,0.9507519669693831
3935-TBRZZ,1,0,0.0,0.36492631578947365
8111-BKVDS,0,0,0.43939046504063783,0.5785772386478341
2055-SIFSS,3,0,0.03706430787006219,0.4453099336743407
2806-MLNTI,2,1,0.9888785754589763,0.9610672196572747
8734-DKSTZ,3,1,0.9279701930258974,0.8883249193156222
4360-PNRQB,3,0,0.011851500352893998,0.49573007382536804
6152-ONASV,2,0,0.27085970339911425,0.5555017760964878
9063-ZGTUY,1,0,0.0,0.04901052631578947
7781-HVGMK,0,1,0.9605353775960433,0.8489299405121016
2181-UAESM,3,0,0.1924645962865165,0.512017417461975
2957-LOLHO,3,0,0.01946569980408333,0.1224810167637386
6048-NJXHX,1,0,0.0,0.34989473684210526
2320-SLKMB,0,1,0.8553586536123743,0.7544381982870549
4980-URKXC,1,0,0.0,0.3526736842105263
4376-KFVRS,2,1,0.9993023255813953,0.9878472460220318
5886-VLQVU,2,1,0.9462876851411083,0.9055045477406538
3577-AMVUX,3,0,0.3598700806418906,0.5830217164672825
0771-WLCLA,2,1,0.9923326571149754,0.9822804312670428
5628-RKIFK,2,1,0.953563920081278,0.9379729364535638
0206-TBWLC,2,1,0.9977718443806871,0.9887508430154328
2937-FTHUR,3,1,0.7626127728150065,0.7687503722838973
1910-FMXJM,3,0,0.4460673174102563,0.6815427164377867
7752-XUSCI,2,1,0.9941343345684486,0.6651905759326426
4110-PFEUZ,3,0,0.0004962267070946105,0.17590375384073256
0732-OCQOC,1,0,0.0,0.36328421052631577
5168-MSWXT,3,1,0.9818876681513116,0.9321234883131562
1090-ESELR,2,1,0.9993023255813953,0.9662472460220319
8592-PLTMQ,1,0,0.0,0.3624
5760-WRAHC,3,1,0.8823821947570426,0.8291634042186065
8847-GEOOQ,0,1,0.9250562860461957,0.8221067249447942
0256-LTHVJ,3,0,0.4136149110039262,0.3702038591384126
4785-FCIFB,1,0,0.0,0.3616421052631579
8313-NDOIA,2,1,0.9856261377389938,0.9573662445692817
5149-CUZUJ,2,1,0.8634056825172354,0.8800570098489995
0942-KOWSM,2,1,0.9773042867852315,0.8950480305035664
4237-CLSMM,1,0,0.0,0.3505263157894737
1452-VOQCH,3,0,0.0015831941339171857,0.49035959344304053
4719-UMSIY,1,0,0.0,0.34964210526315787
6614-VBEGU,3,1,0.8539969936754446,0.8170514290491253
0880-TKATG,3,1,0.9633110948904187,0.6408612800614306
3811-VBYBZ,3,1,0.9858986140494749,0.6464857614092636
1480-BKXGA,2,1,0.9988941798941798,0.9927366193260929
2996-XAUVF,0,1,0.6596209367016078,0.6650273220490641
9076-AXYIK,2,1,0.974773795009988,0.9478463601092584
5968-XQIVE,2,1,0.6254925365604325,0.7768075409399624
8896-RAZCR,1,0,0.0,0.3502736842105263
4640-UHDOS,3,0,0.43419749053506107,0.31502636463507705
4933-IKULF,1,0,0.0,0.3521684210526316
3583-EKAPL,3,1,0.7163745268758258,0.42549717917138297
1304-BCCFO,3,1,0.9272256957553204,0.8478586993547597
4104-PVRPS,3,0,0.09632431176498361,0.47394025102178294
9399-APLBT,3,0,0.059054730985584926,0.21233768186791818
2359-KMGLI,3,0,0.23850939484720005,0.29814060004414317
3780-DDGSE,2,1,0.9378850208495279,0.8672803241292848
4431-EDMIQ,3,1,0.9344139916773654,0.865007701934104
0306-JAELE,3,1,0.9818665384781319,0.6355255627596739
6227-HWPWX,3,0,0.021355329431654156,0.18285792124634587
0486-LGCCH,1,0,0.0,0.34964210526315787
0447-BEMNG,0,1,0.9441579774125668,0.49210529622818466
4612-SSVHJ,3,0,0.4815823359951514,0.6984013554506922
5168-MQQCA,2,1,0.9982423989266094,0.9734022227285386
5949-XIKAE,3,1,0.7761382710114357,0.5215289926151007
7971-HLVXI,2,1,0.7871143561141484,0.8283194266561857
9094-AZPHK,3,1,0.9675985407853416,0.940049942629926
3649-JPUGY,2,1,0.994524849750694,0.9216415188476461
4472-LVYGI,0,1,0.8607421199766566,0.7770547427275047
8372-JUXUI,3,0,0.00048213832697902595,0.18802443427816
3552-CTCYF,2,1,0.9852748323557295,0.958867827679134
6778-YSNIH,3,1,0.5934158940789359,0.6864189892105217
0388-EOPEX,3,0,0.14795766923664685,0.24714096243150085
5756-OZRIO,2,1,0.7585856989128051,0.7652448058809116
6579-JPICP,1,0,0.0,0.35153684210526315
8205-OTCHB,0,1,0.8295357365050137,0.4423406103914792
4134-BSXLX,3,0,0.26888331849658587,0.5614059589775817
0505-SPOOW,1,0,0.0,0.35002105263157895
6235-VDHOM,0,0,0.06296541544118582,0.09705985038700064
7783-YKGDV,3,1,0.9826834762469993,0.644947074709326
4374-YMUSQ,2,1,0.9886738482931403,0.9891537498435719
4513-CXYIX,2,0,0.05635350807141218,0.5264150874390912
3957-HHLMR,2,1,0.7194411436171565,0.7524922469205468
7803-XOCCZ,2,0,0.3421614507868955,0.6492014224200213
5736-YEJAX,2,1,0.9865425257685569,0.8953327997811069
5609-CEBID,3,1,0.9797795225979259,0.629638124828644
8981-FJGLA,3,0,0.20329695344719137,0.5783714129578239
7218-HKQFK,3,1,0.9747603577333291,0.6278830904617527
4636-QRJKY,3,0,0.4546331772030505,0.3852216919338518
1135-LMECX,1,0,0.0,0.35014736842105265
4332-MUOEZ,2,1,0.9693469190243333,0.9259703465571019
8535-SFUTN,2,1,0.9941360579950315,0.9665807389874863
5956-VKDTT,3,0,0.0033685064935064933,0.189178981544771
8677-HDZEE,2,1,0.988719606301132,0.9618878425204529
2475-MROZF,2,1,0.7382010485609948,0.8352804194243979
9412-GHEEC,2,1,0.9832897110337727,0.6580737791503513
3482-ABPKK,3,0,0.14051325674267173,0.4933842500654897
6705-LXORM,3,0,0.0033685064935064933,0.47831582365003417
0257-ZESQC,3,0,0.08142509858305468,0.22254898680164292
7531-GQHME,1,0,0.0,0.3506526315789474
5174-ITUMV,2,1,0.9965629402029751,0.9648988602917163
4109-CYRBD,3,0,0.024614305416419104,0.44020361690340976
0913-XWSCN,2,1,0.8209840443997436,0.8443936177598974
6825-UYPFK,3,0,0.007704945378824993,0.19407145183574048
8397-MVTAZ,2,1,0.9808188427854766,0.6450854318510327
0750-EBAIU,2,1,0.8568609882446396,0.8732707110873295
8606-CIQUL,2,1,1.0,0.9924210526315789
3571-DPYUH,2,1,0.9577918360778228,0.922358839694287
7601-GNDYK,1,0,0.0,0.3495157894736842
0356-OBMAC,2,1,0.9913586043164344,0.9489223890949949
8067-NIOYM,1,0,0.0,0.35330526315789473
1403-GYAFU,1,0,0.0,0.3506526315789474
4234-XTNEA,3,1,0.657035812551416,0.7647932723889874
1297-VQDRP,2,1,0.9963809891616892,0.9692471325067811
9282-IZGQK,3,1,0.9551615148095075,0.5968014480290662
5348-CAGXB,3,1,0.9566689782937923,0.9088991702648854
0621-HJWXJ,2,0,0.154577582445791,0.5678520856098953
5844-QVTAT,3,0,0.17074796210889254,0.5159623427382938
8905-IAZPF,2,1,0.9562096069230097,0.9241259480323618
5394-MEITZ,2,1,0.9868191973341065,0.8983487315652217
6859-QNXIQ,2,1,0.99859357696567,0.9851637465757417
2782-LFZVW,3,0,0.47800363850037897,0.6401277711896253
2866-IKBTM,1,0,0.0,0.3493894736842105
1342-JPNKI,3,1,0.8798286225216958,0.5693209226928888
2817-NTQDO,0,1,0.85241586309297,0.4560400294477144
7129-AZJDE,3,1,0.5337504429533874,0.7129528087603023
6986-IJDHX,3,1,0.7618544594661913,0.5227628364180554
2560-PPCHE,2,1,0.9951821503037024,0.9634623338056916
4676-MQUEA,2,1,0.9898451182099056,0.9533696262313307
8138-EALND,1,0,0.0,0.34989473684210526
3580-HYCSP,2,1,0.9993023255813953,0.9783735618115055
1352-HNSAW,2,1,0.99859357696567,0.991479536049426
2075-PUEPR,1,0,0.0,0.3488842105263158
1982-FEBTD,1,0,0.0,0.3646736842105263
5301-GAUUY,3,0,0.25206531450258723,0.3038155994852454
5791-KAJFD,2,1,0.830567448814934,0.8059111900522895
2654-VBVPB,1,0,0.0,0.3502736842105263
1154-HYWWO,3,1,0.8365749209189914,0.8129878631044387
2501-XWWTZ,3,0,0.011954632580628559,0.48212922145330406
3716-UVSPD,3,0,0.032931817612106534,0.4377200954658952
6815-ABQFQ,2,1,0.9882945709135197,0.9662651967864606
7343-EOBEU,1,0,0.0,0.35962105263157895
3701-SFMUH,3,1,0.8642854881221085,0.8217984057751593
6103-LIANB,2,1,0.9751008132910896,0.9414087463690675
7319-VENRZ,3,1,0.8514653976615204,0.8030282643277662
5846-NEQVZ,2,1,0.7917529672915568,0.7956906606008332
6967-QIQRV,3,1,0.9851415425669424,0.9514881959741455
5781-RFZRP,2,1,0.9650629545936834,0.8717093923637891
0939-YAPAF,2,1,0.9735741313743757,0.6426928104444871
0308-IVGOK,0,0,0.29636992986976524,0.5206111298426429
7293-LSCDV,1,0,0.0,0.3486315789473684
7025-WCBNE,3,0,0.2603584072744709,0.5547117839624199
5756-JYOJT,3,1,0.8858727122504233,0.8183069796370115
4710-FDUIZ,2,1,0.9702849586456029,0.6415034571424517
6030-REHUX,2,1,0.9965429945216202,0.978659303071806
9548-LIGTA,2,1,0.9708346193472052,0.8930917424757241
5150-LJNSR,2,1,0.9742751093436138,0.9374153068953404
8270-RKSAP,3,0,0.01235463258062856,0.4830471161901462
6522-YRBXD,2,1,0.9816316990200784,0.9315158375027683
2640-LYMOV,1,0,0.0,0.34964210526315787
1218-VKFPE,1,0,0.0,0.048
3627-FHKBK,3,0,0.04165718638163043,0.2068944535000206
2865-TCHJW,3,1,0.9603653801780936,0.6094935204922901
1423-BMPBQ,1,0,0.0,0.348
2393-DIVAI,1,0,0.0,0.3505263157894737
5192-EBGOV,3,1,0.9772881723091281,0.607420532081546
4568-KNYWR,2,1,0.6471893156672324,0.7186651999511036
8752-IMQOS,1,0,0.0,0.350778947368421
0742-LAFQK,2,1,0.9818996045258607,0.9432440523366601
0795-LAFGP,2,1,0.9746829982810888,0.9182521466808566
0619-OLYUR,2,1,0.9977670576228145,0.9818015598912311
5512-IDZEI,1,0,0.0,0.36290526315789473
0459-SPZHJ,2,1,0.9905749402579349,0.9071773445242266
0215-BQKGS,3,0,0.49947181938456775,0.7127571488064586
9244-ZVAPM,3,0,0.005992642414274747,0.41759705696570987
0719-SYFRB,3,0,0.45997424167975853,0.33973706509295604
8208-EUMTE,0,1,0.9002824144675668,0.7986813868396583
5172-MIGPM,3,1,0.8268314408971051,0.796332576358842
1710-RCXUS,2,1,0.9120356515227201,0.8930668921880354
0374-FIUCA,1,0,0.0,0.35153684210526315
5839-SUYVZ,3,0,0.09350348864624086,0.5257382375637595
5173-ZXXXL,1,0,0.0,0.3504
1096-ADRUX,2,0,0.07432304247432732,0.517308164358152
2001-MCUUW,2,1,0.9967799161428633,0.9731961769834612
2731-GJRDG,2,1,0.9925461711558549,0.973776363199184
4723-BEGSG,2,1,0.9942673413862845,0.9166121997124086
6516-NKQBO,2,1,0.9773829735617668,0.8955847683720752
8672-OAUPW,3,0,0.0664533349727894,0.4474655445154315
8207-DMRVL,2,1,0.9993023255813953,0.9891104039167686
3419-SNJJD,2,1,0.9826998069549245,0.6589746596240751
6543-CPZMK,0,0,0.05251274773899373,0.09666825699033432
4765-OXPPD,3,1,0.8093707603185681,0.48795883044321675
2804-ETQDK,1,0,0.0,0.3519157894736842
6689-VRRTK,2,1,0.9978423580689292,0.9765264169117822
7138-GIRSH,2,1,0.8771940184687657,0.8264565547559273
9396-ZSFLL,3,0,0.024437295836614824,0.4331854446504354
6464-KEXXH,0,0,0.02090858802828598,0.3721529088955249
7134-MJPDY,2,1,0.9986086609771982,0.9592750433382478
5240-CAOYT,2,0,0.3379015616974644,0.6563395720474068
4059-IIEBK,3,0,0.4689394520959057,0.6860178861015203
4881-JVQOD,0,1,0.7563181749748915,0.6898114805162724
0516-UXRMT,2,1,0.6929566691090792,0.8097300360646844
4851-BQDNX,2,1,0.7308186563100193,0.8071906204187445
5148-HKFIR,1,0,0.0,0.34976842105263156
1009-IRMNA,1,0,0.0,0.05052631578947368
3003-CMDUU,3,1,0.9530300098907375,0.921590951324716
5016-IBERQ,3,0,0.46519998177035804,0.6989220979713011
6797-UCJHZ,2,1,0.9879404504093838,0.959428811742701
2469-DTSGX,2,1,0.9998941798941798,0.9820208298524089
4554-YGZIH,2,1,0.925898914094068,0.5978543024797325
5099-BAILX,2,1,0.9928951381140818,0.6769475289298432
9931-KGHOA,3,0,0.146759392004906,0.497651125223015
1775-KWJKQ,2,1,0.969513013380372,0.9147946790363592
7665-VIGUD,1,0,0.0,0.35141052631578945
9411-TPQQV,0,1,0.8848411328373514,0.7917469794507301
7207-RMRDB,2,1,0.9839428035716419,0.6601034372181305
7954-MLBUN,2,1,0.9828659831625454,0.9443884985281761
2077-DDHJK,2,1,0.6805675577250593,0.7513428125637078
4913-EHYUI,2,1,0.988382589580279,0.6594793516215853
0195-IESCP,3,1,0.9094225828551236,0.579137454194681
9574-BOSMD,1,0,0.0,0.3641684210526316
4580-TMHJU,3,0,0.3626199149229278,0.2869005975481185
0970-ETWGE,3,1,0.9783270128923306,0.6175623841043006
4908-XAXAY,2,1,0.8845373697761824,0.8808044215946835
8404-VLQFB,1,0,0.0,0.3637894736842105
1626-ERCMM,3,1,0.9663592843679574,0.6254068716419199
0887-HJGAR,3,0,0.005992642414274747,0.11784968854465727
2391-IPLOP,2,1,0.8902011387163137,0.8320383502233677
5644-PDMZC,3,1,0.9812644089818646,0.6186110267506406
3509-GWQGF,3,0,0.010772792136017017,0.48115122211756467
9576-ANLXO,3,0,0.006793230401987777,0.17842255531868983
2024-BASKD,3,0,0.04165718638163043,0.205126032447389
5845-BZZIB,1,0,0.0,0.350778947368421
1140-UKVZG,1,0,0.0,0.36265263157894734
4160-AMJTL,1,0,0.0,0.04964210526315789
5183-SNMJQ,3,1,0.9685393064771811,0.9276683541698199
8100-PNJMH,2,1,0.9840372920112608,0.9180780746992412
7838-LAZFO,2,1,0.9755116351962895,0.8892783382890421
4464-JCOLN,1,0,0.0,0.050147368421052635
2085-JVGAD,1,0,0.0,0.35141052631578945
5650-VDUDS,0,0,0.018461213834299883,0.06864764342845679
8095-WANWK,3,0,0.02816147714843659,0.42558038033305884
3030-ZKIWL,1,0,0.0,0.3506526315789474
9565-FLVCG,2,1,0.7884464088424727,0.7910838266948839
8755-OGKNA,1,0,0.0,0.34926315789473683
2800-VEQXM,3,0,0.15082831102306063,0.5491734296723821
7538-GWHML,3,0,0.007750677210498416,0.1790581656210415
5533-RJFTJ,0,0,0.057635276191737264,0.39934884731880016
3859-CVCET,3,0,0.029286263473222912,0.12704082117876284
0214-JHPFW,0,1,0.9742870196778659,0.8357358605027254
5642-MHDQT,1,0,0.0,0.35014736842105265
3088-FVYWK,1,0,0.0,0.3645473684210526
3276-HDUEG,3,0,0.0004962267070946105,0.18979849068283783
9092-GDZKO,1,0,0.0,0.36277894736842103
0823-HSCDJ,0,1,0.9491946646788486,0.503846286924171
3729-OWRVL,2,1,0.9997602513227513,0.9786830478975215
2324-AALNO,1,0,0.0,0.3620210526315789
0822-GAVAP,0,1,0.7355720489239341,0.3818919774643105
5760-IFJOZ,3,1,0.987870019461939,0.9678637972584598
2826-UWHIS,3,0,0.2863548042949151,0.620184026981124
1448-PWKYE,3,1,0.7610548325187421,0.5065271961653917
7501-IWUNG,2,1,0.9437960348216982,0.8639605191918371
4957-TREIR,3,1,0.8668694201990098,0.8094425049217093
7251-LJBQN,2,1,0.9943934708705197,0.9598626515061026
8040-MNRTF,3,0,0.0004962267070946105,0.4798195433144168
1536-HBSWP,3,0,0.04216311455184503,0.4429284037154748
5313-FPXWG,1,0,0.0,0.3621473684210526
0067-DKWBL,3,0,0.07072604755518355,0.15271147165365237
0946-FKYTX,0,0,0.075550223989038,0.4062621948587731
5076-YVXCM,2,1,0.607833888117227,0.753828292088996
8262-COGGB,1,0,0.0,0.35166315789473684
6663-JOCQO,2,1,0.97586650920634,0.8804518668404309
9620-QJREV,1,0,0.0,0.3519157894736842
2276-YDAVZ,3,0,0.008611412220169597,0.1931708806775415
2682-KEVRP,1,0,0.0,0.3506526315789474
2480-JZOSN,1,0,0.0,0.3521684210526316
0078-XZMHT,2,1,0.9944397551793878,0.9128916915454393
5896-NPFWW,3,0,0.0924096754408717,0.16365860701845392
9978-HYCIN,2,1,0.5394431716506578,0.7303877949760527
8338-QIUNR,2,0,0.24992272760672582,0.5679690910426903
1525-LNLOJ,2,0,0.403141673113878,0.6211724587192353
9450-TRJUU,3,1,0.7697545571353039,0.8179649807488585
1766-GKNMI,3,1,0.8259299928637952,0.844856207671834
6942-LBFDP,1,0,0.0,0.3519157894736842
1456-TWCGB,3,0,0.12583984506342655,0.47475699065694954
7133-VBDCG,3,0,0.21785700867314467,0.28886911925873154
7596-ZYWBB,2,0,0.2690689076642799,0.5581959841183435
8329-UTMVM,2,1,0.9956442145070268,0.9626366331712317
3014-WJKSM,3,0,0.11826959900220624,0.5375394185482509
3347-YJZZE,2,1,0.9475230770794779,0.8813671255686333
1029-QFBEN,1,0,0.0,0.04938947368421053
7929-DMBCV,3,0,0.2908415222040711,0.6209681878289968
9661-JALZV,1,0,0.0,0.3624
5433-KYGHE,3,1,0.6749713844387544,0.7872517116702387
4312-KFRXN,1,0,0.0,0.3641684210526316
5575-TPIZQ,2,1,0.9209059880141148,0.8935834478372249
0114-IGABW,0,1,0.9776973931398892,0.8382368519927978
9944-AEXBM,3,1,0.869088649277524,0.8640144070794307
1853-ARAAQ,0,1,0.8433098810025552,0.7645239524010221
6952-OMNWB,2,0,0.09094066187478225,0.5393657384341234
4697-LUPSU,1,0,0.0,0.3510315789473684
8434-VGEQQ,1,0,0.0,0.3519157894736842
4952-YSOGZ,3,1,0.9044325984430123,0.5789098814824681
1589-AGTLK,3,0,0.021750427837068254,0.12326859218745889
5244-IRFIH,2,1,0.9824988907471485,0.6317363984041225
6549-YMFAW,1,0,0.0,0.35368421052631577
4950-HKQTE,1,0,0.0,0.3663157894736842
6786-OBWQR,3,1,0.6326273467114166,0.757303570263514
2684-EIWEO,2,1,0.6375511573621118,0.4866836208395815
2753-JMMCV,2,1,0.9214768357161082,0.8560433658653905
6439-GTPCA,2,0,0.4059648866264969,0.3828070072821777
6621-YOBKI,1,0,0.0,0.35141052631578945
1216-JWVUX,3,0,0.08005371159408421,0.5227583267428968
7564-GHCVB,2,0,0.09529752545965144,0.5378242733417553
1173-NOEYG,3,1,0.9478470792908767,0.9068862001374034
7595-EHCDL,0,1,0.821725436270926,0.7565217534557389
6647-ZEDXT,2,1,0.9847504980789319,0.9729317781789413
2521-NPUZR,2,1,0.9982670576228143,0.9544647177859678
1307-TVUFB,3,0,0.11924273325520103,0.5481602511968172
7503-MIOGA,2,1,0.9728061112855745,0.9161119181984403
4381-MHQDC,3,0,0.45345367955114163,0.6455919981362461
6923-JHPMP,3,0,0.3416859127648271,0.6399164703690887
5138-WVKYJ,3,1,0.9815012756432544,0.6415689313099333
4018-PPNDW,1,0,0.0,0.3608842105263158
1635-FJFCC,3,0,0.02931703270399214,0.42301102360791265
2499-AJYUA,2,1,0.9988941798941798,0.979473461431356
6919-ELBGL,2,1,1.0,0.9904
3966-HRMZA,3,0,0.12030945492053395,0.5377237819682136
6425-JWTDV,1,0,0.0,0.3486315789473684
8405-IGQFX,2,1,0.6722178348088563,0.7963818707656478
8224-IVVPA,3,0,0.14496426640111115,0.5012278118236023
9477-LGWQI,2,1,0.9940056599287075,0.9000864744977988
1410-RSCMR,3,1,0.9103371476970227,0.8443874906577564
3115-CZMZD,1,0,0.0,0.3511578947368421
0139-IVFJG,3,1,0.89788989546319,0.8874085897642234
6683-VLCTZ,3,1,0.9861177089946735,0.643415504650501
5730-DBDSI,1,0,0.0,0.34976842105263156
0030-FNXPP,1,0,0.0,0.35014736842105265
2189-WWOEW,3,1,0.6923713844387546,0.4939590800912913
5684-FJVYR,2,0,0.46505316694222004,0.7142738983558354
4013-GUXND,1,0,0.0,0.3525473684210526
1894-IGFSG,3,1,0.9356575531663968,0.599736705477085
7379-POKDZ,3,0,0.0037057032917304266,0.17908228131669215
1266-NZYUI,2,0,0.27816198096259986,0.5801490029113556
7969-FFOWG,1,0,0.0,0.3502736842105263
4718-DHSMV,0,1,0.6499147022119781,0.6504079861479491
5175-WLYXL,3,0,0.29638426083970343,0.6177537043358814
7817-OMJNA,1,0,0.0,0.35153684210526315
8728-SKJLR,3,0,0.05364975003578649,0.5090388473827356
3137-NYQQI,3,1,0.8108619624957514,0.7880500481561952
7706-DZNKK,1,0,0.0,0.35166315789473684
0236-HFWSV,3,1,0.9592992133450283,0.6195512642853798
3900-AQPHZ,1,0,0.0,0.05027368421052631
5842-POCOP,3,1,0.9377887863732749,0.5997049882335205
2037-XJFUP,2,1,0.9741435852946739,0.6316784867494485
8823-RLPWL,2,1,0.997054107326417,0.97835848503583
9505-SQFSW,0,1,0.7641482500736904,0.7074698263452657
7314-OXENN,3,1,0.5659544469442399,0.43353967351453804
3758-CKOQL,2,1,0.9972385110473538,0.9692111938926258
0322-CHQRU,3,0,0.017303177090881337,0.12148969188898412
5676-CFLYY,2,1,0.9439114874066494,0.8628698581205545
7521-AFHAB,3,0,0.02686302993522209,0.4239241593425099
0285-INHLN,3,0,0.12258920346484366,0.48735147085962166
4678-DVQEO,3,0,0.04930597169470217,0.15159607288840718
5125-CNDSP,0,0,0.27188405228996887,0.5113220419686191
0691-IFBQW,2,1,0.9978423580689292,0.677031680069677
4992-LTJNE,2,0,0.2610656470640774,0.5441315219835257
2202-OUTMO,3,0,0.29939668382962764,0.5734849893213247
0810-BDHAW,3,1,0.883209462691534,0.8513469429713505
0229-LFJAF,2,0,0.41604512961047196,0.6423759465810308
7131-ZQZNK,0,1,0.9624382926624397,0.8361753170649759
3442-ZHHCC,2,1,0.922239577187748,0.8631695150856256
5726-CVNYA,1,0,0.0,0.35014736842105265
9871-ELEYA,3,1,0.725722071161368,0.761194091622442
4257-GAESD,0,1,0.7921533947213858,0.7305455684148701
5173-WXOQV,3,1,0.7962596621750099,0.7806933385542145
2040-OBMLJ,3,0,0.23004691181511333,0.5984187647260453
6286-ZHAOK,1,0,0.0,0.3645473684210526
3807-XHCJH,1,0,0.0,0.3505263157894737
3009-JWMPU,2,1,0.9474229171176753,0.6233902194786491
5671-RQRLP,2,0,0.0397520074933868,0.5070165924710389
1450-GALXR,3,1,0.9767799998478214,0.6395541052022865
8859-AXJZP,1,0,0.0,0.3601263157894737
3174-AKMAS,2,1,0.6666325545104652,0.7288424954883965
3138-BKYAV,3,1,0.8299828301360611,0.5476141846860034
9926-PJHDQ,2,1,0.8639250289050683,0.8395910641936062
7382-DFJTU,3,0,0.2910227620758492,0.555861736409287
2798-NYLMZ,2,1,0.9987670576228145,0.9737384019964943
4289-DTDKW,2,1,0.9781948822400125,0.6471937423696892
1820-TQVEV,3,0,0.0013506359943823022,0.17624551755564766
2239-JALAW,2,1,0.9920728900374811,0.6576712612781503
4853-RULSV,2,1,0.9939884567181401,0.6603322247925192
8098-TDCBU,1,0,0.0,0.3637894736842105
3551-GAEGL,0,0,0.07210122069487922,0.4056404882779517
4785-NKHCX,1,0,0.0,0.3506526315789474
3196-NVXLZ,3,1,0.8386397671390158,0.84918222264508
6275-YDUVO,3,1,0.8744347009051558,0.567542301414694
0036-IHMOT,2,1,0.997818825601438,0.9611064776089964
0115-TFERT,2,1,0.9928884868368796,0.6780817105242256
4178-EGMON,2,0,0.44516563695215383,0.7003820442545458
4220-TINQT,2,1,0.9923048523552812,0.9655956251526387
5318-YKDPV,2,1,0.9760801724900736,0.8903899637328716
7975-TZMLR,2,1,0.9910802962575498,0.9568952763977567
0295-QVKPB,3,1,0.8453650275742797,0.799703905766554
4335-BSMJS,1,0,0.0,0.36517894736842105
2311-QYMUQ,3,1,0.890128527413205,0.5820303583337031
3643-AHCFP,3,1,0.9873761582767964,0.6364662527844027
9146-JRIOX,1,0,0.0,0.3645473684210526
3104-OWCGK,2,1,0.805862007789727,0.5521132241685225
5337-IIWKZ,0,1,0.7769329707330032,0.7240784514510961
9101-BWFSS,2,1,0.9976520839016452,0.6732924125080265
9650-VBUOG,1,0,0.0,0.36328421052631577
3487-EARAT,2,1,0.9800973264818863,0.8792389305927546
2672-TGEFF,2,1,0.9192197737198804,0.8920247515932154
9231-ZJYAM,3,1,0.5445119461971493,0.41700477847885964
4250-WAROZ,2,1,0.936214675457618,0.9100648175514683
8184-WMOFI,2,1,0.6971314926021583,0.7592315444092844
6982-SSHFK,3,0,0.00674799955713189,0.11486762087548433
6092-QZVPP,2,1,0.9578340973228527,0.8832178494554568
4625-LAMOB,1,0,0.0,0.35153684210526315
0727-BMPLR,2,1,0.9784849944157292,0.64402557671366
0392-BZIUW,2,1,0.9703543977625229,0.953404916999746
1038-ZAGBI,1,0,0.0,0.050021052631578945
6549-NNDYT,0,0,0.06796214672402055,0.40512170079487136
3027-ZTDHO,3,1,0.9783270128923306,0.6184465946306165
0422-OHQHQ,1,0,0.0,0.3519157894736842
6916-HIJSE,2,1,0.9965635380306975,0.9129833099491211
2316-ESMLS,0,0,0.044190730638102055,0.4014236606762934
9778-OGKQZ,2,1,0.9675885964707779,0.9194564912198901
7408-OFWXJ,2,1,0.9763370990006375,0.917397997494992
6007-TCTST,2,1,0.99859357696567,0.9919847992073207
2252-NKNSI,2,1,0.9541402129149393,0.89677187463966
8713-IGZSO,1,0,0.0,0.36277894736842103
7905-TVXTA,3,1,0.8538643650892367,0.8041141670883263
7695-PKLCZ,1,0,0.0,0.35178947368421054
2382-BCKQJ,2,1,0.9731603719473282,0.6422746750947208
8374-UULRV,2,1,0.9959200110410166,0.9157574781006173
2207-NHRJK,3,0,0.03276515094543987,0.14144290248343908
3224-DFQNQ,2,1,0.5436399228367942,0.7422980743978755
5275-PMFUT,0,1,0.9707087649699555,0.851988769145877
4795-UXVCJ,1,0,0.0,0.35002105263157895
9777-IQHWP,2,1,0.8823573829348341,0.8889008479107758
0947-MUGVO,3,0,0.10364929668851854,0.22752287657014425
9944-HKVVB,3,1,0.9675742593102601,0.6272823353030514
4124-MMETB,3,1,0.9534755666013698,0.6205060161142322
3671-SHRSP,3,0,0.33558844751257394,0.3378564316366085
0979-MOZQI,0,1,0.7432200899893908,0.69581435178523
2732-ISEZX,1,0,0.0,0.35178947368421054
3313-QKNKB,2,1,0.7426233050418587,0.5131756378062172
0323-XWWTN,1,0,0.0,0.36669473684210524
1937-OTUKY,2,1,0.9535939360020612,0.9295217849271402
1573-LGXBA,2,1,0.9907570679650968,0.9427449324491965
1764-VUUMT,1,0,0.0,0.3504
5073-WXOYN,0,1,0.9103053195995195,0.492458969945071
4713-ZBURT,2,1,0.9037775185092058,0.9133846916142088
3050-GBUSH,0,1,0.638749228091593,0.6434154807103214
0207-MDKNV,2,1,0.97910732452359,0.6571587192831202
7876-AEHIG,0,1,0.9507411105123744,0.8322543389417918
7945-HLKEA,2,0,0.44158207663726334,0.6402117780233264
9342-VNIMQ,3,0,0.1343174326506314,0.49179013095498936
9851-KIELU,2,1,0.9946457263069276,0.6760056589438237
3523-BRGUW,1,0,0.0,0.3487578947368421
3908-BLSYF,3,1,0.805852416192154,0.5342988612137037
3199-NPKCN,2,1,0.9980757322599427,0.9802829244829245
5170-PTRKA,0,0,0.09574601720675795,0.42874051214586106
4661-NJEUX,1,0,0.0,0.3506526315789474
2123-AGEEN,3,1,0.885934493326156,0.8674685341725676
1258-YMZNM,2,1,0.9952180644740939,0.9772451205264796
0048-LUMLS,2,1,0.9365406527621235,0.9050162611048493
7549-MYGPK,2,1,0.9898861698324549,0.649975520564561
5898-IGSLP,2,1,0.5589713464130969,0.7491885385652388
3804-RVTGV,2,1,0.9912233679728911,0.6588472419259985
6259-WJQLC,3,0,0.2091475249826429,0.588543220519373
9227-LUNBG,0,0,0.006615903829526121,0.06479372995286307
7997-EASSD,2,0,0.21278864801457867,0.5902523013110945
0730-KOAVE,2,1,0.8674210893060581,0.8852000146697916
8975-SKGRX,2,1,0.9987670576228145,0.9928120862070204
0678-RLHVP,2,1,0.9915819951360367,0.9632854296333622
4315-MURBD,3,1,0.9826834762469993,0.6429260220777471
2267-FPIMA,2,1,0.9624687938637411,0.9234717280718121
1051-GEJLJ,1,0,0.0,0.34926315789473683
9734-YWGEX,3,1,0.9767799998478214,0.6390488420443917
2719-BDAQO,3,1,0.9589015489470901,0.6206553564209414
5285-MVEHD,2,1,0.9954051777140205,0.9649410184540292
0379-DJQHR,2,1,0.9939574000083605,0.9030987494770284
0781-LKXBR,3,1,0.9880806736962677,0.6491270063206124
5543-QDCRY,3,1,0.5874003342963515,0.6774443442448563
0297-RBCSG,3,1,0.8568025820232298,0.8078157696513972
4694-PHWFW,1,0,0.0,0.3504
0835-JKADZ,2,1,0.9994647320414191,0.9808385243955151
1907-UBQFC,3,0,0.1196316990192364,0.23189478487085244
7508-SMHXL,3,1,0.9659751618550579,0.9112321700051811
3865-YIOTT,2,1,0.9945629402029752,0.9658672813443481
5993-BQHEA,1,0,0.0,0.3506526315789474
6024-RUGGH,1,0,0.0,0.3636631578947368
6513-EECDB,3,0,0.004915971217684803,0.18777691480286338
3956-CJUST,3,0,0.07908136731005738,0.5221167574503387
4079-WWQQQ,0,1,0.941315000359118,0.8421260001436472
6103-BOCOU,3,0,0.2874387147240752,0.6188491701001564
5149-TGWDZ,2,1,0.9901964537775751,0.9602048973005037
7471-WNSUF,1,0,0.0,0.36101052631578945
8942-DBMHZ,1,0,0.0,0.35166315789473684
4301-VVZKA,3,0,0.007777142806712151,0.49359506764900063
9199-PWQVC,2,1,0.9487161756314765,0.8808338386736432
4824-GUCBY,3,0,0.26693219728652534,0.6131728789146101
5393-HJZSM,2,1,0.9672215759861296,0.8796465251312939
7074-IEVOJ,3,1,0.5451732805204337,0.41865878589238403
9625-QSTYE,3,0,0.30489896959820895,0.32697011415507304
0862-PRCBS,2,1,0.9858278826562804,0.9564364162204069
8812-ZRHFP,3,1,0.7893375202292495,0.8341350080916998
5146-CBVOE,3,0,0.09042064697502855,0.5258945745794851
0454-OKRCT,3,0,0.1524364747669091,0.5645956425383425
5787-KXGIY,1,0,0.0,0.3487578947368421
4750-ZRXIU,3,1,0.9078530713495185,0.5768675443292811
4198-VFOEA,0,0,0.08596627689145368,0.4192707212828973
6630-UJZMY,3,1,0.8211638478411206,0.8387813286101324
5709-LVOEQ,3,1,0.9333551977738023,0.8775947106884683
6400-BWQKW,3,1,0.5521257989279862,0.4205555827290892
2692-AQCPF,2,1,0.9985757322599427,0.9723987139566086
0347-UBKUZ,1,0,0.0,0.3502736842105263
0835-DUUIQ,1,0,0.0,0.35317894736842104
0811-GSDTP,0,0,0.08239716977671144,0.4091272889633161
7567-ECMCM,3,0,0.3076080656899584,0.6247695420654571
6115-ZTBFQ,0,1,0.9544077896043248,0.8472368000522563
6353-BRMMA,2,1,0.9906301399962034,0.9592415296826919
6680-WKXRZ,3,0,0.006793230401987777,0.1906751868976372
6231-WFGFH,1,0,0.0,0.35178947368421054
9904-EHEVJ,3,1,0.970825349399401,0.9191090871281815
7028-DVOIQ,2,1,0.9644220296241732,0.6360003907970377
6169-PPETC,1,0,0.0,0.35178947368421054
4208-UFFGW,3,0,0.01576343576861933,0.11986326904428984
8584-KMVXD,3,0,0.13064688665046836,0.5432482283443978
8467-WYNSR,3,0,0.14602154407003046,0.4976086176280122
0851-DFJKB,3,0,0.42376610228457456,0.6184327567033034
5382-SOYZL,3,1,0.9563229221600192,0.9227818004429551
9448-REEVD,3,0,0.013119041924915682,0.11817393255943996
3261-CQXOL,1,0,0.0,0.3642947368421052
8388-FYNPZ,3,0,0.36566204962050003,0.5896332409008316
4002-BQWPQ,2,1,0.9721642510900077,0.8953920162254767
5651-YLPRD,3,1,0.8282275440487038,0.8488068070931658
2826-DXLQO,0,0,0.055938441217483606,0.3976595870133092
4378-BZYFP,1,0,0.0,0.35178947368421054
9489-UTFKA,3,1,0.6835687519357617,0.7272801323532521
4849-PYRLQ,2,1,0.9309972887210808,0.8574515470673798
9117-SHLZX,3,0,0.005992642414274747,0.11784968854465727
9889-TMAHG,3,1,0.9935468798594707,0.6508082256279988
4541-RMRLG,1,0,0.0,0.048631578947368415
7764-BDPEE,1,0,0.0,0.3526736842105263
3429-IFLEM,2,1,0.9891038068110192,0.8910520490401972
3158-MOERK,3,1,0.9688952781131761,0.6300844270347441
7294-TMAOP,3,1,0.9680117473076324,0.615962593659895
5002-GCQFH,2,1,0.9549294457869761,0.9190665151568957
0556-FJEGU,2,1,0.8283273439442379,0.8084256744198004
8919-FYFQZ,0,0,0.06487657656995519,0.1026243148385084
0604-THJFP,2,1,0.944671492697156,0.8697422812893887
2834-JRTUA,2,1,0.9992321739018841,0.6726612906133852
5875-YPQFJ,3,0,0.0013506359943823022,0.17712972808196348
5879-SESNB,3,0,0.009876792798909162,0.49405598027745834
6646-QVXLR,2,1,0.983589356482002,0.6555410057506955
6461-PPAXN,3,0,0.15300124509876556,0.5000215506710852
3318-ISQFQ,1,0,0.0,0.34926315789473683
1106-HRLKZ,1,0,0.0,0.3495157894736842
2483-XSSMZ,3,0,0.06635937187197252,0.4474279592751048
8603-IJWDN,3,1,0.9710440048620186,0.6071965493132285
8165-ZJRNM,1,0,0.0,0.36
9369-XFEHK,3,0,0.2788026722263603,0.31514212152212306
2604-XVDAM,3,0,0.03423729583661483,0.42434754991359325
3717-OFRTN,1,0,0.0,0.34989473684210526
9046-JBFWA,1,0,0.0,0.348378947368421
3280-NMUVX,1,0,0.0,0.3495157894736842
1206-EHBDD,2,0,0.13535312498106003,0.5570044078871608
8361-LBRDI,1,0,0.0,0.3615157894736842
4883-KCPZJ,1,0,0.01,0.3677894736842105
9108-EQPNQ,1,0,0.0,0.3659368421052631
7277-KAMWT,1,0,0.0,0.3505263157894737
3842-IYKUE,3,1,0.5901373523158772,0.4515496777684561
6641-XRPSU,3,0,0.020494580032814524,0.1850399372762837
1374-DMZUI,3,1,0.9859733493638002,0.6326209186928885
2545-LXYVJ,1,0,0.0,0.35229473684210527
3234-VKACU,3,1,0.9199914457975334,0.8455965783190134
8357-EQXFO,3,1,0.9824919914045406,0.633881007088132
1989-PRJHP,3,0,0.008590328082957814,0.1941729733384463
8120-JDCAM,3,0,0.0034975096036980293,0.4771042669993739
8917-FAEMR,1,0,0.0,0.35014736842105265
7047-YXDMZ,1,0,0.0,0.3505263157894737
2858-EIMXH,2,1,0.9563454100064166,0.9246855324236194
9524-EGPJC,3,1,0.9451186802423819,0.6056685247285317
6993-OHLXR,3,0,0.012847082997693677,0.179328306883288
8818-XYFCQ,2,1,0.9754444349321442,0.641672510814963
6419-ZTTLE,1,0,0.0,0.3524210526315789
0929-HYQEW,3,0,0.12988218513076666,0.4786476108944119
6614-YOLAC,0,1,0.9687010400348507,0.8356488370665718
7426-RHZGU,3,1,0.9809503264407222,0.9346538147868153
4065-JJAVA,3,0,0.04216311455184503,0.44191787739968535
4695-VADHF,3,0,0.49997153173422215,0.345125454798952
3863-IUBJR,3,0,0.15463392928831926,0.19739041382059086
7649-SIJJF,2,1,0.9921231972421403,0.8992071736336982
9361-YNQWJ,1,0,0.0,0.3616421052631579
3748-FVMZZ,0,1,0.7357378127106573,0.695474072452684
9391-TTOYH,1,0,0.0,0.34926315789473683
1452-XRSJV,3,0,0.09745546887245814,0.4679506086016148
3422-WJOYD,3,0,0.11017670160134674,0.4813759437984334
8242-SOQUO,3,1,0.8626939624218936,0.8590565323371786
7460-ITWWP,2,0,0.4219836402628014,0.6863092455788047
7147-AYBAA,3,0,0.03327262370750077,0.49103536527247393
7868-TMWMZ,2,1,0.9784929451107642,0.969291914886411
4822-RVYBB,3,1,0.9902089782748676,0.6502309597309996
6732-FZUGP,2,1,0.9576182430447614,0.9227946656389572
8436-BJUMM,3,1,0.854999227621952,0.5535786384172019
4184-TJFAN,3,1,0.883229403138771,0.5763654454660347
8329-GWVPJ,3,0,0.01556200527755886,0.482435328426813
1352-VHKAJ,3,1,0.8593250732315565,0.8246142398189384
4145-UQXUQ,3,1,0.9596575293092998,0.6165366959342462
2632-TACXW,1,0,0.0,0.3597473684210526
8146-QQKZH,2,1,0.9925192808745322,0.903786659718234
1767-CJKBA,1,0,0.0,0.36341052631578946
6445-TNRXS,2,1,0.9988080366496064,0.9892916357124741
4581-LNWUM,0,1,0.8609052830820788,0.7685305342854631
4869-EPIUS,2,1,0.5546890744043652,0.7262545771301672
9948-YPTDG,3,0,0.1773472158436498,0.2716546758111441
1236-WFCDV,3,1,0.9690308442709569,0.6161176008662775
1915-OAKWD,1,0,0.0,0.3487578947368421
7296-PIXQY,3,0,0.01262237029164552,0.4823963165377108
4883-QICIH,3,0,0.02984379945921592,0.18814804609947583
3354-OADJP,3,0,0.23343592222222628,0.5304270004678379
3524-WQDSG,2,1,0.966470574228888,0.937451387586292
0810-DHDBD,2,1,0.9784534540778581,0.8783287500521959
4026-SKKHW,3,0,0.10961293753671589,0.47079254343573895
2829-HYVZP,1,0,0.0,0.35002105263157895
8329-IBCTI,1,0,0.0,0.04964210526315789
1271-SJBGZ,0,1,0.9263248080012566,0.48080360741102895
3845-JHAMY,0,1,0.5734520121524977,0.619065015387315
7013-PSXHK,2,1,0.9742290204220001,0.8936916081688
5669-SRAIP,0,1,0.766780626869303,0.4065017244319318
5981-ITEMU,2,1,0.9626197156216857,0.6303531494065691
3486-NPGST,1,0,0.0,0.3493894736842105
6941-PMGEP,3,1,0.5891030251086192,0.4377464732013424
1624-WOIWJ,3,1,0.7869997663140651,0.5287788538940471
2074-GKOWZ,3,1,0.9750607424528073,0.6162558759284913
0376-YMCJC,3,1,0.9236652659672182,0.5983503169132031
6100-FJZDG,1,0,0.0,0.3506526315789474
4829-ZLJTK,2,1,0.9988941798941798,0.9835155666945141
1730-VFMWO,3,0,0.07981777398358159,0.4587481622250116
7143-BQIBA,3,1,0.7213914079418136,0.7458197210714623
3800-LYTRK,3,0,0.1937022479731235,0.5181966886629337
0634-SZPQA,3,1,0.9539434083877582,0.6090721001972086
9646-NMHXE,1,0,0.0,0.34964210526315787
7030-NJVDP,3,1,0.8745683198952718,0.8753010121686351
5536-RTPWK,2,1,0.9785315999443357,0.6416442189251027
8883-GRDWQ,3,0,0.21178686654959542,0.5211357992514172
6166-ILMNY,3,0,0.00579991963474084,0.1785304941696858
3097-NNSPB,3,0,0.08136350906007507,0.15646119309771422
7771-ZONAT,0,1,0.8274070669561021,0.7743312478350723
0655-RBDUG,3,1,0.9858986140494749,0.6420647087776847
2111-DWYHN,1,0,0.0,0.35330526315789473
4194-WHFCB,2,1,0.9683768236065332,0.9315191504952449
4121-AGSIN,1,0,0.0,0.36189473684210527
4361-BKAXE,2,1,0.9899412257266275,0.6852396481853879
9845-PEEKO,2,0,0.06806250907646265,0.5273092141569008
0455-XFASS,3,0,0.0033014311723254803,0.4770258356268249
0301-KOBTQ,1,0,0.0,0.3506526315789474
1751-NCDLI,2,1,0.985183651585989,0.9437997764238693
4367-NUYAO,1,0,0.0,0.36505263157894735
9878-TNQGW,3,1,0.6968857353961014,0.4832595573163353
9170-ARBTB,1,0,0.0,0.3495157894736842
4441-NIHPT,3,0,0.091593320310787,0.2243425912822095
8999-BOHSE,3,1,0.9775998419309687,0.617650463088177
7241-AJHFS,3,1,0.598296491447273,0.7607501755262777
7029-RPUAV,3,1,0.9835301010610936,0.6471804614770691
4546-FOKWR,3,0,0.010960536641273695,0.49322631991966737
9036-CSKBW,2,1,0.9958025900883718,0.9697736676142961
5832-TRLPB,3,1,0.9223486529036049,0.8592973558982842
8590-YFFQO,2,0,0.37677716698542746,0.6147950773204868
8659-IOOPU,2,1,0.9856496949419086,0.9480282990293951
1338-CECEE,2,1,0.8929213748258986,0.8302211815093068
7439-DKZTW,3,1,0.7829354499570147,0.816668916824911
4646-QZXTF,3,1,0.951992015022243,0.886059963903634
4607-CHPCA,3,1,0.9566387984061548,0.611034466730883
9742-XOKTS,2,0,0.4580278098708084,0.7094427028956918
6921-OZMFH,3,0,0.36079909916159464,0.5850354291383221
9578-FOMUK,1,0,0.0,0.36265263157894734
4712-UYOOI,1,0,0.0,0.3505263157894737
8824-RWFXJ,3,0,0.2429539634934881,0.2390342169763426
7722-CVFXN,2,1,0.9884310540891222,0.9611408426882806
8717-VCTXJ,1,0,0.0,0.3493894736842105
7363-QTBIW,3,1,0.5459480089264105,0.7198528877810906
4159-NAAIX,2,1,0.959974401284771,0.930179234198119
0971-QIFJK,1,0,0.0,0.36126315789473684
9397-TZSHA,1,0,0.0,0.3621473684210526
3391-JSQEW,3,0,0.08487326926619826,0.46064404454858454
0343-QLUZP,0,0,0.2500108622296459,0.5000464501550163
9763-PDTKK,3,1,0.9707684701101278,0.6267915985703669
2176-LVPNX,2,1,0.9872950110410166,0.9219074781006171
7627-JKIAZ,3,0,0.21867408055128068,0.2869222637994596
3312-UUMZW,2,1,0.9660133241942552,0.9361316454671758
1271-UODNO,3,0,0.03981174888389854,0.45196680481671725
8461-EFQYM,1,0,0.0,0.36126315789473684
6900-RBKER,2,1,0.8959585614890275,0.8843623719640321
6891-JPYFF,2,1,0.9921432699861994,0.9627520448365849
1459-QNFQT,0,1,0.9373071927818997,0.8252386665864442
1047-NNCBF,3,0,0.021851500352893995,0.48697217908852597
3696-XRIEN,2,1,0.9874686784224487,0.9034085240005585
4081-DYXAV,0,1,0.7936266999076217,0.43075594312094345
0074-HDKDG,3,0,0.2794895592653984,0.5674168763377383
8791-GFXLZ,3,0,0.08436201045919191,0.45766059365736095
8111-SLLHI,2,1,0.9890778168526618,0.6625363898989596
0927-LCSMG,3,0,0.1547929708076631,0.2505066620072758
9330-DHBFL,3,1,0.5383670912276206,0.6827152575436798
0098-BOWSO,1,0,0.0,0.34901052631578944
3452-ABWRL,2,1,0.8437263555752869,0.8548800159143253
5859-HZYLF,1,0,0.0,0.348378947368421
8257-RZAHR,3,1,0.7974856977933861,0.48244691069630186
5293-WXJAK,3,1,0.9826306766166744,0.6559154285414066
3156-QLHBO,1,0,0.0,0.3486315789473684
2208-NQBCT,3,0,0.2758384472938984,0.6173669578649278
1779-PWPMG,2,1,0.9988941798941798,0.9891997772208299
6621-NRZAK,1,0,0.0,0.3505263157894737
0831-JNISG,1,0,0.0,0.35002105263157895
0774-IFUVM,3,1,0.7580902411659405,0.7678255701505867
3082-WQRVY,1,0,0.0,0.34964210526315787
9553-DLCLU,2,1,0.9645759017659675,0.9105461501800713
1641-BYBTK,1,0,0.0,0.3510315789473684
2460-NGXBJ,3,0,0.015353373547187943,0.4961202967872962
2446-ZKVAF,3,0,0.41226559782016303,0.6084009759701705
0841-NULXI,0,1,0.8200678152472893,0.4178376524147052
3522-CDKHF,3,0,0.10959957129330417,0.5345766706225848
1430-SFQSA,0,0,0.1552701594828961,0.4520449058984216
0411-EZJZE,3,1,0.6569365226335312,0.7149851353692019
7851-WZEKY,3,1,0.9696175003353982,0.6282259475025803
8844-TONUD,3,1,0.9688298270992575,0.6317003518923345
8807-ARQET,0,1,0.7224535737587392,0.6909182716087588
8992-CEUEN,1,0,0.0,0.34762105263157894
4320-QMLLA,3,1,0.5090475067003869,0.6421874237327863
8777-PVYGU,2,1,0.6983920186465162,0.7417989127217643
8292-ITGYJ,1,0,0.0,0.3622736842105263
6870-ZWMNX,2,1,0.9650629545936834,0.8782778134164206
0621-CXBKL,1,0,0.0,0.3472421052631579
5268-DSMNQ,2,1,0.9760721805200215,0.9378815037869561
5334-JLAXU,2,1,0.9403613362744714,0.9138708502992623
4086-YQSNZ,3,1,0.5813348615315163,0.4356497340862907
6242-MBHPK,3,1,0.9810312161206854,0.9326651180272216
5868-CZJDR,0,0,0.06721526347462761,0.10608610538985105
9359-UGBTK,2,1,0.9444409831540708,0.8605553406300495
0135-NMXAP,3,1,0.9465761662799568,0.6053673086172459
4782-OSFXZ,2,1,0.9935727888187942,0.9063554313169915
6479-OAUSD,1,0,0.0,0.3502736842105263
7129-ACFOG,3,0,0.16336433703610032,0.5012615242881243
4189-NAKJS,3,0,0.03208006052698473,0.4430636031581623
5562-BETPV,1,0,0.0,0.34964210526315787
1282-IHQAC,0,1,0.8884521677648094,0.7666650776322395
9127-FHJBZ,2,1,0.9993023255813953,0.9877209302325582
6270-OMFIW,2,1,0.9702314873418338,0.6265768054630493
1641-RQDAY,2,1,0.9873155886254935,0.9485683407133554
0107-WESLM,1,0,0.0,0.050147368421052635
6994-ORCWG,3,0,0.06246830280475765,0.4620399527008504
1346-UFHAX,3,0,0.36641527205715596,0.6486713719807571
3992-YWPKO,3,1,0.9863054195990603,0.672164273102782
2933-XEUJM,2,1,0.9811829234234455,0.8925573798956941
0125-LZQXK,3,1,0.9847166739150803,0.64992877482919
5461-QKNTN,2,1,0.9592776409099641,0.921942635311354
4835-YSJMR,3,0,0.024340058893329845,0.43554654987312136
8399-YNDCH,3,1,0.625031924383965,0.4017180329114808
3164-YAXFY,0,1,0.8865331511045611,0.7904027341260349
0887-WBJVH,2,1,0.9503103588467698,0.9162083540650237
4660-IRIBM,3,1,0.816598460463282,0.8487025420800496
5673-FSSMF,3,1,0.7111385933756584,0.43641333208710553
7670-ZBPOQ,2,0,0.332828355051414,0.5873629209679341
8089-UZWLX,2,1,0.9689647937784529,0.9504490754061179
0080-OROZO,2,1,0.9863744303759185,0.9452866142556307
3916-NRPAP,3,1,0.887253394603003,0.871406620999096
6807-SIWJI,2,1,0.982380353816522,0.9578363520529247
8221-HVAYI,2,1,0.5707683593239559,0.7030020805716877
1579-KLYDT,3,1,0.9734318530587849,0.6178780043814087
5232-NXPAY,2,1,0.9761139368544589,0.8785297852680993
8967-SZQAS,3,0,0.06745862998511808,0.4544360835729946
4468-KAZHE,3,1,0.6235818554191495,0.7010116895360808
0455-ENTCR,2,1,0.9909574635657654,0.9117514064789378
8944-AILEF,1,0,0.0,0.34913684210526313
5542-NKVRU,1,0,0.0,0.3524210526315789
7126-RBHSD,3,0,0.3203804696752974,0.6274785036595927
5370-IIVVL,2,1,0.9818397303008762,0.9567358921203506
6789-HJBWG,3,0,0.0769335431746539,0.45557341726986156
3927-NLNRY,2,1,0.9655465872529233,0.6243238980590641
9087-EYCPR,1,0,0.0,0.36315789473684207
6791-YBNAK,0,0,0.019801205357751997,0.37246785056415344
6358-LYNGM,3,0,0.0015831941339171857,0.1898543302851458
6077-BDPXA,3,0,0.006793230401987777,0.47993834479237407
0013-MHZWF,3,1,0.8982057892639698,0.8346086314950616
5494-HECPR,3,1,0.736796918348329,0.49745560944459477
8268-YDIXR,2,1,0.7505166480319992,0.8355329750022733
9824-BEMCV,3,0,0.018655999268881448,0.18177818918123678
1373-ORVIZ,3,1,0.7776253179559192,0.4786711798139466
4291-SHSBH,3,0,0.017206990663010003,0.4825880594230987
6980-IMXXE,1,0,0.0,0.3510315789473684
9866-QEVEE,3,1,0.8665401258819085,0.5638792082475003
9897-KXHCM,3,1,0.6554312743649636,0.46503566764072224
0040-HALCW,1,0,0.0,0.35153684210526315
0784-GTUUK,1,0,0.0,0.36
7979-CORPM,3,1,0.9437899865442196,0.60627388935453
2294-DMMUS,2,1,0.7939310187504097,0.7955513548685849
0872-JCPIB,3,1,0.8013460043626546,0.7866436649029567
3055-MJDSB,0,0,0.02278358802828598,0.371260803632367
9091-WTUUY,2,1,0.7475307795491077,0.7739596802406957
1618-CFHME,3,0,0.00579991963474084,0.194067336274949
3165-HDOEW,3,0,0.006352860337661852,0.11837272308243316
6581-NQCBA,0,1,0.8681139841881788,0.47343506735948204
7115-IRDHS,1,0,0.0,0.3622736842105263
8496-DMZUK,2,1,0.6201099844505147,0.776422941148627
2040-VZIKE,2,1,0.9759601686546673,0.9451630148302881
9068-VPWQQ,2,1,0.9308538077287157,0.8626994178283285
0178-SZBHO,2,1,0.6118332306123082,0.7650280290870286
0384-RVBPI,3,1,0.7900631459740579,0.7787199952317285
1689-MRZQR,3,0,0.46905919956528613,0.38543420614190393
1299-AURJA,1,0,0.0,0.3624
4525-VZCZG,2,1,0.9965615196769042,0.9660351341865512
1543-LLLFT,2,1,0.9878404148382625,0.9434730080405682
5835-BEQEU,3,0,0.014538786611382146,0.20021551464455284
2788-CJQAQ,1,0,0.0,0.34913684210526313
5565-FILXA,3,1,0.9756394039324399,0.6331610247308708
0319-QZTCO,3,1,0.5542082812001411,0.6699780493221617
2120-SMPEX,1,0,0.0,0.3509052631578947
0096-FCPUF,3,1,0.742148230083331,0.7598066604543849
0668-OGMHD,0,0,0.07208588261453813,0.4008343530458153
5552-ZNFSJ,3,0,0.006305142414274747,0.11696416222886778
2223-KAGMX,1,0,0.0,0.04901052631578947
6507-ZJSUR,3,1,0.9668776117261764,0.9152563078483653
9408-HRXRK,2,1,0.990838325807571,0.9619774355861863
5593-SUAOO,3,1,0.636857412351577,0.7648061228353676
7321-PKUYW,3,1,0.9589369584192464,0.6113221517887513
2833-SLKDQ,3,0,0.00674799955713189,0.11650972613864223
6766-HFKLA,2,1,0.9900471924928828,0.9567346664708374
7595-EUIVN,3,0,0.043085757810201845,0.20872903996618597
7617-EYGLW,1,0,0.0,0.34913684210526313
2026-TGDHM,3,1,0.5139426971934236,0.40591392098263257
9220-ZNKJI,2,1,0.8364024301244928,0.8588978141550603
4030-VPZBD,0,0,0.0966911114731118,0.11673960248398155
2226-ICFDO,2,1,0.9948837597042748,0.9149640301974995
0723-VSOBE,0,1,0.7065010435190565,0.6690004174076225
5529-GIBVH,1,0,0.0,0.3509052631578947
4187-CINZD,2,1,0.9832665539190105,0.6339382005149726
9992-UJOEL,3,0,0.09390398793782292,0.46463527938565546
4741-WWJQZ,3,0,0.31782692789067096,0.6296149816825842
6625-UTXEW,3,0,0.10167941252655949,0.4701454492211501
6818-WOBHJ,2,1,0.8766359789702111,0.5770122863249265
6244-BESBM,2,1,0.9348781380246635,0.9144565183677602
1004-NOZNR,2,1,0.9155649612746166,0.905720721351952
1251-STYSZ,3,0,0.4837567995851498,0.6962395619393231
2612-PHGOX,2,1,0.9470223522425074,0.8710615724759503
2408-TZMJL,2,1,0.990874490499467,0.6746234804103131
8480-PPONV,2,1,0.9988080366496064,0.9914390041335268
8780-IHCRN,1,0,0.0,0.3622736842105263
4598-ZADCK,0,1,0.9576076877609668,0.8184536014201762
1257-SXUXQ,1,0,0.0,0.34913684210526313
9681-KYGYB,2,1,0.639405903429054,0.7785834140032006
7182-OVLBJ,2,1,0.97827391683427,0.9468464088389712
5095-ETBRJ,2,0,0.21809994296858354,0.5307347140295386
7005-CYUIL,2,1,0.9998941798941798,0.9510734614313561
4821-WQOYN,1,0,0.0,0.350778947368421
4730-AWNAU,0,1,0.9568888133288646,0.8361028937525985
3452-FLHYD,1,0,0.0,0.35292631578947364
2388-LAESQ,2,1,0.9988941798941798,0.9897050403787246
9531-NSBMR,1,0,0.0,0.3486315789473684
6260-ONULR,3,1,0.5611339379770337,0.6831062067697609
4389-UEFCZ,2,1,0.9703543977625229,0.9546680748944829
8711-LOBKY,1,0,0.0,0.35014736842105265
9134-CEQMF,3,1,0.986890443991082,0.6208614407543275
8985-OOPOS,3,1,0.940434240831487,0.8633736963325949
8800-ZKRFW,2,1,0.986093011035434,0.9660161517825947
2616-FLVQC,1,0,0.0,0.3493894736842105
9968-FFVVH,2,1,0.6673595278292183,0.7407543374474768
3108-PCCGG,2,1,0.9873505665965722,0.9082875950596816
7993-PYKOF,3,0,0.14658727196596918,0.24810859299691396
8390-FESFV,2,1,0.9962143527962446,0.9119594253290242
3022-BEXHZ,2,1,0.9988080366496064,0.9804495304493164
5027-XWQHA,3,0,0.0269236721853126,0.12382210045307239
6248-TKCQV,2,1,0.9636163261694349,0.8890675830993529
6729-GDNGC,3,0,0.42498479876124257,0.6738676037150233
6198-ZFIOJ,3,0,0.006793230401987777,0.4937067658450056
5989-OMNJE,0,1,0.9386871116498885,0.8209906341336397
4566-QVRRW,3,0,0.029696632673949286,0.1231628635958955
1291-CUOCY,2,1,0.9977670576228145,0.9785173493649153
9795-SHUHB,2,0,0.17406085426365261,0.5166559206528294
3230-IUALN,2,1,0.9895319964137758,0.9004443775128788
0042-RLHYP,1,0,0.0,0.34976842105263156
8519-IMDHU,3,1,0.9318049100385926,0.5889745955943844
4945-RVMTE,3,0,0.27834285672728426,0.5617792479540715
0201-OAMXR,2,1,0.9985757322599427,0.6913460823776613
1866-NXPSP,2,1,0.9835387051064944,0.8842786399373346
3372-KWFBM,3,1,0.8978318429162582,0.5779116845349244
7831-QGOXH,3,1,0.8873491123221084,0.5701817501920012
6393-WRYZE,2,1,0.9776555857846442,0.637756971155963
3941-XTSKM,0,1,0.8891820278541215,0.7696096532469118
1661-CZBAU,2,1,0.9051771143881372,0.8413129510184127
6599-RCLCJ,2,1,0.9942828706749576,0.6744710430068251
9831-BPFRI,2,1,0.6210286454609878,0.47464303713176353
5158-RIVOP,1,0,0.0,0.3528
9788-YTFGE,1,0,0.0,0.3504
9277-JOOMO,1,0,0.0,0.3621473684210526
1907-YLNYW,3,1,0.8425281290264334,0.8055165147684682
1725-MIMXW,1,0,0.0,0.04913684210526315
8947-YRTDV,2,1,0.9090689583618982,0.9031223201868646
3161-ONRWK,2,0,0.4891744257277672,0.662027665027949
0114-RSRRW,1,0,0.0,0.3504
4565-NLZBV,1,0,0.0,0.3622736842105263
0031-PVLZI,1,0,0.0,0.051410526315789476
7206-GZCDC,3,0,0.0012949579643033765,0.17546535160677398
6682-VCIXC,0,1,0.9387722347311491,0.804982578102986
4791-QRGMF,2,1,0.9750908286057214,0.6414047524949201
6475-VHUIZ,3,0,0.11994038365259975,0.48502878503998725
3910-MRQOY,1,0,0.0,0.34901052631578944
0661-WCQNQ,3,0,0.19805720021348072,0.521328143243287
7537-RBWEA,0,0,0.006615903829526121,0.3661832036370736
4656-CAURT,1,0,0.0,0.3605052631578947
0121-SNYRK,0,0,0.06914296121795077,0.4170887634345487
1768-ZAIFU,0,0,0.006615903829526121,0.06630951942654728
4671-LXRDQ,3,0,0.018679367567071815,0.12115595755314451
3733-LSYCE,3,0,0.12445551671146222,0.540140101421427
6265-FRMTQ,1,0,0.0,0.35153684210526315
1934-SJVJK,1,0,0.0,0.05090526315789473
3838-OZURD,2,1,0.9937393012894506,0.6627588784105172
1371-DWPAZ,0,1,0.9264476400428991,0.8121790560171596
9269-CQOOL,3,1,0.5478657566871898,0.3573357763590865
2017-CCBLH,1,0,0.0,0.3505263157894737
7690-KPNCU,2,1,0.9193512488442249,0.8522878679587427
0536-BGFMZ,1,0,0.0,0.35178947368421054
2293-IJWPS,2,1,0.9837761835777599,0.9480367892205777
2845-HSJCY,3,1,0.8264495426181265,0.5510008696788296
5469-NUJUR,1,0,0.0,0.3504
1184-PJVDB,3,0,0.4578992769845631,0.38513865816224635
2625-TRCZQ,0,1,0.9465279338587337,0.804042752490862
4102-HLENU,2,0,0.3882191168197317,0.62114027830684
7266-GSSJX,1,0,0.0,0.35166315789473684
7722-VJRQD,0,1,0.938004611250089,0.8291807918684566
7073-QETQY,1,0,0.0,0.35141052631578945
9415-DPEWS,3,1,0.9267506574576924,0.593900262983077
5624-RYAMH,1,0,0.0,0.34926315789473683
0196-JTUQI,3,0,0.01130536422748059,0.49450109305941325
7130-YXBRO,2,1,0.9942828706749576,0.9792710430068252
9272-LSVYH,3,0,0.01235463258062856,0.48216290566383035
7943-RQCHR,3,1,0.9702454990134056,0.6274666206579939
3793-MMFUH,3,1,0.9768417615710908,0.63086302041791
3249-ZPQRG,3,0,0.4610988892781622,0.38262902939547544
2568-BRGYX,3,0,0.00839843573418916,0.18070674271472828
3084-DOWLE,2,1,0.9895187858449299,0.9282285669695509
1084-MNSMJ,2,1,0.9743601911473241,0.9057440764589297
7721-JXEAW,0,1,0.8742087360898005,0.453388757593815
7249-WBIYX,3,1,0.9117302751628159,0.5809447416440737
4238-HFHSN,2,0,0.18808700577511556,0.5827716444153095
6250-CGGUN,2,0,0.3071221714468107,0.6360699212103031
5478-JJVZK,3,0,0.322153996061353,0.5827142300034885
7596-IIWYC,1,0,0.0,0.3511578947368421
6567-HOOPW,3,1,0.7402584401434149,0.4961875865836818
9793-WECQC,3,1,0.9648948675307878,0.9267158417491572
4291-HPAXL,1,0,0.0,0.35014736842105265
8999-YPYBV,2,1,0.9854443502049345,0.907272476924079
1839-FBNFR,1,0,0.0,0.35014736842105265
3164-AALRN,3,1,0.9372220009420492,0.5517309056399776
3071-MVJCD,2,1,0.9948164707395183,0.9058423777694915
1697-BCSHV,2,1,0.5986531568625705,0.7082191574818704
0562-KBDVM,0,0,0.36787474903925516,0.5598235838262284
1131-SUEKT,2,1,0.9941219484251386,0.9463645688437397
3717-OEAUQ,3,0,0.006654328922028532,0.48127225788460093
4538-WNTMJ,1,0,0.0,0.3630315789473684
3334-CTHOL,3,0,0.006597606163526717,0.12882851614962124
4704-ERYFC,3,0,0.00654974896416904,0.17756726800672024
9432-RUVSL,2,1,0.9954484259661983,0.957126738807532
8060-HIWJJ,2,1,0.9966784805594331,0.9173240238027205
7684-XSZIY,1,0,0.0,0.3613894736842105
9089-UOWJG,3,1,0.5057600468671692,0.6497145450626571
8621-MNIHH,2,1,0.9641161703593893,0.6237517313016505
8039-ACLPL,2,1,0.696983531141862,0.7524776229830605
9885-AIBVB,3,1,0.6466926665735049,0.7754349613662441
1934-MKPXS,1,0,0.0,0.350778947368421
2592-YKDIF,1,0,0.0,0.35141052631578945
2272-JKMSI,2,1,0.9911567142008318,0.976378475154017
0471-LVHGK,2,1,0.9187955921422554,0.5519392894884811
9518-RWHZL,2,1,0.9671723507804075,0.6396268350490051
8714-CTZJW,3,1,0.7205678734941263,0.7975324125555452
3569-EDBPQ,3,0,0.4910697769974097,0.7095226476410692
3131-NWVFJ,1,0,0.0,0.3493894736842105
7521-YXVZY,1,0,0.0,0.3504
5419-CONWX,3,1,0.9901880395977638,0.6482015316285792
6240-EURKS,0,1,0.6037642264824199,0.3299267432245469
2373-NTKOD,3,1,0.8090541156255974,0.7909900673028705
1970-KKFWL,1,0,0.0,0.35886315789473683
6960-HVYXR,3,0,0.0019247981356660386,0.19276991925426643
9337-SRRNI,1,0,0.0,0.3639157894736842
0895-UADGO,0,1,0.7690482512630358,0.7201666689262669
5678-VFNEQ,2,1,0.9793591382438004,0.9547331289817307
5977-CKHON,2,1,0.9318557821810992,0.9065528391882292
7024-OHCCK,3,1,0.9819872697736909,0.6298896447515816
2692-BUCFV,2,1,0.9927269837366639,0.9533855303367709
7861-UVUFT,3,1,0.7608130503736662,0.5172936412020981
1830-GGFNM,2,1,0.5896536964665083,0.7747246364813402
5302-BDJNT,2,1,0.976301921527705,0.931783926505819
5223-UZAVK,2,1,0.9959533560514572,0.9517708161047933
4859-ZSRDZ,0,1,0.9231665573526388,0.8094771492568449
5651-WYIPH,3,0,0.0666357157031945,0.4525911283865409
9350-VLHMB,2,1,0.8103506431185262,0.850371836194779
3498-LZGQZ,1,0,0.0,0.348378947368421
8785-CJSHH,2,1,0.9788312752541796,0.9436588258911456
5357-TZHPP,3,1,0.9057953858466358,0.5755392069702333
3870-SPZSI,2,1,0.9988261351052049,0.985130454042082
0680-DFNNY,3,1,0.9663004831424342,0.6419307195727633
7560-QRBXH,1,0,0.0,0.3504
7077-XJMET,3,1,0.9320818113225253,0.8601590403184838
8752-GHJFU,2,0,0.3951723086955885,0.6904899761098144
6896-SRVYQ,3,0,0.042274806548744444,0.5034783436721293
7767-UXAGJ,3,0,0.005992642414274747,0.12984968854465728
4652-ODEVH,1,0,0.0,0.3617684210526316
6510-UPNKS,1,0,0.0,0.36265263157894734
6718-BDGHG,3,1,0.681479114446444,0.736423224725946
9046-DQMTP,1,0,0.0,0.3524210526315789
6439-LAJXL,3,1,0.922222482264516,0.8430784665900168
1571-SAVHK,3,1,0.9754211103449958,0.642673707295893
9052-VKDUW,2,1,0.9986823584948584,0.9758518907663645
9546-CQJSU,3,1,0.968516971234869,0.6183120516518423
1666-JZPZT,3,0,0.012580161159033432,0.42882153814782387
5777-KJIRB,3,0,0.042686424216602174,0.4440219381076935
0506-LVNGN,3,0,0.10942723647269428,0.23463405248381453
7677-SJJJK,1,0,0.0,0.3502736842105263
2480-EJWYP,2,1,0.958291921371179,0.9303904527589979
3253-HKOKL,2,1,0.9951370861548463,0.951444308146149
7055-HNEOJ,3,0,0.2985268056277124,0.5603791433037165
5514-YQENT,2,1,0.994286019231723,0.9785144076926893
3211-AAPKX,3,1,0.9711351964092723,0.9374224996163405
8445-DNBAE,3,0,0.004095549294168133,0.42808032498082516
2951-QOQTK,3,1,0.5198087682916233,0.41204982310612304
2958-NHPPS,1,0,0.0,0.3526736842105263
6806-YDEUL,1,0,0.0,0.34926315789473683
1735-XMJVH,1,0,0.0,0.3488842105263158
6890-PFRQX,3,1,0.9091199125183966,0.8392269123757796
0222-CNVPT,0,1,0.9491946646788486,0.8029620763978553
5899-OUVKV,2,1,0.9483860606327669,0.91809126635837
8681-ICONS,1,0,0.0,0.3521684210526316
1621-YNCJH,2,1,0.9965047036206701,0.9665176709219523
3473-XIIIT,3,1,0.9521742787464642,0.633501290445954
6362-QHAFM,2,1,0.9906485097996814,0.9698594039198725
7893-IXHRQ,1,0,0.0,0.051915789473684214
3070-BDOQC,2,1,0.9922135740834053,0.9486327980544147
2952-QAYZF,3,1,0.7638051863673571,0.5210168113890481
6234-PFPXL,3,1,0.9601538027649026,0.9263352053164873
9824-QCJPK,1,0,0.0,0.3505263157894737
4763-PGDPO,3,0,0.008611412220169597,0.1812971964670152
4283-IVYCI,3,1,0.8601613724330585,0.8081487594995391
1866-OBPNR,3,0,0.05594630788413856,0.5108416810483922
8205-MQUGY,3,0,0.12288617054325862,0.4734492050594087
8970-ANWXO,3,1,0.9015730696772288,0.8469450173445758
9480-BQJEI,2,1,0.8440563248703463,0.8708014773165595
5394-SVGJV,2,1,0.9720965361669172,0.6384386144667669
6979-TNDEU,1,0,0.0,0.3485052631578947
9777-WJJPR,3,1,0.8743474969547497,0.8736968935187419
9283-LZQOH,3,0,0.012818448723018067,0.19308527422604932
7079-QRCBC,3,1,0.9622109028782515,0.6343580453618269
9495-SKLKD,2,1,0.9677567138081931,0.9295026855232773
6048-UWKAL,2,1,0.9830981798461186,0.9595129561489737
5067-DGXLL,1,0,0.0,0.3511578947368421
5469-CTCWN,2,1,0.9943096557270773,0.6655133359750415
9851-QXEEQ,2,1,0.9850125617125057,0.658510287842897
6281-FKEWS,0,1,0.8639836768041667,0.7695092601953508
8898-KASCD,0,0,0.09113190568760021,0.4262632885908295
9242-TKFSV,0,1,0.9565420983032888,0.8470799972160523
9290-SHCMB,3,1,0.9830230530881039,0.9378829054457678
0743-HNPFG,2,1,0.957933710464831,0.8593840105017219
2277-BKJKN,2,1,0.9689198321468042,0.9381784591745113
9809-IMGCQ,3,1,0.975204587011095,0.6343765716465433
5208-HFSBT,3,0,0.2829160338409724,0.25224009774691525
5035-PGZXH,2,1,0.9861146560110247,0.9642563887201994
8695-WDYEA,3,0,0.03276515094543987,0.44257974458870225
6543-JXSOO,3,0,0.20237715366301295,0.5268455983073104
8016-ZMGMO,2,1,0.8275441607292655,0.8100071379759166
8605-ITULD,1,0,0.0,0.3493894736842105
3254-YRILK,3,1,0.9300693979914822,0.5948488118281718
6416-YJTTB,3,0,0.29260069144568734,0.6178823818414328
2667-WYLWJ,1,0,0.0,0.04989473684210526
4472-VESGY,2,1,0.9891157243934942,0.9436041844942398
3195-TQDZX,1,0,0.0,0.3511578947368421
3128-YOVTD,2,0,0.153332484700335,0.5612908886169761
0529-ONKER,3,0,0.01037256898961197,0.195264817069529
1728-CXQBE,2,1,0.9282304302820831,0.9093974352707279
7041-TXQJH,0,1,0.6649258681310335,0.6675282419892555
5014-GSOUQ,1,0,0.0,0.3504
5724-BIDBU,3,0,0.12478458578564278,0.4897454132616255
0481-SUMCB,2,1,0.9885690288563539,0.9534907694372785
1769-GRUIK,3,0,0.009584468265205318,0.48345483993766103
5240-IJOQT,3,0,0.0017498304478854975,0.18941572165283843
8819-WFGGJ,0,1,0.8959187294031747,0.7950411759717961
7427-AUFPY,1,0,0.0,0.34964210526315787
2811-POVEX,3,1,0.8678311885444815,0.8705851069967401
1092-GANHU,3,0,0.09340176420580674,0.23100281094548059
7898-PDWQE,2,1,0.9921231972421403,0.8999650683705402
9972-EWRJS,1,0,0.0,0.3486315789473684
9314-IJWSQ,3,1,0.8931988343879094,0.8715111127025321
0661-XEYAN,0,0,0.006615903829526121,0.0678253089002315
5799-JRCZO,1,0,0.0,0.34926315789473683
1921-KYSAY,3,1,0.8008009986847554,0.7936256626317968
6198-RTPMF,3,1,0.951172233891733,0.9144057356619564
2924-KHUVI,2,1,0.9702849586456029,0.9421350360898202
1925-GMVBW,1,0,0.0,0.3519157894736842
7881-EVUAD,0,1,0.7211902285697797,0.3960971440594908
6184-DYUOB,1,0,0.0,0.3495157894736842
9207-ZPANB,3,1,0.5068221993300963,0.6731288797320385
5766-XQXMQ,3,1,0.8913398951594746,0.5304728001690531
9327-QSDED,3,0,0.02544422013051808,0.42019874068378615
1656-DRSMG,2,1,0.9975189828346798,0.9765233826075561
3012-VFFMN,1,0,0.0,0.3521684210526316
2984-AFWNC,3,1,0.9693165117667983,0.9287371310225088
0640-YJTPY,1,0,0.0,0.35305263157894734
8096-LOIST,3,0,0.337081488116632,0.576811542615074
9764-REAFF,1,0,0.0,0.3464842105263158
3703-VAVCL,3,1,0.9710787027851469,0.6157999021666903
7107-UBYKY,1,0,0.0,0.36505263157894735
4881-GQJTW,1,0,0.0,0.3495157894736842
8519-QJGJD,3,0,0.09486647565615133,0.22830448499930261
7876-DNYAP,1,0,0.0,0.35002105263157895
7905-NJMXS,3,1,0.6009570088012939,0.702572277204728
2882-WDTBA,2,1,0.9933973188003923,0.8887273485727885
2091-GPPIQ,2,1,0.9196250243419262,0.8673026413157179
6326-MTTXK,3,1,0.9857843667376468,0.6490926940634798
5071-FBJFS,3,0,0.08832535274242322,0.4624038253074956
2796-UUZZO,2,0,0.1724733237532005,0.571852487396017
2429-AYKKO,1,0,0.0,0.35014736842105265
9798-OPFEM,1,0,0.0,0.35330526315789473
0330-IVZHA,3,0,0.0035096248603578776,0.17811963941782738
3794-NFNCH,3,0,0.07138309060668821,0.45486902571635945
5193-QLVZB,2,1,0.9939467417589963,0.962210275650967
7114-AEOZE,1,0,0.0,0.35014736842105265
2886-KEFUM,2,1,0.9970258049104672,0.6703892693326079
5522-NYKPB,3,1,0.7719436493187515,0.8257879860432902
4237-RLAQD,3,0,0.005992642414274747,0.1182286359130783
9957-YODKZ,3,0,0.3512732906668306,0.6446356320562059
6518-KZXCB,1,0,0.0,0.3637894736842105
2245-ADZFJ,2,1,0.9484311095919798,0.8828671806788972
7776-QGYJC,3,0,0.24383628024934262,0.6034292489418422
9313-QOLTZ,1,0,0.0,0.3528
9651-GTSAQ,2,1,0.9976520839016452,0.6671029388238159
3186-BAXNB,3,1,0.9525329171709476,0.6126763247631158
4672-FOTSD,3,1,0.7482957948837875,0.7692130547956202
0637-YLETY,3,1,0.9554863256092583,0.6237103197173874
9818-XQCUV,1,0,0.0,0.35141052631578945
7338-ERIVA,0,1,0.7311206232127937,0.7062587756009069
1157-BQCUW,3,0,0.0015831941339171857,0.1899806460746195
8259-NFJTV,0,0,0.19802815477853447,0.46674810401667693
3223-DWFIO,3,0,0.008773925619108402,0.4787095702476434
2660-EMUBI,3,1,0.981985858213023,0.633678553811525
6968-GMKPR,2,0,0.214123961514019,0.5916706372371865
4751-ERMAN,2,1,0.9128137297909982,0.8556097024427152
1436-ZMJAN,3,1,0.8686875291850279,0.818759222200327
3292-PBZEJ,2,1,0.9935026821758787,0.97883265181772
0799-DDIHE,3,0,0.02536690985005396,0.4271151849926531
3070-FNFZQ,1,0,0.0,0.35153684210526315
2812-SFXMJ,1,0,0.0,0.3506526315789474
7675-OZCZG,3,0,0.03137542369617212,0.12623438000478465
5014-WUQMG,2,1,0.9392667062620264,0.9184856298732316
5312-TSZVC,1,0,0.0,0.34964210526315787
2003-CKLOR,2,1,0.9933789090115522,0.6487199846572524
0993-OSGPT,2,0,0.3472027852296407,0.5921021667234352
9254-RBFON,2,1,0.9939279447749623,0.6466659147520901
1205-WNWPJ,3,1,0.6658228705259722,0.41664493768407307
9391-EOYLI,3,1,0.5088775572353562,0.4067931281573004
7108-DGVUU,3,1,0.9025635247262622,0.8421622519957681
2782-JEEBU,0,0,0.2446329792170875,0.48880056010788764
5127-BZENZ,2,1,0.7132697956013492,0.7500237077142239
2720-FVBQP,3,0,0.025324568396760547,0.433792985253441
9906-NHHVC,0,1,0.8892495268428635,0.7908577054739875
4522-XRWWI,2,1,0.9774396765188317,0.8942179758706905
3766-EJLFL,2,1,0.9983318461734159,0.9748274753114716
5939-SXWHM,1,0,0.0,0.3664421052631579
8152-UOBNY,2,1,0.9924770412812749,0.9668013428282995
7351-KYHQH,3,1,0.7993218033860462,0.7838129318807343
7643-RCHXS,1,0,0.0,0.3488842105263158
8246-SHFGA,1,0,0.0,0.35330526315789473
8387-MOJJT,3,0,0.10873835412424217,0.24042165743917057
0620-XEFWH,1,0,0.0,0.34762105263157894
6485-QXWWE,1,0,0.0,0.3656842105263158
2761-OCIAX,3,0,0.12934352505146832,0.24045319949427155
7321-VGNKU,3,0,0.002516314093110941,0.478732841426718
5327-CNLUQ,2,1,0.8326152240561621,0.8778460896224649
7552-KEYGT,1,0,0.0,0.3493894736842105
5816-JMLGY,2,1,0.9946513664871931,0.9009763360685614
3068-OMWZA,3,1,0.9909060128423585,0.6206992472422066
2927-QRRQV,2,1,0.9684660632507712,0.9265022147739927
6032-KRXXO,3,1,0.9159219620992612,0.5943687848397046
7459-RRWQZ,3,1,0.7896093967477593,0.47917007448857746
6265-SXWBU,2,1,0.9088683235833269,0.9054420662754361
7941-RCJOW,1,0,0.0,0.3493894736842105
6374-NTQLP,2,1,1.0,0.9629894736842106
4154-AQUGT,3,1,0.9323249178572887,0.5978983881955471
2387-KDZQY,1,0,0.0,0.350778947368421
3584-WKTTW,2,1,0.996965204881636,0.9805966082684439
3399-BMLVW,2,0,0.2535169198885252,0.554248873218568
1971-DTCZB,2,1,0.9895187858449299,0.9255759353906037
3092-IGHWF,2,0,0.24306161164745477,0.31802464465898195
3374-PZLXD,1,0,0.0,0.34976842105263156
3813-DHBBB,0,1,0.906582223984195,0.7913486790673623
2812-REYAT,1,0,0.0,0.3506526315789474
6518-PPLMZ,1,0,0.0,0.34901052631578944
4939-KYYPY,3,0,0.2829510651497868,0.5633698997441252
8017-LXHFA,3,1,0.9811067215616803,0.6318111096773037
5930-GBIWP,2,1,0.9928598334608647,0.9030386702264512
6022-KOUQO,0,0,0.04006263588719129,0.38941452803908705
6352-TWCAU,3,1,0.8899022708790515,0.5743609083516206
2361-UPSND,2,1,0.960330031437922,0.8624899073120109
6035-RIIOM,2,1,0.9684041170692528,0.9329195415645433
2929-QNSRW,2,1,0.9773036469509748,0.6391319850961794
1262-OPMFY,3,0,0.1448609074992491,0.2493127840523312
9504-DSHWM,3,0,0.46618744101765797,0.6360328711439054
5035-BVCXS,3,0,0.10585092648970867,0.5340877390169361
6267-DCFFZ,3,1,0.9371712585850092,0.902363240276109
3533-UVMOM,2,1,0.753268564643814,0.7805495311206836
2439-LYPMQ,2,1,0.9792282179221806,0.9508912871688722
4248-QPAVC,3,1,0.6575206562811915,0.47862931514405554
1899-VXWXM,2,1,0.9928569581418158,0.6651848885198842
1478-VPOAD,3,0,0.007710106163526718,0.41373667404435804
9995-HOTOH,0,1,0.9513633502305706,0.8295979716711757
2988-PLAHS,3,1,0.9503402476089348,0.8568518885172582
1371-OJCEK,1,0,0.0,0.3615157894736842
4999-IEZLT,0,0,0.07463299339438806,0.4042531973577552
8883-ANODQ,2,0,0.16089148050001106,0.5775776448315834
4690-LLKUA,3,0,0.023631920541441923,0.12326329453236624
2351-RRBUE,1,0,0.0,0.3521684210526316
5980-BDHPY,2,1,0.9944397551793878,0.9178180073349129
1498-DQNRX,1,0,0.0,0.35014736842105265
9469-WEJBT,2,1,0.810254317824628,0.8523543587087985
3331-HQDTW,2,1,0.9897178368875515,0.6732766084392312
9490-DFPMD,3,1,0.8813642997764238,0.5663983514895169
2581-VKIRT,2,1,0.5488840901640896,0.6850273202761621
5442-XSDCW,3,1,0.5676658532542651,0.42790844656486393
7426-WEIJX,2,0,0.18332848894960685,0.5778366587377375
2851-MMUTZ,3,0,0.1274512135677935,0.49283311700606475
3049-NDXFL,3,1,0.9576352113257571,0.599811979267145
8580-AECUZ,3,1,0.8044563512716999,0.5216141194560484
3307-TLCUD,0,0,0.20054671392101558,0.4671239487263009
6625-FLENO,1,0,0.0,0.3524210526315789
2967-MXRAV,1,0,0.0,0.34749473684210525
7963-GQRMY,3,0,0.028182013736862573,0.12318859496842924
8189-HBVRW,2,1,0.7142749887192639,0.815099469171916
4163-KIUHY,1,0,0.0,0.3646736842105263
1228-FZFRV,2,1,0.9894426689970701,0.663440225493565
3500-NSDOA,2,1,0.8296073027687185,0.8107060790022242
1171-TYKUR,1,0,0.0,0.3641684210526316
3761-FLYZI,2,1,0.9903771962667003,0.971014036401417
2058-DCJBE,3,0,0.01561875536889236,0.1824580284633464
5364-XYIRR,2,1,0.9550987080951435,0.6211552727117416
4829-AUOAX,2,1,0.9679852704726692,0.6298467397680151
1219-NNDDO,3,0,0.01130536422748059,0.49866951411204485
8388-DMKAE,1,0,0.0,0.3511578947368421
4403-BWPAY,1,0,0.0,0.36265263157894734
9659-QEQSY,2,1,0.992478640312398,0.9891598771775909
5405-ZMYXQ,3,0,0.009535311849951579,0.4922772826347175
5047-LHVLY,3,0,0.015405141057418432,0.13285679326507263
1442-OKRJE,2,1,0.9980365843307019,0.9598041074164914
4737-AQCPU,2,1,0.6338857152625401,0.7357016545260686
9158-VCTQB,2,1,0.9926940853389862,0.6840671078198051
2808-CHTDM,1,0,0.0,0.36341052631578946
6311-UEUME,3,0,0.3525420860658794,0.3403431502158255
0793-TWELN,3,1,0.5733160770937468,0.7318106413638146
3283-WCWXT,1,0,0.0,0.3641684210526316
1060-ENTOF,2,1,0.9969473544973545,0.9650526260094681
0999-QXNSA,3,0,0.022090747392305925,0.42441524632534344
5451-MHQOF,1,0,0.0,0.3617684210526316
4836-WNFNO,1,0,0.0,0.36315789473684207
9225-BZLNZ,2,1,0.9942673413862845,0.9130753576071453
0354-VXMJC,1,0,0.0,0.3495157894736842
4422-QVIJA,3,0,0.016568116768675985,0.43332198354957563
9365-SRSZE,3,0,0.018005912498542227,0.4854339439467853
6839-ITVZJ,3,0,0.3110019298989299,0.2761060351174667
8332-OSJDW,1,0,0.0,0.36669473684210524
4735-BJKOU,1,0,0.0,0.3509052631578947
0274-JKUJR,0,1,0.9044122905085934,0.8104386004139637
5740-YHGTW,2,1,0.9718055985220367,0.9351643446719726
8917-SZTTJ,1,0,0.0,0.34964210526315787
1696-MZVAU,0,0,0.03343485367678916,0.3771634151549262
7359-WWYJV,2,1,0.9977670576228145,0.9882436651543889
0375-HVGXO,0,1,0.7904325773323219,0.4038361888276656
4906-ZHGPK,2,1,0.8807855561019522,0.8309247487565705
8593-WHYHV,3,1,0.9023876389532788,0.5764497924234168
3795-GWTRD,2,1,0.9768530740436059,0.8816043875121793
1298-PHBTI,2,0,0.21759968086072842,0.6012714512916597
6223-DHJGV,1,0,0.0,0.3521684210526316
6961-MJKBO,1,0,0.0,0.35166315789473684
6097-EQISJ,2,1,0.9833383639171359,0.6521563981984333
4423-YLHDV,2,1,0.9899389324723573,0.6597229414099955
8158-WPEZG,0,0,0.24212518617839676,0.4869132323660955
0107-YHINA,3,1,0.9827683298268556,0.6451073319307423
4918-FYJNT,2,1,0.7893245629480201,0.8442350883371028
0727-BNRLG,2,1,0.9919618771104417,0.943479487686282
4854-CIDCF,3,0,0.12030945492053395,0.5346922030208452
8640-SDGKB,3,1,0.940926602134374,0.5643285355905917
3280-MRDOF,3,1,0.7730251356612051,0.7837784753171135
6435-SRWBJ,3,1,0.5968143064212659,0.7477783541474536
9964-WBQDJ,1,0,0.0,0.3616421052631579
6303-KFWSL,3,0,0.07698044858708587,0.4703711268032554
1702-CCFNJ,3,0,0.26906339105145005,0.5626148301047906
8932-CZHRQ,2,1,0.927239577187748,0.8647905677172045
0386-CWRGM,1,0,0.0,0.34901052631578944
5515-RUGKN,3,1,0.5047483196665995,0.640215117340324
0404-AHASP,1,0,0.0,0.34976842105263156
7279-NMVJC,1,0,0.0,0.3502736842105263
2081-VEYEH,3,1,0.9883924075216405,0.9680727524823405
6407-UTSLV,3,1,0.8484159091063697,0.8510716268004426
4116-TZAQJ,3,0,0.13007611345234443,0.23960939274935883
9060-HJJRW,0,1,0.8832455829190633,0.7957824436939411
2587-YNLES,1,0,0.0,0.350778947368421
7398-SKNQZ,3,1,0.9646683289878207,0.925614700016181
5935-FCCNB,3,1,0.9668229356784717,0.9247081216398099
1958-RNRKS,3,0,0.01753000424827952,0.43307515959404863
5136-RGMZO,3,1,0.8883187462333688,0.8348222353354529
8345-MVDYC,2,1,0.988383567613743,0.9016271112560235
8226-BXGES,2,1,0.5552978330287559,0.7480980805799233
3877-JRJIP,3,1,0.6837962340896654,0.42471849363586617
8375-DKEBR,3,0,0.0012949579643033765,0.17634956213308975
9705-IOVQQ,2,1,0.9313448328807656,0.9226431963102011
1015-OWJKI,1,0,0.0,0.3481263157894737
7511-YMXVQ,0,1,0.755247528680563,0.41679374831433047
2040-XBAVJ,2,1,0.9993023255813953,0.9888577723378214
7551-JOHTI,1,0,0.0,0.04926315789473684
8887-IPQNC,3,0,0.03252876160950815,0.4248009783280138
8646-JCOMS,2,1,0.6008583604240537,0.7691012389064635
9804-ICWBG,3,0,0.0013506359943823022,0.17712972808196348
1222-KJNZD,1,0,0.0,0.35153684210526315
0106-GHRQR,3,1,0.9093082363352368,0.8441022419025159
5318-IXUZF,3,1,0.8216795207136023,0.5488402293380725
3768-VHXQO,1,0,0.0,0.36277894736842103
8952-WCVCD,2,1,0.993985187062205,0.9614677590354084
2418-TPEUN,1,0,0.0,0.35002105263157895
3963-RYFNS,2,1,0.9992321739018842,0.9938823432449642
3198-VELRD,3,1,0.8692581135099958,0.5618085085618931
8540-ZQGEA,1,0,0.0,0.3506526315789474
1320-REHCS,2,1,0.9962527221479344,0.9782905625433842
4137-JOPHL,2,1,0.8610727420083292,0.8710396231191211
9436-ZBZCT,3,1,0.9381431001365396,0.6024993453177737
7801-CEDNV,3,0,0.0613367444882747,0.4475662767426783
2057-BOYKM,2,0,0.31378763516756075,0.6695571593301821
3658-QQJYD,2,1,0.8826323262912423,0.8407581936743918
1803-BGNBD,3,0,0.22827280607696726,0.5284880697992079
0134-XWXCE,2,1,0.9660236734935488,0.8755042062395249
6950-TWMYB,2,0,0.171264933775387,0.5704849208785758
5848-FHRFC,1,0,0.0,0.3506526315789474
2243-FNMMI,1,0,0.0,0.34901052631578944
2511-MORQY,3,0,0.12298819906263171,0.4878900164671579
5356-KZCKT,1,0,0.0,0.3617684210526316
9470-XCCEM,2,1,0.9493877708485783,0.9062393188657472
6519-CFDBX,3,0,0.022421115475622918,0.4236631830323544
3902-MIVLE,2,1,0.9220315543268547,0.8600547269938998
0409-WTMPL,2,1,0.9981095569642153,0.9787806648909494
8763-KIAFH,1,0,0.0,0.3519157894736842
3669-WHAFY,2,1,0.9982866654659517,0.9902199293442755
3055-VTCGS,2,0,0.4426643051864964,0.6249815115482829
3144-KMTWZ,2,1,0.8859327286190275,0.889952038816032
7279-BUYWN,2,1,0.9957978113845255,0.6842980719222314
7156-MHUGY,3,1,0.9683979328785519,0.6159907520987892
7198-GLXTC,3,1,0.7025618905589209,0.48060370359198945
2007-QVGAW,1,0,0.0,0.3488842105263158
5207-PLSTK,3,0,0.04430141497506427,0.4408784607268678
2307-FYNNL,2,1,0.9997602513227513,0.9753988373712057
5605-XNWEN,1,0,0.0,0.36315789473684207
2155-AMQRX,3,0,0.11500803761362395,0.4846979518875548
6181-AXXYF,1,0,0.0,0.3625263157894737
5091-HFAZW,3,1,0.9406714385816336,0.9065422596431798
0516-VRYBW,1,0,0.01,0.054905263157894735
2519-LBNQL,2,1,0.9907596436032442,0.9599249100728766
8623-ULFNQ,3,1,0.7301525014882749,0.7589241584900468
8380-PEFPE,3,0,0.00048213832697902595,0.1812033816465811
5687-DKDTV,1,0,0.0,0.051410526315789476
1568-LJSZU,2,1,0.9895182901818635,0.9287336318622192
7530-HDYDS,2,0,0.3563997337380559,0.3554019987583803
7789-HKSBS,2,1,0.9913161246680755,0.9622948709198618
7416-CKTEP,1,0,0.0,0.3495157894736842
2586-CWXVV,0,0,0.06440714355182033,0.4025628574207281
3096-IZETN,3,0,0.38455602103983644,0.3511276715738293
2348-KCJLT,3,0,0.26371177161312465,0.5608531296978814
8401-EMUWF,2,1,0.8676820664451219,0.8223991423675225
4193-IBKSW,1,0,0.0,0.3625263157894737
5377-NDTOU,2,1,0.9921584602792585,0.9268844367432822
5922-ABDVO,3,1,0.9482843714052726,0.6057979590884248
2474-LCNUE,3,1,0.8527336178445628,0.827156605032562
0839-QNXME,1,0,0.0,0.34901052631578944
3506-OVLKD,1,0,0.0,0.3661894736842105
9172-ANCRX,3,1,0.9767799998478214,0.6400593683601812
6650-VJONK,3,0,0.00674799955713189,0.4134781471912738
2178-PMGCJ,3,0,0.01635617325009026,0.4826266798263519
7492-TAFJD,0,0,0.21366426724241128,0.48285518058117505
2773-MADBQ,0,1,0.9108882944427491,0.7985026861981523
6016-LVTJQ,1,0,0.0,0.3521684210526316
7860-KSUGX,2,0,0.23376469714271156,0.5563269314886636
8966-KZXXA,1,0,0.0,0.36341052631578946
6910-HADCM,3,0,0.043085757810201845,0.21011851365039652
4816-LXZYW,3,0,0.2427635304429047,0.297063306914004
9606-PBKBQ,3,1,0.8956054154747395,0.5729790082951589
5149-QYTTU,2,0,0.4305717951295953,0.7126076654202591
2070-XYMFH,3,0,0.21635039605511597,0.5870033163167832
2085-BOJKI,3,1,0.961570198076054,0.9287965002830532
0817-HSUSE,3,1,0.9027442271429992,0.8518345329624628
5442-PPTJY,1,0,0.0,0.34976842105263156
1927-QEWMY,1,0,0.0,0.35178947368421054
1663-MHLHE,1,0,0.0,0.3485052631578947
5663-QBGIS,2,1,0.9460695833364481,0.926890991229316
4450-MDZFX,2,0,0.10465123315099317,0.5296920722077656
6701-DHKWQ,0,1,0.9408412605918582,0.806062820026217
7554-AKDQF,3,0,0.030990300071046605,0.4277224358178923
3536-IQCTX,3,1,0.9225574356767596,0.5845177111128091
4911-BANWH,3,1,0.8854979123432168,0.5728517965162341
8496-EJAUI,3,0,0.09303944536522701,0.22378419919872236
0794-YVSGE,1,0,0.0,0.35128421052631575
5423-BHIXO,3,0,0.06783892874539524,0.46406188728763176
6908-VVYHM,2,1,0.8987527637452553,0.8885116318138915
2959-EEXWB,0,1,0.909203767416474,0.7922709806508001
1839-UMACK,1,0,0.0,0.36328421052631577
3030-YDNRM,3,0,0.018702317765813742,0.4965756639484307
7321-KKSDU,1,0,0.0,0.35178947368421054
3402-XRIUO,3,1,0.5125571214494924,0.6655702170008495
3132-TVFDZ,0,1,0.910055160451532,0.4773273273385076
8286-AFUYI,3,0,0.032931817612106534,0.43430956915010577
8080-DDEMJ,3,0,0.0043413379756419325,0.11567337729551994
8356-WUAOJ,3,0,0.01913663907871973,0.4213388661578037
6365-MTGZX,3,1,0.9307697194545084,0.614834203571277
1349-WXNGG,1,0,0.0,0.05065263157894737
8058-DMYRU,2,1,0.9140250167731974,0.8931047435513841
9350-ZXYJC,1,0,0.0,0.3639157894736842
6990-YNRIO,2,1,0.9988080366496064,0.6740074251861584
8958-JPTRR,1,0,0.0,0.3613894736842105
6959-GQEGV,2,1,0.8998898353852458,0.8518296183646246
3173-WSSUE,1,0,0.0,0.34976842105263156
1265-HVPZB,2,1,0.6475684985615147,0.7267747678456585
4115-UMJFQ,0,0,0.18321856050785704,0.463603213676827
7369-TRPFD,1,0,0.0,0.34749473684210525
1098-KFQEC,1,0,0.0,0.34901052631578944
7190-XHTWJ,1,0,0.0,0.3487578947368421
0621-TWIEM,3,0,0.023677060603084582,0.12454450845176013
3537-RYBHH,2,1,0.5945896111770733,0.7082358444708294
2485-ITVKB,0,1,0.758659650488516,0.39213754440593274
3669-OYSJI,3,0,0.005992642414274747,0.1191128464393941
1612-EOHDH,3,0,0.007710106163526718,0.11714720036014752
6702-OHFWR,0,1,0.9134580653338393,0.4747726998177463
5296-BFCYD,1,0,0.0,0.350778947368421
4510-PYUSH,3,0,0.26986640316861155,0.25232550863586567
9359-JANWS,2,0,0.24722432580207304,0.5476897303208292
7517-SAWMO,3,0,0.09635166381269183,0.22346698131455042
4143-HHPMK,2,1,0.663155398556843,0.48088321205431617
3279-DYZQM,1,0,0.0,0.34913684210526313
7054-LGEQW,3,0,0.006597606163526717,0.11872325299172648
0523-VNGTF,0,1,0.9283112427107068,0.7989034444527037
9575-IWCAZ,1,0,0.0,0.36341052631578946
7105-MXJLL,3,1,0.6274365211038107,0.7043219768625768
7064-FRRSW,2,1,0.9888933044082912,0.9456625849212112
7940-UQQUG,2,1,0.9831262427050147,0.9569978655030584
0923-PNFUB,3,1,0.7987737029541985,0.5310884285501005
3961-SXAXY,3,0,0.00674799955713189,0.4139834103491685
7010-BRBUU,1,0,0.0,0.3608842105263158
3566-HJGPK,3,0,0.005992642414274747,0.41747074117623617
3062-ICYZQ,2,1,0.9074806837145445,0.8999606945384493
9938-PRCVK,1,0,0.0,0.34976842105263156
0973-KYVNF,2,1,0.7714867197778851,0.7870788984374699
5129-HHMZC,2,1,0.9798570628572512,0.9103428251429004
9637-CDTKZ,2,1,0.9977670576228145,0.9873594546280731
3946-JEWRQ,2,1,0.954706381440911,0.9223878157342591
7873-CVMAW,2,1,0.994524849750694,0.9215152030581724
0463-WZZKO,1,0,0.0,0.3524210526315789
3494-JCHRQ,3,0,0.0013506359943823022,0.1775086754503845
6474-FVJLC,3,1,0.9131642812671309,0.5825288704015892
4524-QCSSM,0,1,0.8500500879882458,0.7528200351952983
5832-EXGTT,3,0,0.3904280595851942,0.6082554343603934
8840-DQLGN,2,1,0.9878274497805692,0.649025716754333
2039-JONDJ,3,0,0.11611138533994927,0.4865287646622955
7217-JYHOQ,3,1,0.8903634704122239,0.8337453881648895
6695-FRVEC,2,0,0.20130824102888897,0.5331127700957661
4547-LYTDD,3,0,0.010960536641273695,0.18792105676177265
9894-QMIMJ,3,0,0.15015562648041425,0.5010306716447972
8069-YQQAJ,0,0,0.0655405920812223,0.4047846578851205
6770-XUAGN,1,0,0.0,0.053052631578947365
4193-ORFCL,3,0,0.012013970897826236,0.11874243046439366
1636-NTNCO,0,1,0.9150515965197821,0.7947364280815971
3466-WAESX,3,1,0.8918384009889799,0.8313037814482236
9281-PKKZE,0,1,0.8765057201728633,0.7616338670165137
3638-VBZTA,2,1,0.9957732949993262,0.9168356337892043
7459-IMVYU,3,1,0.5434885540074097,0.6941112110766481
7776-QWNFX,3,0,0.07864005435270285,0.15878233753055482
6689-TCZHQ,3,1,0.5155059790443866,0.405655023196702
8563-OYMQY,3,1,0.9308307628531979,0.9021007261939107
0754-EEBDC,1,0,0.0,0.3502736842105263
5777-ZPQNC,1,0,0.0,0.3509052631578947
1951-IEYXM,2,1,0.988127918311466,0.9241353778509023
3318-NMQXL,3,1,0.9802167834351484,0.9245077660056382
3143-ILDAL,2,1,0.9670016335541439,0.6254111797374471
1022-RKXDR,1,0,0.0,0.36277894736842103
2361-FJWNO,0,0,0.09215259534277263,0.42780840655816166
2272-UOINI,3,1,0.948284961073127,0.8776297739029351
8232-UTFOZ,1,0,0.0,0.3504
3750-YHRYO,1,0,0.0,0.3521684210526316
6637-KYRCV,0,0,0.03183864164115929,0.38978808823541106
5668-MEISB,2,1,0.99859357696567,0.9674795360494259
0129-QMPDR,1,0,0.0,0.35178947368421054
7188-CBBBA,2,1,0.9303071715279284,0.9133860265059082
5356-CSVSQ,3,1,0.818036140807183,0.7904144563228732
3221-CJMSG,3,0,0.05617890328859063,0.4515662981575415
4720-VSTSI,2,0,0.27742461732558094,0.3252014258776008
3219-JQRSL,2,1,0.9941283443743498,0.9227460745918452
2801-NISEI,3,0,0.13390797081131198,0.4923842409561037
3946-MHCZW,3,0,0.03276515094543987,0.14169553406238647
4623-ZKHLY,1,0,0.0,0.35166315789473684
6732-VAILE,2,1,0.9933969201408632,0.9144956101616084
8201-AAXCB,3,0,0.45195632946026193,0.6332456896788417
7696-CFTAT,1,0,0.0,0.35002105263157895
1845-CSBRZ,3,1,0.8900555828228778,0.8716432857607301
2123-VSCOT,2,1,0.8421517303245338,0.8190080605508661
6651-AZVTJ,2,1,0.9743817844914484,0.641879029586053
4566-GOLUK,2,1,0.9913572965443197,0.6677429186177278
2484-DGXPZ,1,0,0.0,0.04938947368421053
2018-QKYGT,3,1,0.7829341065513195,0.8179315373573699
2792-VPPET,1,0,0.0,0.35178947368421054
7409-JURKQ,2,1,0.9976520839016452,0.9815029388238159
3247-MHJKM,1,0,0.0,0.3510315789473684
1964-SVLEA,1,0,0.0,0.34976842105263156
4587-NUKOX,3,0,0.35908529855670573,0.3434656983700507
7297-DVYGA,1,0,0.0,0.35014736842105265
2239-CGBUZ,2,0,0.32692856377439605,0.5836135307729162
0854-UYHZD,1,0,0.0,0.3493894736842105
7243-LCGGZ,1,0,0.0,0.3528
8267-KFGYD,1,0,0.0,0.35317894736842104
4890-VMUAV,2,1,0.5607865923133601,0.7049462158727124
9261-WDCAF,3,1,0.5515071037802541,0.6586659994068385
3764-MNMOI,1,0,0.0,0.3485052631578947
7442-YGZFK,3,0,0.005992642414274747,0.4282075832814993
0420-BWTPW,0,0,0.011976071359646694,0.06921148117543763
8229-BUJHX,1,0,0.0,0.35178947368421054
7449-HVPIV,2,1,0.8990752807671774,0.8880090596752921
5504-WSIUR,2,1,0.6333860499950027,0.781354419998001
8183-ONMXC,3,1,0.6550595768304796,0.46602383073219183
8466-PZBLH,2,1,0.9801773866704704,0.9563235862471355
9614-RMGHA,2,1,0.8816099066023981,0.5846860679041171
8735-IJJEG,3,0,0.10035197162183157,0.4669618412803116
0564-MUUQK,3,1,0.92426505314193,0.9109691791515089
5054-IEXZT,3,0,0.039988984453600857,0.20635348851828242
5834-ASPWA,3,0,0.0015831941339171857,0.19124380396935636
0701-RFGFI,2,1,0.9792438268142988,0.9327080570415089
0019-EFAEP,2,1,0.9920588546143805,0.9527393313194363
5619-PTMIK,3,0,0.08797153353897032,0.4693359818366407
3737-XBQDD,3,0,0.48006871084546643,0.7063853790750287
5882-CMAZQ,0,0,0.23845041878903378,0.4819064833050872
5846-QFDFI,2,1,0.5787374432524977,0.7553265562483675
4445-KWOKW,3,0,0.38459325565313757,0.605795196998097
3511-APPBJ,2,1,0.9859739622016029,0.946894848038536
7967-HYCDE,3,0,0.027206990663010005,0.4894933225809935
2430-RRYUW,3,0,0.14406902634086313,0.49606971579950315
3948-XHGNA,3,0,0.05693380524937495,0.14795246946817103
3723-BFBGR,3,0,0.13511483597985868,0.49248803965510135
0565-IYCGT,2,1,0.9762313207282923,0.5890609493439485
5447-WZAFP,2,1,0.9926133225250797,0.9504348026942424
5110-CHOPY,0,1,0.862801537854623,0.7805311414576387
5445-UTODQ,3,1,0.6221125633183553,0.4537292358536579
4425-OWHWB,1,0,0.0,0.3488842105263158
7892-QVYKW,3,1,0.9306361016542171,0.8885070722406341
9675-ICXCT,2,1,0.9940056599287075,0.9017285797609567
1024-VRZHF,3,0,0.006348571378140723,0.19188679697230893
4703-MQYKT,1,0,0.0,0.3495157894736842
9497-QCMMS,3,1,0.9909747959111415,0.6327267604697198
5692-ICXLW,3,1,0.9474515479153047,0.9081174612713852
0602-DDUML,2,1,0.8666178581192906,0.8228576695635057
2208-MPXIO,1,0,0.0,0.3505263157894737
1960-UYCNN,3,1,0.981165141189473,0.9330976354231577
0348-SDKOL,2,1,0.9797044518255505,0.6498186228354834
3190-FZATL,1,0,0.0,0.3504
7336-RLLRH,2,1,0.9880771091699387,0.8994834752469227
4373-MAVJG,3,1,0.9570725689835226,0.612471132856567
8901-HJXTF,0,0,0.03672464679339865,0.08845827976999103
7710-JSYOA,2,1,0.8424097302765129,0.8726691552685
5419-KLXBN,3,1,0.8837084896915625,0.578704448508204
3424-NMNBO,2,1,0.9930498939294394,0.6722094312559863
9885-MFVSU,0,1,0.79812441023562,0.7363445009363532
4514-GFCFI,3,1,0.8900627147175867,0.5701303490449294
0607-MVMGC,2,1,0.9721276858918125,0.8877984427777776
3365-SAIGS,3,1,0.6984400322204043,0.7904496970986881
9828-AOQLM,3,0,0.007600479385280899,0.11849282333305973
8022-BECSI,1,0,0.0,0.3495157894736842
8000-REIQB,3,0,0.0012949579643033765,0.17723377265940557
9993-LHIEB,2,1,0.6392166304343664,0.727097178489536
0266-CLZKZ,2,1,0.9759189222182526,0.9572728320451958
7615-ESMYF,0,1,0.7931191257521626,0.42992133451139136
3858-VOBET,3,0,0.009306727384787616,0.19307005937496768
7020-OZKXZ,3,0,0.11725460153798817,0.5376386827204584
3977-QCRSL,1,0,0.0,0.3509052631578947
0017-DINOC,0,1,0.8103957056159424,0.7383477559305875
1447-PJGGA,2,1,0.9545688293883656,0.6224591107027146
8565-CLBZW,3,1,0.9449968830959438,0.604988226922588
9139-WQQDY,2,1,0.9827991461837723,0.6468880795261405
0224-HJAPT,3,0,0.026703037264677678,0.12979700437955527
8086-OVPWV,3,1,0.657035812551416,0.4654248513363559
9430-FRQOC,3,1,0.5695479823980707,0.4478612982223862
7639-OPLNG,2,1,0.9840056599287075,0.8938127902872726
3074-GQWYX,3,0,0.01561875536889236,0.1979948705686096
1492-QGCLU,2,1,0.9578738859346149,0.8996548175317407
6845-RGTYS,2,1,0.9886577359815838,0.6449367786031599
7328-OWMOM,1,0,0.0,0.350778947368421
4418-LZMSV,3,0,0.43175064557431647,0.6288265740192003
5155-AZQPB,3,0,0.0342832671273791,0.4397764647456885
8861-HGGKB,3,1,0.8966179596460967,0.5770471838584387
1087-GRUYI,1,0,0.0,0.35153684210526315
7065-YUNRY,3,0,0.0069101061635267165,0.11720614772856858
7694-VLBWQ,2,1,0.9981932066910766,0.6622667563606411
2546-KZAAT,2,1,0.9659841914541671,0.8768778871079828
0181-RITDD,2,1,0.9988080366496064,0.9727442672914215
5989-PGKJB,3,1,0.7727350312127512,0.8269887493272057
4795-KTRTH,3,0,0.3763739969095443,0.3551811777111862
8272-ONJLV,3,1,0.9711449134218099,0.9302263864213556
1488-PBLJN,2,1,0.99859357696567,0.994637430786268
0308-GIQJT,2,1,0.999388277701937,0.9669132058176169
3778-FOAQW,1,0,0.0,0.3509052631578947
4452-ROHMO,1,0,0.0,0.3495157894736842
6481-OGDOO,2,1,0.7689735935409567,0.5364736479426985
3090-LETTY,3,0,0.4906448221419214,0.6502368762251896
5349-AZPEW,0,0,0.00981103177144838,0.3672086232348951
3753-TSEMP,3,1,0.9252638544304341,0.592800278614279
8305-VHZBZ,1,0,0.0,0.05103157894736842
9720-JJJOR,3,0,0.22915269745796224,0.543997921088448
8100-HZZLJ,3,1,0.7364947579386907,0.7561557979123184
8775-ERLNB,3,0,0.004915971217684803,0.4896716516449686
8309-IEYJD,3,0,0.0012949579643033765,0.4788758779225635
9172-JITSM,3,1,0.954538512352201,0.611204878625091
6298-QDFNH,3,0,0.2917232026679897,0.31715243896193274
7398-HPYZQ,2,1,0.9789983395568872,0.9203572305595971
3546-GHEAE,1,0,0.0,0.34913684210526313
7361-YPXFS,3,1,0.6843652583593971,0.7365671559753377
6557-BZXLQ,3,0,0.01469431505753994,0.4818356207598581
2550-QHZGP,1,0,0.0,0.34926315789473683
7519-JTWQH,2,1,0.9993308034699905,0.9788902161248383
2538-OIMXF,0,0,0.004247482776894542,0.3640989931107578
8543-MSDMF,3,1,0.9471545512518682,0.8743986626060105
9961-JBNMK,3,1,0.9829461524723783,0.6377258294100039
1170-SASML,2,0,0.18560381999353115,0.5899888964184651
4872-JCVCA,0,1,0.7318283285290876,0.7129839629905823
5346-BZCHP,1,0,0.0,0.34901052631578944
2038-LLMLM,2,1,0.9898378366047489,0.9582930293787417
6173-ITPWD,2,0,0.3942255627728717,0.3682586461617803
9734-UYXQI,3,0,0.023354448808956253,0.1341417795235825
1216-BGTSP,2,1,0.9948366244199687,0.9719135971364086
4138-NAXED,2,0,0.15827528473007912,0.5679416928394001
2189-UXTKY,3,1,0.9028257980144885,0.5612145297321112
0744-BIKKF,2,1,0.9959200110410166,0.9172732675743014
7483-IQWIB,2,1,0.9308650744732762,0.9071670824208895
5248-KWLAR,2,1,0.988127918311466,0.9235037989035337
4958-GZWIY,3,0,0.08786647507072934,0.15817816897566017
7996-MHXLW,1,0,0.0,0.36353684210526316
7833-PKIHD,2,1,0.9623872688610808,0.8779654338602219
7061-OVMIM,1,0,0.0,0.3493894736842105
5153-RTHKF,3,1,0.8852939666628856,0.8697386392967332
1852-QSWCD,1,0,0.0,0.36265263157894734
4832-VRBMR,2,1,0.9942200671341225,0.9582775005378597
9079-LWTFD,2,1,0.9891999774032505,0.950206306750774
6356-ELRKD,3,1,0.9622980883953279,0.6264350248318153
8624-GIOUT,3,0,0.30585238692965094,0.273288323192913
3392-EHMNK,2,1,0.8774750667397366,0.8887163424853683
5986-WWXDV,1,0,0.0,0.3488842105263158
3061-BCKYI,1,0,0.0,0.3502736842105263
6179-GJPSO,2,1,0.9957978113845255,0.6715401771853892
7901-TBKJX,2,1,0.9881364015511832,0.9505387711467892
7228-PAQPD,3,1,0.6480974569621638,0.7085442459427602
3177-LASXD,3,0,0.0004962267070946105,0.1804511222617852
7746-QYVCO,3,0,0.1559528123439277,0.5034758617796764
5804-HYIEZ,2,1,0.9945545189431358,0.9657375970509385
9919-FZDED,2,1,0.9873505665965722,0.9074033845333658
5934-TSSAU,3,0,0.0946621692921971,0.5280964466642473
3486-KHMLI,1,0,0.0,0.3624
4897-QSUYC,1,0,0.0,0.05090526315789473
1084-UQCHV,3,0,0.0002495801874441422,0.1763103583907671
8290-YWKHZ,3,1,0.945583220544051,0.6136859197965678
2955-BJZHG,3,1,0.5982271140857606,0.4435434772132516
3806-DXQOM,0,0,0.15627743180674142,0.14752149903848605
6784-XYJAE,3,0,0.09848630381462511,0.4803629425784816
3933-DQPWX,0,0,0.164025276777231,0.46590484755299766
6661-EIPZC,0,0,0.06019349589376663,0.3986037141469803
8957-THMOA,1,0,0.0,0.3509052631578947
2251-PYLPB,2,1,0.9921231972421403,0.8978176999494876
5555-RNPGT,1,0,0.0,0.36265263157894734
1057-FOGLZ,1,0,0.0,0.34964210526315787
9300-RENDD,3,1,0.8166848904170004,0.5286529035352212
0761-AETCS,1,0,0.0,0.048757894736842104
8087-LGYHQ,3,1,0.9792080739841841,0.9292832295936737
4137-BTIKL,3,1,0.9808686352870002,0.9216106120095369
2190-BCXEC,3,0,0.15242523968199523,0.560170095872798
6227-FBDXH,2,1,0.9767630337250073,0.9420736345426346
2153-MREFK,2,1,0.9888373281652391,0.6461454575818851
2911-WDXMV,3,0,0.2878937835769245,0.6186522502728751
7206-PQBBZ,3,0,0.005604287672677621,0.47958908349012364
3106-ULWFW,3,1,0.9245332313397816,0.5850553977990706
0925-VYDLG,3,0,0.008611412220169597,0.19354982804596255
4547-FZJWE,3,0,0.4280250887189117,0.6213995091717752
7422-WNBTY,2,1,0.9568024379264202,0.9185525541179365
0842-IWYCP,3,0,0.01715113698297826,0.42041834953003343
3521-HTQTV,1,0,0.0,0.3659368421052631
3744-ZBHON,1,0,0.0,0.3510315789473684
3373-DIUUN,1,0,0.0,0.35368421052631577
8383-SGHJU,3,0,0.3281719638906134,0.5813319434509823
7607-QKKTJ,2,1,0.9546554111969954,0.9218621644787981
7707-PYBBH,3,0,0.31611376005315517,0.5828244513896832
8984-HPEMB,2,1,0.9994647320414191,0.9995332612376202
4349-GFQHK,3,0,0.26226728715119635,0.24221217801837328
4139-DETXS,0,1,0.9720812267651211,0.8516535433376273
9779-DPNEJ,3,0,0.46804167079094483,0.6897008788426937
9805-FILKB,1,0,0.0,0.3510315789473684
5793-YOLJN,1,0,0.0,0.35305263157894734
0673-IGUQO,1,0,0.0,0.35166315789473684
4123-FCVCB,3,1,0.937831579315493,0.8667536843577761
8819-IMISP,3,0,0.2366181027231386,0.5978893463524133
7802-EFKNY,0,0,0.03396698642281357,0.07661837351649385
8311-UEUAB,2,1,0.8860616737491084,0.8451615116049065
5858-EAFCZ,3,0,0.00674799955713189,0.414993936664958
8035-BUYVG,0,0,0.2718718075718412,0.21573819671294703
1163-ONYEY,2,1,0.9219380661861473,0.857112068579722
9787-XVQIU,3,0,0.0015831941339171857,0.1908648566009353
8945-MUQUF,2,1,0.9801503573344766,0.6315548797758959
5656-MJEFC,0,1,0.9132726888768258,0.7869511808138883
6082-OQFBA,1,0,0.0,0.34964210526315787
8051-HJRLT,3,0,0.0012949579643033765,0.17874956213308976
8974-OVACP,1,0,0.0,0.3509052631578947
4010-YLMVT,2,1,0.978719606301132,0.9607931056783476
1379-FRVEB,3,1,0.9463226168169518,0.908423783568886
8612-GXIDD,1,0,0.0,0.3641684210526316
6288-CHQJB,2,1,0.9034586813730862,0.8380992620229186
8160-HOWOX,3,1,0.8045419025543985,0.7907009715480752
3023-GFLBR,3,1,0.9337511837827204,0.5911425787762461
6648-INWPS,1,0,0.0,0.3509052631578947
4223-BKEOR,3,1,0.7494097454649656,0.7635954771333546
4079-VTGLK,3,1,0.8821576052624599,0.8419577789470891
1763-WQFUK,3,0,0.10961293753671589,0.4714241223831074
1391-UBDAR,3,0,0.10585092648970867,0.526508791648515
8894-JVDCV,2,1,0.9944848231690336,0.9884465608465609
2023-VQFDL,1,0,0.0,0.348
1345-GKDZZ,1,0,0.0,0.3493894736842105
2014-MKGMH,2,1,0.9799699372278811,0.9473985012069419
5628-FCGYG,3,1,0.8875106007161858,0.8674673981812111
2560-WBWXF,1,0,0.0,0.36101052631578945
0248-IPDFW,3,0,0.006597606163526717,0.4292074635180423
7978-DKUQH,3,0,0.08543670235392993,0.5226378388363088
4335-UPJSI,1,0,0.0,0.34989473684210526
0524-IAVZO,3,1,0.855114449735391,0.5567826219994195
2737-YNGYW,3,1,0.6141100883595014,0.4491387721859058
1784-EZDKJ,2,1,0.9915763819812107,0.9664410791082738
9297-FVVDH,2,1,0.9936639415622462,0.9109392608354248
8007-YYPWD,1,0,0.0,0.36328421052631577
7101-HRBLJ,2,1,0.9922801112797309,0.9083646760908397
5159-YFPKQ,3,0,0.13060159014740358,0.24373537290106667
6635-CPNUN,2,1,0.9582032418604133,0.9273234020073231
4021-RQSNY,2,1,0.9923838749153839,0.6457956552293115
5453-YBTWV,2,1,0.9993023255813953,0.9551314565483477
5039-LZRQT,1,0,0.0,0.3510315789473684
2931-VUVJN,2,1,0.7095454695891986,0.8214181878356794
9061-TIHDA,3,1,0.978529838036496,0.6320435141619668
8699-ASUFO,3,0,0.0035207252757562357,0.1893661848471446
6418-PIQSP,2,1,0.988781674814797,0.9001442488732871
8220-OCUFY,3,0,0.4380907731130626,0.6274468355610145
3995-WFCSM,3,1,0.6163885156026236,0.7002817220305231
1895-QTKDO,3,0,0.007710106163526718,0.41411562141277913
2038-OEQZH,3,1,0.8472026641396275,0.8562705393400616
1178-PZGAB,1,0,0.0,0.3511578947368421
7927-AUXBZ,3,1,0.5953103851006393,0.4532399435139399
2626-VEEWG,1,0,0.0,0.34901052631578944
2878-RMWXY,2,1,0.9565592335062033,0.941950009191955
1657-DYMBM,1,0,0.0,0.3502736842105263
7311-MQJCH,1,0,0.0,0.3493894736842105
7375-WMVMT,2,1,0.509113937687692,0.7449087329698136
1136-XGEQU,2,1,0.9796729245017913,0.9044586434849271
2530-FMFXO,2,1,0.9800571369886287,0.9527386442691357
6844-DZKRF,3,0,0.09390398793782292,0.4643826478067081
4695-WJZUE,3,1,0.9807544990719547,0.6160070627866766
7619-ODSGN,3,0,0.22780831683166078,0.22943911620634852
5970-GHJAW,1,0,0.0,0.3504
8879-XUAHX,2,1,0.9987670576228145,0.9931910335754417
3689-MOZGR,0,0,0.0892936107619919,0.4145384969363757
4195-PNGZS,1,0,0.0,0.3617684210526316
5003-XZWWO,2,1,0.9942673413862845,0.9104227260281981
3988-RQIXO,3,1,0.9869873649207389,0.6254475775472429
7622-FWGEW,2,1,0.9410107931558026,0.8927832646307421
6922-NCEDI,1,0,0.0,0.35355789473684207
2514-GINMM,3,1,0.812635798010644,0.5258964244674156
9891-NQDBD,1,0,0.0,0.3645473684210526
6131-IUNXN,1,0,0.0,0.3510315789473684
8548-AWOFC,2,1,0.6057514632944142,0.7036058484756604
9798-DRYDS,3,1,0.5349415732807159,0.6704818924701812
8532-UEFWH,1,0,0.0,0.36505263157894735
6296-DDOOR,3,1,0.54841429811259,0.6663972981924045
7951-VRDVK,2,1,0.9815377519488253,0.9094993113058458
5931-FLJJF,3,0,0.0035207252757562357,0.17850302695240772
4815-YOSUK,2,1,0.9980365843307019,0.9642251600480702
2659-VXMWZ,2,1,0.9980365843307019,0.6803935811007018
0380-NEAVX,2,1,0.9935695815297553,0.9496804641908494
3207-OYBWH,2,1,0.9726170081894162,0.6296783822231349
4285-GYRQC,3,1,0.8745180667077697,0.5677019635252132
7216-EWTRS,3,1,0.9795811405493103,0.6464850877986715
4365-MSDYN,1,0,0.0,0.3493894736842105
7036-TYDEC,2,1,0.9891935971922838,0.9584142809821767
5802-ADBRC,2,1,0.9952826411369012,0.9618604248758131
8076-FEZKJ,1,0,0.0,0.34926315789473683
5197-YPYBZ,1,0,0.0,0.3637894736842105
8337-MSSXB,3,1,0.7446687694564896,0.5158885604141747
4312-GVYNH,0,1,0.9128986447578117,0.7910963000083879
8495-LJDFO,2,1,0.9988575336700336,0.9747851187311714
0839-JTCUD,2,1,0.9941020386799377,0.9247566049456593
5494-WOZRZ,2,1,0.994692946528773,0.9050350733483514
1302-UHBDD,3,1,0.964522551893433,0.9130511260205312
2234-EOFPT,2,1,0.9921231972421403,0.897312436791593
8619-IJNDK,2,0,0.37878819576475536,0.6133258046216916
8378-LKJAF,2,1,0.9763505400600028,0.9460770581292643
8182-BJDSI,3,1,0.9475345814787062,0.6062559378546404
2528-HFYZX,3,0,0.10182013928738971,0.23386489782021905
1153-GNOLC,0,1,0.7182691070813142,0.6860865902009468
3298-QEICA,0,0,0.08324230723983403,0.4207074492117231
0788-DXBFY,1,0,0.0,0.3493894736842105
3597-YASZG,2,1,0.9828401220018766,0.957009733011277
3496-LFSZU,3,0,0.0037057032917304266,0.4795875444745869
5242-UOWHD,1,0,0.0,0.35141052631578945
2482-CZGBB,3,0,0.01235463258062856,0.1817839582954093
6479-SZPLM,1,0,0.0,0.34913684210526313
8097-VBQTZ,2,1,0.8368225950554653,0.8113185117063966
4500-HKANN,3,0,0.19497518507414857,0.5288111266612383
9917-KWRBE,2,1,0.978226197403883,0.8892273210668165
3420-ZDBMA,3,0,0.008910911920478265,0.48406962792608604
2212-LYASK,0,1,0.7741797940291848,0.7255034965590423
1393-IMKZG,3,1,0.9622980883953279,0.9270666037791839
8069-RHUXK,0,0,0.08887959422658354,0.42574131137484394
3398-GCPMU,2,1,0.9874616777076832,0.9212162500304417
2908-WGAXL,1,0,0.0,0.3630315789473684
3378-AJRAO,1,0,0.0,0.36277894736842103
1013-QCWAM,2,1,0.989384612452928,0.9504064765601186
0866-QLSIR,3,1,0.6367854274350158,0.4174089078161116
6050-FFXES,2,1,0.9852478275991134,0.9602464994606981
7181-BQYBV,3,1,0.9740740722415544,0.6484506815282007
0362-RAOQO,1,0,0.0,0.34964210526315787
9554-DFKIC,3,0,0.15383644329967194,0.49909247205671087
5527-ACHSO,3,1,0.9072296722377938,0.8409971320530123
0829-DDVLK,1,0,0.0,0.350778947368421
1399-UBQIU,3,1,0.9174453794683393,0.8421781517873357
1813-JLKWR,1,0,0.0,0.35002105263157895
0336-PIKEI,2,1,0.9675727888187942,0.8749870102643598
7322-OCWHC,2,0,0.3983765864865475,0.6944243188051453
9537-VHDTA,3,0,0.03327569703455837,0.442657647234876
4957-TIALW,3,1,0.594234933454611,0.703420289171318
2054-PJOCK,2,1,0.9470456521709472,0.8823129977104842
9150-HEPMB,3,0,0.1763612942120363,0.5036813597900777
9030-QGZNL,1,0,0.0,0.3526736842105263
6204-IEUXJ,3,0,0.37126891368371717,0.35086546021032894
3126-WQMGH,3,0,0.02136810533841662,0.4402946105564193
4529-CKBCL,3,1,0.6278042480418852,0.45373222553254355
2506-CLAKW,3,1,0.9863054195990603,0.6424800625764663
7176-WRTNX,2,1,0.9992321739018841,0.9900928695607536
1583-IHQZE,2,1,0.9946457263069276,0.6832056589438237
5732-IKGQH,2,1,0.9923438617510821,0.9608112289109592
9239-GZHZE,2,1,0.997054107326417,0.9859374324042511
7205-BAIAD,1,0,0.0,0.3520421052631579
0151-ONTOV,3,0,0.0004962267070946105,0.17931428015652204
4140-MUHUG,3,1,0.9160611988757098,0.5858350058660734
0093-EXYQL,2,1,0.942597404692015,0.9083231724031218
8064-RAVOH,3,0,0.024844483512360193,0.4358746355102072
0219-QAERP,1,0,0.0,0.35002105263157895
0320-JDNQG,2,1,0.9944920991157602,0.6500494712252514
7180-PISOG,3,0,0.002388372336871572,0.1891658752505381
9168-INPSZ,2,1,0.9830285305393596,0.956327201689428
3571-RFHAR,2,1,0.9976879186260506,0.6748225358714729
0015-UOCOJ,3,0,0.08214190193022315,0.45462518182472084
5334-AFQJB,1,0,0.0,0.36341052631578946
2754-SDJRD,3,1,0.9782434482640635,0.944307905621415
9578-VRMNM,3,1,0.7871934031464055,0.47959315073224645
1587-FKLZB,2,1,0.9819733810916966,0.6441577734893102
6140-QNRQQ,3,0,0.0015831941339171857,0.18139117239040897
8963-JLGJT,3,0,0.25298153785312694,0.5424136677728297
4307-KTUMW,2,1,0.9517677500553445,0.6179281526537168
1465-LNTLJ,3,1,0.7622148418611836,0.7675806735865787
5440-FLBQG,2,1,0.9983116556682732,0.6731772938462566
2135-DQWAQ,3,1,0.797586158553914,0.8345292002636708
4056-QHXHZ,2,1,0.99859357696567,0.9708900623652155
7470-MCQTK,0,1,0.8860663651405598,0.47758444079306606
7488-MXJIV,3,1,0.887328822785841,0.5713104764827576
7401-JIXNM,2,1,0.992822618809788,0.9277816791028626
9339-FIIJL,2,1,0.9942673413862845,0.914843778659777
2027-FECZV,3,1,0.9828578099259231,0.6627010187072113
2672-DZUOY,0,0,0.012417003749840682,0.06850364360519942
4706-DGAHW,3,0,0.0043413379756419325,0.4159260088744673
3870-MQAMG,2,1,0.9977718443806871,0.6778876851206959
6670-MFRPK,2,0,0.2590045943613849,0.6036860482708697
6177-PEVRA,3,0,0.12994401277848952,0.4921881314271853
4800-CZMPC,2,1,0.9946081679648552,0.6586853724491
4813-HQMGZ,3,1,0.9627966489635037,0.9131186595854015
7579-KKLOE,2,1,0.9868258554239457,0.925256657959052
7377-DMMRI,3,0,0.09390398793782292,0.15831948991197126
8402-EIVQS,2,1,0.9966378453513286,0.9535604012984262
4947-DSMXK,2,1,0.9785478069389254,0.9382401754071492
7245-NIIWQ,3,0,0.006793230401987777,0.4791804500555319
0002-ORFBO,3,1,0.8487594021347195,0.8052300766433615
3324-OIRTO,2,1,0.9930365843307019,0.9615935811007019
5414-OFQCB,2,1,0.9290728203789521,0.9001343913094757
4967-WPNCF,0,1,0.9527031857950087,0.8420075901074773
8552-OBVRU,2,1,0.9884499493388117,0.9593799797355247
8499-BRXTD,1,0,0.0,0.350778947368421
9154-QDGTH,2,1,0.9659816201360312,0.9498873848965177
8197-BFWVU,2,1,0.9752056289640708,0.9256611989540495
2577-GVSIL,2,1,0.9214806661101836,0.8541501611809157
9367-OIUXP,1,0,0.0,0.35229473684210527
6770-UAYGJ,1,0,0.0,0.3637894736842105
6463-HHXJR,2,1,0.9764289157211293,0.9444663031305571
7928-VJYAB,3,1,0.9712768505442482,0.9173949507440151
1187-WILMM,2,1,0.993325810904701,0.9231829559408278
9776-OJUZI,2,1,0.9817035388995609,0.9338182576650875
1306-RPWXZ,1,0,0.0,0.35166315789473684
8949-JTMAY,2,1,0.9749467327669015,0.6390734299488658
2774-LVQUS,3,1,0.711636575957814,0.49446515669891505
3097-PYWXL,1,0,0.0,0.3504
2266-SJNAT,2,1,0.9982423989266094,0.9750443279916965
0869-PAPRP,3,1,0.7413455941336048,0.8130435008113366
4238-JSSWH,2,1,0.9859952571739133,0.9522086291853549
2972-YDYUW,2,1,0.9457711287681357,0.9175505567704123
1104-FEJAM,3,1,0.6979220712556604,0.7418635653443695
2809-ILCYT,1,0,0.0,0.36770526315789476
5499-ECUTN,2,1,0.7851776915231848,0.7809342345040109
4981-FLTMF,2,1,0.6016566941890514,0.7053784671493049
9121-PHQSR,3,1,0.9323497818334644,0.8878030706281226
3113-IWHLC,3,0,0.3151789373334083,0.5670399959859949
3211-ILJTT,3,0,0.007777142806712151,0.18096348870163223
4612-THJBS,2,1,0.9553065262904933,0.6467541894635658
4277-BWBML,1,0,0.0,0.3504
4094-NSEDU,3,1,0.9804043595832155,0.6302670069911809
0234-TEVTT,0,1,0.9075061695776836,0.7766866783573892
4304-TSPVK,2,1,0.9972923765341628,0.9891906348241915
1552-AAGRX,2,1,0.974143617612137,0.9584574470448548
2637-FKFSY,3,0,0.03395537859717164,0.4300453093336055
9796-MVYXX,0,1,0.525247929605777,0.6103939086844161
7874-ECPQJ,1,0,0.0,0.3506526315789474
0020-INWCK,2,1,0.8664898568089363,0.8884906795656797
7089-RKVSZ,1,0,0.0,0.3616421052631579
2683-JXWQQ,0,0,0.27250166689326544,0.49388487728362196
9548-ZMVTX,2,1,0.5243343092760278,0.7382389868683059
8739-XNIKG,3,1,0.9156450153847483,0.8784685324696888
9755-JHNMN,2,0,0.49125868167979264,0.6667771568824434
3981-QSVQI,1,0,0.0,0.34976842105263156
2789-HQBOU,3,1,0.5986424577777126,0.7424464567952955
9424-CMPOG,1,0,0.0,0.3495157894736842
5067-WJEUN,2,0,0.21714369161423805,0.5237837924351689
3450-WXOAT,3,0,0.017226689137355516,0.4210801493391527
9251-WNSOD,2,1,0.9534247547829071,0.8710962177026365
6974-DAFLI,1,0,0.0,0.34976842105263156
2616-UUTFK,2,1,0.9440168750445684,0.8613962237020378
7064-JHXCE,1,0,0.0,0.3506526315789474
5103-MHMHY,3,0,0.0057043444610446244,0.11836594831073365
7989-AWGEH,0,1,0.6772612320813913,0.669936071779925
4373-VVHQL,3,0,0.00674799955713189,0.4157518314018001
4559-UWIHT,3,0,0.4471053494476237,0.6876421397790495
7268-IGMFD,3,1,0.9803582868793085,0.9293643673833023
1846-XWOQN,3,0,0.0012949579643033765,0.17773903581730033
0235-KGSLC,3,1,0.8509576186134205,0.5565093632348419
6650-BWFRT,2,1,0.997054107326417,0.9947795376674089
9570-KYEUA,2,1,0.9939467417589963,0.9483155388088618
6993-YGFJV,2,1,0.9971845333969078,0.9832106554640263
2712-SYWAY,1,0,0.0,0.36492631578947365
0730-BGQGF,2,1,0.988127918311466,0.92337748311406
5498-IBWPI,3,0,0.02558117465146606,0.4350324698605864
9101-NTIXF,1,0,0.0,0.34901052631578944
0013-SMEOE,2,1,0.9998941798941798,0.9770945140629352
9314-QDMDW,3,1,0.7223190459434525,0.7436644604826441
9308-ANMVE,3,0,0.13986174817915026,0.49564996242955484
2884-GBPFB,3,0,0.014901774675455542,0.1835607098701822
3757-NJYBX,2,1,0.9875110966673071,0.6636781228774491
3413-DHLPB,2,1,0.9885455166334729,0.957523469811284
7649-PHJVR,1,0,0.0,0.34926315789473683
6114-TCFID,0,0,0.2686015237846431,0.5072300831980677
3787-TRIAL,0,0,0.01609435499418521,0.3722482683134635
2573-GYRUU,2,1,0.9470527602479142,0.9088421567307445
5156-UMKOW,0,0,0.03735273971604716,0.3898463590443136
1247-QBVSH,3,0,0.09196060858284026,0.463605296064715
6734-GMPVK,3,1,0.9851507610215663,0.9600813570402056
9822-OAOVB,3,1,0.7428750986913057,0.7372342500028382
6161-ERDGD,2,1,0.9695520050950556,0.9036944862485485
1226-JZNKR,1,0,0.0,0.35002105263157895
7318-EIVKO,3,1,0.5996944116228126,0.6895619751754407
3771-PZOBW,3,1,0.952022147047781,0.9099457009243757
5136-KCKGI,2,1,0.9877987615654409,0.6570984519945975
8231-BSWXX,2,0,0.11506418726577762,0.5457309380642057
6486-LHTMA,3,1,0.9282005795864385,0.9004170739398385
4083-BFNYK,2,1,0.9513158270121661,0.9205263308048666
3722-WPXTK,3,1,0.9783270128923306,0.6145308051569323
7389-KBFIT,0,0,0.07855904078224807,0.40784466894447813
7176-WIONM,0,1,0.8797517905730048,0.777837558334465
5141-ZUVBH,3,1,0.9182466723709092,0.9022460373694163
1089-HDMKP,3,0,0.3072901009589835,0.5607265666993828
7623-HKYRK,1,0,0.0,0.34976842105263156
0310-SUCIN,2,1,0.9855254666931336,0.9084417656246218
5197-PYEPU,2,1,0.942428207995447,0.9155818095139683
2929-ERCFZ,3,1,0.9640362331111518,0.6235934406128818
7548-SEPYI,3,1,0.9790332915764138,0.6347712113674076
8835-VSDSE,3,0,0.002516314093110941,0.17961705195303387
6619-RPLQZ,1,0,0.0,0.3526736842105263
3275-RHRNE,0,1,0.9340661725739134,0.8252054163979865
3503-TYDAY,3,0,0.19518497685516675,0.5813160960052246
6901-GOGZG,2,1,0.9954338898055297,0.9127840822380013
1623-NLDOT,0,0,0.05408227717149876,0.1063908056054416
7021-XSNYE,0,1,0.8452786859528022,0.7635430533284893
9621-OUPYD,1,0,0.0,0.3510315789473684
9898-KZQDZ,2,1,0.9844701912465474,0.6326512343933559
8982-NHAVY,2,1,0.9592963976294457,0.9376132958938836
4307-KWMXE,0,0,0.2908330514676922,0.506649010060761
0141-YEAYS,3,1,0.5815849755530242,0.7510339902212098
2450-ZKEED,3,0,0.21153212744809619,0.5205286404529227
3694-DELSO,0,1,0.7048492235431121,0.6793291631014553
3893-JRNFS,0,1,0.7916881058836834,0.7174752423534734
9603-OAIHC,3,0,0.001517272308350614,0.47757532997597185
1133-KXCGE,1,0,0.0,0.350778947368421
5236-PERKL,2,1,0.9979278590270236,0.6845185120318621
0142-GVYSN,1,0,0.0,0.35128421052631575
1049-FYSYG,0,0,0.31389278332785314,0.5156202712258781
7854-FOKSF,0,1,0.7797753945811475,0.4026048946745643
2519-FAKOD,2,1,0.980382036473959,0.6428896566948468
8406-LNMHF,2,0,0.3385931788777304,0.6449951662879343
1821-BUCWY,3,0,0.12739490150244298,0.4915474342851877
8263-JQAIK,0,0,0.023580160164179437,0.07120048511830335
0023-UYUPN,1,0,0.0,0.3636631578947368
8314-DPQHL,0,1,0.8726886107468707,0.7774122864040114
1465-WCZVT,1,0,0.0,0.34964210526315787
9481-SFCQY,3,1,0.5991044921116394,0.6907154810551821
6360-SVNWV,3,0,0.09181392723219245,0.5225360972086665
0567-GGCAC,3,0,0.48491282976703387,0.6490809213804978
7089-IVVAZ,3,1,0.9836626127408417,0.6545597819384419
8884-MRNSU,1,0,0.0,0.3502736842105263
2171-UDMFD,1,0,0.0,0.34913684210526313
9050-IKDZA,3,1,0.7261665359430513,0.7963613512193257
2205-YMZZJ,3,1,0.9220559999688005,0.5830539789348886
9802-CAQUT,2,1,0.99859357696567,0.9761953255231102
1254-IZEYF,2,1,0.9735204876333019,0.6419134582112156
0187-WZNAB,3,0,0.07332058857666354,0.5172861301675076
9492-TOKRI,3,1,0.9349073707185722,0.6013313693400605
1475-VWVDO,3,0,0.164443674780401,0.5549985225437393
9221-OTIVJ,3,1,0.9921484745679472,0.6617436003534947
1357-MVDOZ,3,1,0.6218664407038816,0.6994413131236579
7602-MVRMB,2,1,0.99859357696567,0.9784690097336364
3325-FUYCG,2,1,0.9929989416412782,0.6652416819196691
5908-QMGOE,3,0,0.01037256898961197,0.19160165917479213
1197-BVMVG,3,0,0.009030761754211645,0.49169651522800045
5406-KGRMX,1,0,0.0,0.3620210526315789
8481-YYXWG,3,1,0.947349849754616,0.60466625569132
5968-HYJRZ,1,0,0.0,0.3620210526315789
5198-EFNBM,2,1,0.8080270287581662,0.852221337819056
7516-GMHUV,2,1,0.9755707780192701,0.9556177848919185
7140-ADSMJ,1,0,0.0,0.35166315789473684
2230-XTUWL,1,0,0.0,0.3493894736842105
7706-YLMQA,1,0,0.0,0.34976842105263156
2585-KTFRE,3,1,0.9166706269102002,0.8446471981325012
7994-UYIVZ,3,1,0.914666369200605,0.8822454950486631
2609-IAICY,3,0,0.0019247981356660386,0.19567518241216117
1740-CSDJP,0,1,0.8200678152472893,0.41707975767786315
7717-BICXI,1,0,0.0,0.3519157894736842
6559-RAKOZ,2,1,0.9770496842607163,0.9382725052832339
2636-OHFMN,0,1,0.8305755938708765,0.454882869127298
4716-MRVEN,1,0,0.0,0.3505263157894737
2143-LJULT,1,0,0.0,0.3637894736842105
1323-OOEPC,2,1,0.9794881522363167,0.6403847345787372
3200-MNQTF,2,1,0.6675797922510198,0.7461477063740922
6164-HXUGH,1,0,0.0,0.35014736842105265
5630-IXDXV,2,1,0.9882526185707503,0.9639747316388265
0320-DWVTU,2,1,0.9954208803734932,0.9495367732020288
9135-MGVPY,2,1,0.9901815227804915,0.9100515564806178
1212-GLHMD,3,1,0.8895610869106954,0.8732139084484887
7878-JGDKK,3,0,0.027145894407534822,0.4234057261840665
1088-AUUZZ,2,1,0.9009432931336882,0.8519983698850542
0397-GZBBC,2,1,0.9354587606465248,0.6112782411007152
6614-YWYSC,1,0,0.0,0.36315789473684207
9588-OZDMQ,3,0,0.026016177714472254,0.42409068161210467
7641-EUYET,2,1,0.990349075690185,0.650539630276074
6476-EPYZR,1,0,0.0,0.35178947368421054
9921-ZVRHG,3,0,0.33075286030411966,0.33554324938480573
1174-FGIFN,3,1,0.9479218388105529,0.9076739986821158
6620-HVDUJ,3,0,0.36170909619789954,0.5973994279528441
4701-MLJPN,3,0,0.1440325255779661,0.1971919575996075
1032-MAELW,2,1,0.9745818278295951,0.8880222048160487
7641-TQFHN,2,1,0.9519749398540505,0.9348110285731992
1552-TKMXS,1,0,0.0,0.35141052631578945
9206-GVPEQ,0,1,0.9227312666990521,0.506650401416463
8622-ZLFKO,3,1,0.9688887608745813,0.9168186622445693
1596-BBVTG,3,0,0.023727807568583517,0.1998490177642755
6188-UXBBR,1,0,0.0,0.3511578947368421
2333-KWEWW,1,0,0.0,0.3506526315789474
5702-SKUOB,1,0,0.0,0.3495157894736842
1134-YWTYF,3,0,0.08056514850651095,0.46814184887628857
6061-GWWAV,2,1,0.8951080295384891,0.8353905802364483
0679-TDGAK,2,1,0.964125314973204,0.8763869680945449
6585-WCEWR,1,0,0.0,0.35141052631578945
9067-YGSCA,1,0,0.0,0.3658105263157895
9067-SQTNS,1,0,0.0,0.3520421052631579
8433-WXGNA,3,0,0.1530282775296118,0.2524534162750026
1776-SPBWV,1,0,0.0,0.350778947368421
8735-SDUFN,1,0,0.0,0.3613894736842105
9668-PUGNU,1,0,0.0,0.36189473684210527
9405-GPBBG,2,1,0.9993308034699905,0.9788902161248383
1926-QUZNN,1,0,0.0,0.3637894736842105
3707-GNWHM,3,0,0.0015831941339171857,0.18821222502198792
7016-NVRIC,2,1,0.873501157824368,0.8770215157613261
5829-NVSQN,3,1,0.8756770918264045,0.8239550472568775
9565-AXSMR,1,0,0.0,0.3485052631578947
8922-LIEGH,3,1,0.9747885104241211,0.6165259304854379
8869-LIHMK,2,1,0.9993308034699905,0.9905112687564173
8245-UMPYT,3,1,0.9666840467895829,0.6302104608210963
5186-SAMNZ,3,0,0.001517272308350614,0.17618585629176128
0447-RXSGD,3,1,0.9667845167650344,0.9384611751270664
4927-WWOOZ,3,1,0.970616066985455,0.9192780057415504
5788-YPOEG,2,1,0.9939550431172401,0.9116872804047909
5373-SFODM,3,1,0.9117475317985386,0.5800674337720471
0661-KBKPA,2,1,0.9667270483009208,0.885638187741421
9081-WWXKP,1,0,0.0,0.3511578947368421
0784-ZQJZX,1,0,0.0,0.3502736842105263
3133-PZNSR,2,1,0.983525894482794,0.9403577262141702
5766-ZJYBB,1,0,0.0,0.04901052631578947
8931-GJJIQ,3,1,0.8625809177633712,0.5554744723685063
4277-PVRAN,3,1,0.5453769845545934,0.42050868855867946
0022-TCJCI,3,1,0.649281895163804,0.4181127580655216
0722-SVSFK,3,1,0.9861491695990603,0.9481017731027821
3612-YVGSJ,1,0,0.0,0.3617684210526316
9825-YCXWZ,2,1,0.9840452907938912,0.9490286426333461
5397-NSKQG,0,1,0.8177173790932736,0.75567642532152
8565-HBFNN,2,1,0.9986991088833195,0.9703006961849068
2000-DHJUY,2,1,0.9925820900421718,0.9299591518063424
0203-HHYIJ,1,0,0.0,0.06391578947368422
8670-ERCJH,2,1,0.9992321739018841,0.9861770800870695
7758-UJWYS,0,1,0.7650592344527467,0.7084657990442567
2050-ONYDQ,1,0,0.0,0.3656842105263158
7055-JCGNI,2,1,0.9994647320414191,0.9826069454481465
0739-UUAJR,0,1,0.9106083595469379,0.8001591332924594
4826-DXMUP,3,1,0.8969044863742659,0.840909162970759
0952-KMEEH,3,1,0.9698899303554827,0.6359138668790352
7285-KLOTR,3,1,0.9544853145776675,0.880994125831067
0654-PQKDW,2,1,0.8590276038421039,0.8223478836421048
7175-NTIXE,3,1,0.9278219574741936,0.8635077303580985
7963-SHNDT,0,0,0.14978285253480675,0.45869208838234377
9796-BPKIW,3,0,0.018910911920478266,0.48428015424187554
0188-GWFLE,1,0,0.0,0.3506526315789474
8129-GMVGI,1,0,0.0,0.3506526315789474
2882-DDZPG,1,0,0.0,0.34913684210526313
3547-LQRIK,1,0,0.0,0.3679578947368421
9137-NOQKA,1,0,0.0,0.3485052631578947
5843-TTHGI,3,0,0.06245862998511807,0.45129924146773137
1849-RJYIG,3,1,0.6855748155875324,0.725808873603434
8868-GAGIO,2,0,0.3157212848967826,0.6398885139587129
4061-UKJWL,3,0,0.021750427837068254,0.4235212237664062
5380-XPJNZ,1,0,0.0,0.3506526315789474
8263-QMNTJ,2,1,0.9977670576228145,0.9910226125228101
8178-EYZUO,2,1,0.955345487193876,0.6188539843512346
3230-JCNZS,2,1,0.9764289157211293,0.9406768294463466
0277-ORXQS,0,1,0.879145950521845,0.7793636433666327
5130-IEKQT,2,1,0.9940168928524841,0.6652699150357304
3230-WYKIR,3,1,0.9429000548475496,0.584317916675862
7996-BPXHY,1,0,0.0,0.36315789473684207
3227-WLKLI,2,1,0.9930502631310084,0.9285043157787192
0407-BDJKB,2,1,0.9711171236322632,0.6303415862950106
2266-FUBDZ,1,0,0.0,0.3488842105263158
8237-ULIXL,1,0,0.0,0.36277894736842103
9600-UDOPK,3,1,0.913559545821521,0.6030238183286084
8216-AZUUZ,2,1,0.9863477233418938,0.9481811945999155
9153-BTBVV,1,0,0.0,0.36315789473684207
4074-SJFFA,3,1,0.6589671648579997,0.4019026554168841
3269-ATYWD,2,1,0.9909746484272232,0.6380319646340471
5186-PEIZU,1,0,0.0,0.3486315789473684
1074-AMIOH,2,1,0.9953658025282199,0.9716200052218142
4910-GMJOT,3,1,0.9703768547417054,0.6271402155808927
0354-WYROK,2,1,0.9647303303757552,0.6357447637292495
4361-FEBGN,1,0,0.0,0.3509052631578947
7748-UMTRK,2,1,0.9759833254165572,0.9463091196403071
0380-ZCSBI,1,0,0.0,0.3505263157894737
7145-FEJWU,3,1,0.962980107104344,0.9512130954733167
6463-MVYRY,2,1,0.8672234006274482,0.8233525181457162
3969-JQABI,2,1,0.6068918313325581,0.707598837796181
9624-EGDEQ,1,0,0.0,0.35002105263157895
1051-EQPZR,1,0,0.0,0.3495157894736842
5849-ASHZJ,1,0,0.0,0.3506526315789474
5780-INQIK,3,0,0.11043422144851472,0.4689736885794059
7576-OYWBN,3,0,0.008773925619108402,0.19563588603711704
4526-ZJJTM,3,1,0.8797059164625994,0.8752086823745135
8384-FZBJK,2,1,0.9723730109703678,0.9430965728091998
3750-RNQKR,1,0,0.0,0.34913684210526313
0962-CQPWQ,1,0,0.0,0.35128421052631575
3096-YXENJ,2,1,0.998125709867496,0.9712081786838407
1265-BCFEO,2,1,0.9685754654126848,0.8906722914282319
5837-LXSDN,3,1,0.5552119621191853,0.6707584690582005
5945-AZYHT,2,1,0.9971991088833194,0.9757638540796436
8325-QRPZR,3,0,0.13064688665046836,0.5421113862391347
6384-VMJHP,2,1,0.9782187493397548,0.8757085523674808
2262-SLNVK,3,0,0.0004962267070946105,0.4772932275249431
7730-CLDSV,2,1,0.9706552320404691,0.9374831454477666
1135-HIORI,2,1,0.996497623291741,0.9801569440535385
0164-APGRB,2,1,0.9992321739018842,0.9899665537712801
6481-ESCNL,2,1,0.964927407729194,0.9399920157232566
1790-NESIO,1,0,0.0,0.35153684210526315
1550-EENBN,2,1,0.9819162884896465,0.9563875680274376
5539-TMZLF,3,0,0.001517272308350614,0.1768174352391297
4323-SADQS,0,0,0.14510573003747024,0.1452001867518302
4446-BZKHU,2,1,0.9915967247935104,0.6632913214963515
5202-IVJNU,0,0,0.09683780916314384,0.11477722892841544
5976-JCJRH,3,0,0.006348571378140723,0.18013942855125628
8198-RKSZG,3,1,0.9295714948853875,0.8750707032173128
0137-OCGAB,3,1,0.7064635850149957,0.4851959603217878
3351-NQLDI,2,1,0.8976572980937334,0.5974208139743354
9297-EONCV,2,1,0.9888652198127061,0.9263250352935035
7593-JNWRU,3,0,0.02482539294939106,0.12260384139028274
4588-YBNIB,1,0,0.0,0.04951578947368421
1069-QJOEE,1,0,0.0,0.3502736842105263
3336-JORSO,2,1,0.9961776992084479,0.6775026586307475
7799-DSEWS,3,1,0.8887185434149194,0.828161101576494
8766-PAFNE,2,1,0.9829340080529511,0.8930051821685487
5315-CKEQK,3,0,0.07363170922381762,0.45829478895268494
3130-ICDUP,3,0,0.49905456371172074,0.7031165623267936
0820-FNRNX,3,1,0.7348794641460633,0.76245704881632
0880-FVFWF,2,1,0.5081248271821623,0.7215236150833912
4611-ANLQC,0,1,0.9340481867832383,0.8000613799764533
4213-HKBJO,1,0,0.0,0.36492631578947365
2792-LSHWX,3,0,0.36041605757767703,0.6548611598731762
5028-GZLDO,3,0,0.006654328922028532,0.1812722578846009
0014-BMAQU,2,0,0.2193539516077877,0.6015942122220624
6861-XWTWQ,3,1,0.9882170011812116,0.6460236425777478
9018-PCIOK,2,1,0.6381207707967752,0.7188272556871311
4837-QUSFT,2,1,0.9858519751022505,0.9473513163566898
6877-TJMBR,3,1,0.8233176432420204,0.5435586362441766
9953-ZMKSM,1,0,0.0,0.3637894736842105
0907-HQNTS,2,1,0.9993941798941799,0.9852313561681982
7665-NKLAV,0,0,0.4428475389064407,0.5798337524046815
6769-DCQLI,2,1,0.9962402957859705,0.6637592762091251
2433-KMEAS,3,0,0.11939793340918574,0.1853170681005164
4391-LNRXK,3,1,0.9469529993386461,0.9186548839459847
8250-ZNGGW,3,0,0.41140808373545246,0.6158895492836547
2195-ZRVAX,2,1,0.5489164987473244,0.43506133634103505
3550-SAHFP,3,1,0.8332245629486639,0.5438582462320971
2011-TRQYE,0,0,0.13077112069285626,0.13694002722451093
8562-GHPPI,1,0,0.0,0.35002105263157895
5893-PYOLZ,2,1,0.9668581215235783,0.8933958801883788
4986-MXSFP,1,0,0.0,0.3505263157894737
6131-FOYAS,3,0,0.28692974701134694,0.5653403198571703
3027-YNWZU,1,0,0.0,0.36315789473684207
5609-IMCGG,3,1,0.656489765346052,0.775690642980526
4873-ILOLJ,3,1,0.9437899865442196,0.6057686261966352
4727-MCYZG,3,1,0.7308113146312565,0.7326613679577658
9481-WHGWY,2,1,0.958666285219394,0.8738244088245997
2725-KXXWT,3,1,0.970361289821027,0.6174076738231477
9565-DJPIB,3,1,0.879831836872521,0.5782906294858505
4328-VUFWD,3,0,0.46045946111607167,0.6339943107622181
3301-LSLWQ,3,1,0.7406137995471102,0.7632349935030545
7473-ZBDSN,1,0,0.0,0.34749473684210525
3166-PNEOF,2,1,0.9865800422163373,0.9130320168865349
5639-NTUPK,3,0,0.09135769121280164,0.4681641291166996
8780-YRMTT,0,0,0.4767580749064287,0.6104505983836241
8348-HFYIV,0,1,0.8198314707590179,0.4523536409351861
5140-FOMCQ,2,1,0.9981095569642153,0.9749911912067388
6242-SGYTS,2,1,0.9271823436738706,0.9107466216800746
8166-ORCHU,2,1,0.9634720695261995,0.921725669915743
8414-OOEEL,2,1,0.977303105570728,0.891763347491449
8454-AATJP,2,1,0.9992321739018842,0.9903455011397011
6849-WLEYG,1,0,0.0,0.04989473684210526
4659-NZRUF,3,1,0.9615495985410548,0.624998786784843
4531-AUZNK,2,1,0.9595160188575121,0.9241853549114258
4191-XOVOM,2,1,0.9948004776390031,0.9641938752661277
2150-OEGBV,1,0,0.0,0.350778947368421
8429-XIBUM,3,1,0.9734747360033091,0.6454319996644815
1855-CFULU,1,0,0.0,0.3506526315789474
4878-BUNFV,1,0,0.0,0.35229473684210527
1872-EBWSC,1,0,0.0,0.35141052631578945
2608-BHKFN,3,0,0.008611412220169597,0.18041298594069943
7026-YMSBE,1,0,0.0,0.34976842105263156
7341-LXCAF,3,0,0.0037057032917304266,0.1900717550009027
6997-UVGOX,2,1,0.9841661509100941,0.9095401445745639
9674-EHPPG,0,0,0.2702368491931518,0.5101578975719976
9462-MJUAW,3,0,0.026703037264677678,0.13800753069534474
8128-YVJRG,3,1,0.5357054536478738,0.4155032340907285
5440-VHLUL,2,1,0.9984606485515417,0.9651526804732484
5781-BKHOP,2,1,0.9703543977625229,0.9424154433155354
4283-FUTGF,3,0,0.26734420225631633,0.3086639966920002
5213-TWWJU,3,1,0.9339812564887134,0.9034872394375906
1569-TTNYJ,3,0,0.3966914889544074,0.3576239640028156
8628-MFKAX,2,1,0.9988941798941798,0.9945050403787246
2397-BRLOM,3,0,0.4937569270973735,0.4007448761021073
7629-WIXZF,3,1,0.7106408714552375,0.7335616117399897
5445-GLVOT,3,0,0.05785560989191319,0.44895277027255476
3976-HXHCE,1,0,0.0,0.3487578947368421
2466-NEJOJ,1,0,0.0,0.34964210526315787
0254-KCJGT,2,1,0.9666151617946831,0.8922881699810312
5472-CVMDX,0,0,0.16568971275835548,0.4645495693138685
6461-SZMCV,2,1,0.9939134250186764,0.9197548436916811
8150-QUDFX,1,0,0.0,0.35014736842105265
9508-ILZDG,2,1,0.9790598736526194,0.9350344757768372
2346-DJQTB,0,0,0.03325655468410628,0.37431314818943195
1697-LYYYX,1,0,0.0,0.34825263157894737
1942-OQFRW,3,0,0.00674799955713189,0.4138570945596949
4749-VFKVB,3,0,0.006597606163526717,0.12920746351804227
9640-ZSLDC,3,1,0.502790606889265,0.6542109795978113
4231-LZUYM,1,0,0.0,0.3648
7598-UAASY,3,0,0.1342729179926806,0.24671969351286172
7938-OUHIO,3,1,0.987870019461939,0.6444953762058282
8510-AWCXC,3,1,0.9830230530881039,0.647861852814189
6128-AQBMT,0,1,0.9552464426074885,0.8183933138851007
3594-BDSOA,1,0,0.0,0.35153684210526315
0431-APWVY,3,1,0.9512551721438862,0.6081231214891334
5133-VRSAB,0,0,0.0740237454020888,0.40375686658188814
5996-DAOQL,1,0,0.0,0.35166315789473684
6838-YAUVY,2,1,0.9469363361076656,0.9190271660220135
0484-JPBRU,1,0,0.0,0.3637894736842105
7883-ROJOC,3,0,0.029072701050017656,0.42506065936737547
0244-LGNFY,2,1,0.9841815325785287,0.9277357709261485
7274-CGTOD,0,0,0.35189774219722186,0.5511590968788888
4295-YURET,2,1,0.8953032581178566,0.8415318295629322
3426-NIYYL,3,0,0.017786212624596155,0.1373460639972069
8225-BTJAU,3,1,0.5712852629501132,0.42872463149583473
4635-EJYPD,1,0,0.0,0.3478736842105263
1866-ZSLJM,1,0,0.0,0.35178947368421054
4636-TVXVG,1,0,0.0,0.3504
4236-UJPWO,0,0,0.01973218940067171,0.3697876126023739
9392-XBGTD,1,0,0.0,0.3520421052631579
3387-VATUS,3,1,0.97092483815351,0.627990987892983
6402-SSEJG,0,1,0.9446953948578366,0.832109736890503
1143-NMNQJ,3,1,0.9266987633480581,0.587184768497118
1169-SAOCL,2,1,0.9928569581418158,0.9665743622040948
1110-KYLGQ,2,1,0.9963748029404997,0.9720236053867262
9929-PLVPA,1,0,0.0,0.35153684210526315
3518-PZXZQ,3,1,0.7432973714244462,0.7370242117276732
2371-JUNGC,1,0,0.0,0.3511578947368421
7693-QPEFS,3,0,0.012059961967856705,0.48911872162924797
0924-BJCRC,2,1,0.8793724883290724,0.8777279427000502
5074-FBGHB,2,1,0.9984606485515417,0.9637632067890378
2351-BKRZW,2,1,0.9369802467622611,0.8647710460733256
4455-BFSPD,2,1,0.9766111034137759,0.9461812834707735
0415-MOSGF,3,0,0.007710106163526718,0.11525246351804226
1724-BQUHA,3,1,0.9846843052270264,0.6199789852487053
3948-KXDUF,2,0,0.460657874538289,0.6579473603416315
2323-ARSVR,2,1,0.9971845333969078,0.9794211817798157
0815-MFZGM,2,1,0.9869136548873833,0.9448707251128481
4826-XTSOH,3,1,0.9167742030421938,0.5840991549010881
5480-XTFFL,1,0,0.0,0.35305263157894734
8295-FHIVV,1,0,0.0,0.34901052631578944
2495-INZWQ,0,1,0.7488546848763745,0.41208924237160244
9086-YJYXS,2,1,0.9362125962929335,0.8695166174645419
1179-INLAT,1,0,0.0,0.34913684210526313
7909-FIOIY,0,0,0.013134108694525304,0.3680325908462312
4139-SUGLD,0,0,0.1794122521871121,0.16119647982221325
6857-VWJDT,3,1,0.9703768547417054,0.6297928471598401
6351-SCJKT,0,0,0.36257889741587074,0.5494947168610851
5468-BPMMO,1,0,0.0,0.3495157894736842
5624-BQSSA,1,0,0.0,0.05292631578947368
0197-PNKNK,2,0,0.14241438403973128,0.5703131220369451
2439-QKJUL,1,0,0.0,0.3511578947368421
1194-SPVSP,1,0,0.0,0.34964210526315787
9534-NSXEM,1,0,0.0,0.3521684210526316
2408-WITXK,0,1,0.7257371496372461,0.3779580177496353
8929-KSWIH,2,1,0.9840509183046131,0.944483525216582
2250-IVBWA,2,0,0.16635411043432907,0.5712995389105737
1810-MVMAI,3,1,0.7804262658291533,0.7829494537000823
9506-UXUSK,3,0,0.012106147732143711,0.48206351172443646
1229-RCALF,2,1,0.9979090655932761,0.9896899420267842
3572-UOLYZ,2,0,0.30559438418880736,0.6364693326228914
1429-UYJSV,1,0,0.0,0.34976842105263156
5577-OTWWW,1,0,0.0,0.04989473684210526
6100-QQHEB,3,1,0.9646241659796745,0.6196601927076593
6366-XIVKZ,3,1,0.7052747292029212,0.7416467337864316
3470-OBUET,2,1,0.9357987453001866,0.8612668665411274
2770-NSVDG,0,0,0.0759835201164322,0.4039091975202571
9375-MHRRS,3,0,0.10564432701015543,0.46869983606722004
2634-HCZGT,3,0,0.30964940204710945,0.2755650239767385
7503-QQRVF,3,0,0.10348680595405638,0.22909998553951727
4860-YZGZM,1,0,0.0,0.3505263157894737
6599-GZWCM,3,0,0.10042499574757283,0.5287594719832396
2691-NZETQ,3,1,0.8936918734449422,0.5730978020095558
4404-HIBDJ,3,1,0.9287221012989447,0.5591941036774726
5533-NHFRF,0,1,0.9135099298531153,0.7775723929938777
7037-MTYVW,2,1,0.9726441900781511,0.904805044452313
4760-THGOT,2,1,0.927552786899402,0.9087474305492345
7295-JOMMD,3,1,0.9645828855988896,0.6336647331869243
4016-BJKTZ,2,1,0.9950398231166763,0.9731317187203548
6584-VQMYT,3,0,0.10536589953282953,0.4841253071815529
9838-BFCQT,1,0,0.0,0.3659368421052631
2790-XUYMV,2,0,0.21605477862783673,0.602295595661661
0581-MDMPW,3,1,0.9172832952765139,0.8916291075842897
5013-SBUIH,2,1,0.9954208803734932,0.6751788784651868
1023-BQXZE,2,1,0.9537946771118306,0.8693494497921006
9163-GHAYE,3,0,0.06245862998511807,0.4483939783098367
3904-UKFRE,3,1,0.5753455677991596,0.7324961218565059
5353-WILCI,3,0,0.12524139213922203,0.4916965568556888
0709-TVGUR,3,0,0.01013647846740499,0.19239143349222512
0058-EVZWM,2,1,0.9023982930468112,0.8878224751134614
6023-YEBUP,3,1,0.9864464456918725,0.6496101572241175
7209-JCUDS,3,1,0.9794228887329348,0.6315165239142266
7009-PCARS,1,0,0.0,0.34825263157894737
0519-DRGTI,1,0,0.0,0.35141052631578945
1017-FBQMM,2,1,0.9790353336141057,0.9595299229193264
3001-CBHLQ,2,1,0.989045994900794,0.6606289242761071
1985-MBRYP,1,0,0.0,0.34964210526315787
6158-DWPZT,0,0,0.017247926047036777,0.0677833809451305
9372-TXXPS,2,0,0.20039776451219904,0.5313591058048797
3259-QMXUN,2,1,0.9763800253301111,0.9080677996057287
1015-JPFYW,1,0,0.0,0.34913684210526313
6645-MXQJT,3,1,0.979773007106378,0.937214466000446
4360-QRAVE,0,0,0.26884167499861816,0.5001261436836578
8433-WPJTV,2,1,0.9454075569587483,0.9406472333098153
5804-JMYIO,1,0,0.0,0.34989473684210526
3763-GCZHZ,2,1,0.9981932066910766,0.6621404405711675
6484-LATFU,1,0,0.0,0.3620210526315789
7599-NTMDP,0,1,0.8978529109465317,0.7821727433259811
0772-GYEQQ,3,1,0.9520705617793103,0.6040282247117241
0536-ACXIP,2,1,0.997054107326417,0.975579537667409
0936-NQLJU,1,0,0.0,0.3521684210526316
4831-EOBFE,2,1,0.8961100413642559,0.5975598060193865
1575-KRZZE,3,0,0.3159034459260614,0.565814009949372
3251-YMVWZ,1,0,0.0,0.3607578947368421
4102-OQUPX,3,0,0.004915971217684803,0.18992428322391602
9170-GYZJC,2,1,0.9681659691168035,0.5891190192256688
4884-LEVMQ,1,0,0.0,0.35166315789473684
8857-CUPFQ,1,0,0.0,0.3486315789473684
7610-TVOPG,1,0,0.0,0.36656842105263154
3638-DIMPH,3,0,0.025995603603010467,0.42105087302015154
1845-ZLLIG,3,0,0.032931817612106534,0.43986746388694786
8559-WNQZS,1,0,0.0,0.35166315789473684
3999-QGRJH,3,0,0.018910911920478266,0.1836485752945071
1699-UOTXU,2,0,0.2810108344288247,0.5675201232452141
2454-RPBRZ,3,1,0.976677643860421,0.6385026364915368
0635-WKOLD,2,1,0.9112585050093089,0.8432402441089868
5993-JSUWV,2,0,0.21851696476845206,0.5418909964336966
4518-FZBSX,1,0,0.0,0.3511578947368421
5387-ASZNZ,2,0,0.30489713636462834,0.5832641177037461
6988-CJEYV,2,1,0.9829034040458634,0.942508730039398
2002-MZHWP,1,0,0.0,0.051789473684210524
3097-FQTVJ,1,0,0.0,0.3505263157894737
5465-BUBFA,1,0,0.0,0.3487578947368421
7299-GNVPL,3,0,0.44750619147373677,0.6922235292210737
9743-DQKQW,0,0,0.01927102934283997,0.37111893805292545
1215-VFYVK,0,1,0.9083229327362032,0.7852239099365865
9371-BITHB,1,0,0.0,0.35014736842105265
2265-CYWIV,3,1,0.9858735865126014,0.6459704872366194
9093-FPDLG,3,1,0.9530493046493862,0.9191986692281755
0541-FITGH,3,1,0.7087370212078821,0.7405053347989423
6985-HAYWX,3,0,0.22057264934975923,0.5885659018451668
7508-KBIMB,3,0,0.11818336274385842,0.4893786082554381
6838-HVLXG,1,0,0.0,0.35128421052631575
2277-DJJDL,2,1,0.984707041372425,0.9439880797068647
1897-OKVMW,2,1,0.9930502631310084,0.9261043157787192
5485-ITNPC,2,1,0.9909574635657654,0.9133935117420957
0233-FTHAV,2,0,0.1195901476736095,0.5479202695957596
4644-PIZRT,3,1,0.8848275510636574,0.8316573362149366
8922-NPKBJ,1,0,0.0,0.3488842105263158
2740-TVLFN,3,0,0.005992642414274747,0.42909179380781515
7771-CFQRQ,2,1,0.6948952918758864,0.7391370641187756
9512-PHSMG,1,0,0.0,0.3519157894736842
6963-EZQEE,2,1,0.9934616777076832,0.921089934240968
2452-KDRRH,2,1,0.983905525983441,0.9497306314460081
2004-OCQXK,3,1,0.8175622939009151,0.5340564965077345
5027-QPKTE,3,0,0.0037057032917304266,0.17668228131669217
4146-SVFUD,3,0,0.00674799955713189,0.4153728840333791
1564-HJUVY,3,1,0.8463636404466547,0.7995980877576092
3617-XLSGQ,2,1,0.9988080366496064,0.9755232146598427
7517-LDMPS,3,1,0.7392111214550248,0.8094107643714836
7244-KXYZN,1,0,0.0,0.35166315789473684
5226-NOZFC,3,1,0.6564387424869226,0.7792070759421375
2672-HUYVI,3,1,0.9756400683279043,0.6204033957522144
1400-WIVLL,2,1,0.9848015739144934,0.9666364190394816
7508-MYBOG,3,1,0.8983722149290927,0.5768646754453213
8148-NLEGT,1,0,0.0,0.35797894736842106
0148-DCDOS,3,1,0.9489980000393166,0.6188413052788846
8347-GDTMP,1,0,0.0,0.34913684210526313
9992-RRAMN,3,1,0.9208201620143178,0.5833175384899376
6746-WAUWT,1,0,0.0,0.34976842105263156
0310-MVLET,2,1,0.972692159906538,0.6395610744889311
0428-IKYCP,3,1,0.8023492393354793,0.8407291694184023
4550-VBOFE,2,1,0.9916121497877103,0.6567290704413999
2187-PKZAY,3,0,0.43592969934461834,0.6763508271062684
4003-OCTMP,3,1,0.7164146027019399,0.7482500516070918
6652-YFFJO,3,1,0.8062102266508238,0.7864419853971716
7225-IILWY,1,0,0.0,0.36505263157894735
5248-RPYWW,2,1,0.975722777952241,0.9180364796019491
7923-IYJWY,2,1,0.9991720160286336,0.9929740695693481
3170-GWYKC,2,1,0.9968224522620452,0.9638658230100814
5696-QURRL,3,0,0.00674799955713189,0.11650972613864223
7409-KIUTL,3,0,0.00046162463097004303,0.1795530709050196
9830-ECLEN,0,1,0.9423950282384354,0.8032738007690583
1732-VHUBQ,3,0,0.004747797627285636,0.18013069799828266
0495-RVCBF,3,1,0.7897027889247876,0.5172284839909677
2668-TZSPS,1,0,0.0,0.35166315789473684
7854-EDSSA,3,0,0.2982257021914394,0.26834291245552316
8869-TORSS,3,0,0.22241058364375238,0.24142739135223779
7446-SFAOA,1,0,0.0,0.35014736842105265
9522-ZSINC,1,0,0.0,0.3504
8234-GSZYK,1,0,0.0,0.36682105263157894
6505-OZNPG,0,1,0.9242621533526341,0.8298732823936852
6164-HAQTX,0,1,0.9561188995004837,0.8187422966422988
0679-IDSTG,3,0,0.002454545454545455,0.17592918660287082
7765-LWVVH,2,1,0.8763623253365773,0.8907975617135784
1658-TJVOA,3,0,0.11359034539442386,0.5326361381577696
0953-LGOVU,0,0,0.17284947278827756,0.4588239996416268
2115-BFTIW,3,0,0.0144919125699728,0.18503887029114702
4692-NNQRU,3,0,0.36964354076247163,0.6479416268313045
7742-MYPGI,3,0,0.09257954567335655,0.46031602879565836
0611-DFXKO,3,1,0.9551287853006274,0.6068936193834088
7780-OTDSO,3,1,0.9612713802037558,0.6356243415551865
9619-GSATL,3,0,0.22364137446779353,0.5295407603134332
5622-UEJFI,1,0,0.0,0.3641684210526316
9747-DDZOS,3,0,0.04165718638163043,0.20234708507896793
0674-DGMAQ,2,1,0.9703041960549099,0.9243322047377536
6203-HBZPA,0,1,0.942287099646164,0.838346418805834
0484-FFVBJ,3,1,0.7608278524557771,0.7681627199296792
0301-FIDRB,0,1,0.9892552705177512,0.8568810555755215
4139-JPIAM,0,1,0.9045969974367821,0.7741335358168182
2181-TIDSV,1,0,0.0,0.3504
2761-XECQW,0,1,0.931346194272061,0.7820542671825086
1936-CZAKF,0,1,0.8317380317615476,0.7581267916519874
9453-PATOS,2,1,0.9937783675474121,0.9125008207031753
0564-JJHGS,3,1,0.9660079371887069,0.6276663327702197
3348-CFRNX,3,1,0.888907243456349,0.5888681605404343
4402-FTBXC,2,1,0.7767208133697188,0.8375514832426243
1428-GTBJJ,3,0,0.10585092648970867,0.2306772127011466
2931-XIQBR,2,1,0.9951370861548463,0.9583916765672018
0106-UGRDO,2,1,0.9972923765341628,0.9919695821926124
5542-TBBWB,3,0,0.0013506359943823022,0.47712972808196347
1930-QPBVZ,2,1,0.7152765568605466,0.826363254323166
2606-PKWJB,0,0,0.19432413405873522,0.47941386414980985
5322-ZSMZY,1,0,0.0,0.36505263157894735
8059-UDZFY,2,1,0.9930607853766119,0.9633716825716974
7740-BTPUX,2,1,0.9959956994248793,0.9853877534541622
5220-AGAAX,1,0,0.0,0.3606315789473684
0208-BPQEJ,1,0,0.0,0.34901052631578944
9435-JMLSX,2,1,0.9942673413862845,0.915222726028198
3352-ALMCK,2,1,0.9832897110337727,0.9526422002029828
5312-IRCFR,2,1,0.8356926112351357,0.868845465546686
5294-IMHHT,2,1,0.981517053039552,0.9395541896368733
8802-UNOJF,3,1,0.5130767719727188,0.4169359719469823
6313-GIDIT,0,1,0.929666379802686,0.5094244466579165
6176-YJWAS,2,1,0.9718996045258607,0.9362124733892916
5310-NOOVA,1,0,0.0,0.3504
4526-EXKKN,1,0,0.0,0.3621473684210526
5311-IHLEI,0,1,0.8979499722608492,0.7878957783780238
3987-KQDDU,3,0,0.13714634788071584,0.5458480128364969
3404-JNXAX,2,0,0.16863558636342518,0.5714542345453701
5131-PONJI,2,1,0.8379630216255305,0.8635641560186333
2845-AFFTX,2,1,0.9853670086011688,0.6462731192299412
3489-VSFRD,2,0,0.24372204570691905,0.5496993445985571
3345-JHUEO,1,0,0.0,0.3510315789473684
5815-HGGHV,3,1,0.7735859600309876,0.7714975419071319
5260-UMPWX,1,0,0.0,0.3511578947368421
2249-YPRNG,2,1,0.9923535142245542,0.6643519320056112
7410-YTJIK,3,0,0.009535311849951579,0.19442465105577011
4626-GYCZP,3,1,0.9762437960376283,0.6275922552571567
5649-RXQTV,2,1,0.9925949898095433,0.9471432590817122
2674-MIAHT,3,1,0.5590812973366548,0.7264956768293988
2576-HXMPA,1,0,0.0,0.3493894736842105
7587-AOVVU,2,1,0.9843861083323501,0.9482807591224138
5590-BYNII,3,1,0.9704067922093655,0.64268903267322
6898-MDLZW,3,0,0.21348237463208591,0.5211824235370448
3237-AJGEH,0,0,0.037543769846287496,0.09333329741219921
4707-YNOQA,1,0,0.0,0.3646736842105263
9357-UJRUN,3,0,0.27253282293750636,0.556423655490792
1591-NFNLQ,2,0,0.11177700523179966,0.2468160652506146
8648-PFRMP,0,1,0.8705152184610041,0.7653008242265069
7663-CUXZB,2,1,0.9957548429424444,0.9856703582296094
0258-NOKBL,3,1,0.9696426154658799,0.916235993554773
1163-VIPRI,2,1,0.9988080366496064,0.9756495304493162
2815-CPTUL,3,0,0.008910911920478265,0.18103804897871761
9348-ROUAI,2,1,0.9955667673166484,0.926353022716133
9443-JUBUO,0,1,0.9546205798031842,0.8466903371844317
0596-BQCEQ,2,1,0.992029026975312,0.6498221371059143
1481-ZUWZA,2,1,0.9665217035356655,0.6253455235195293
3043-TYBNO,3,1,0.6501089800080588,0.7132646446348025
4830-FAXFM,1,0,0.0,0.3608842105263158
5906-BFOZT,1,0,0.0,0.34926315789473683
2960-NKRSO,3,1,0.5358860964990096,0.731491280704867
8996-ZROXE,3,0,0.24399251698998975,0.532754901532838
5598-IKHQQ,1,0,0.0,0.3642947368421052
0397-ZXWQF,1,0,0.0,0.35178947368421054
5266-PFRQK,1,0,0.0,0.3526736842105263
4674-HGNUA,2,1,0.9890956602469498,0.9227540535724641
6765-MBQNU,1,0,0.0,0.3656842105263158
9786-IJYDL,2,1,0.9958664412981973,0.9843255238877
1303-SRDOK,3,0,0.03887996696414255,0.4899940920488149
3769-MHZNV,1,0,0.0,0.350778947368421
6295-OSINB,2,1,0.9977670576228145,0.9761173493649153
3308-MHOOC,1,0,0.0,0.3485052631578947
2309-OSFEU,0,1,0.6092265067715618,0.3293327079717826
2207-QPJED,2,1,0.826830120148178,0.8581004691119027
4177-JPDFU,0,0,0.23213810729966292,0.4787499797619704
2239-CFOUJ,1,0,0.0,0.35153684210526315
8046-DNVTL,0,0,0.22977925684490624,0.4894274922116467
2209-XADXF,0,0,0.006615903829526121,0.36643583521602097
6620-JDYNW,3,1,0.5751065480815947,0.6831373560747431
1891-FZYSA,2,1,0.8474165839754266,0.5662087388533286
4770-UEZOX,3,0,0.14318924619058046,0.5461178037393901
1038-RQOST,1,0,0.0,0.3520421052631579
7613-LLQFO,3,1,0.8719695173892454,0.5621351753767508
4568-TTZRT,1,0,0.0,0.35153684210526315
9513-DXHDA,2,1,0.9913885709421748,0.9029554283768699
2640-PMGFL,3,0,0.21632111568123732,0.28737055153565283
3801-HMYNL,3,1,0.9788059652883793,0.6167434387469307
0516-QREYC,1,0,0.0,0.35128421052631575
9685-WKZGT,3,0,0.008705902322945302,0.19282972935023074
6022-UGGSO,3,0,0.09520328995248986,0.22603921071783806
8084-OIVBS,1,0,0.0,0.3505263157894737
8896-BQTTI,1,0,0.0,0.36315789473684207
3865-QBWSJ,3,0,0.22581979394548252,0.593570022841351
3352-RICWQ,1,0,0.0,0.34989473684210526
2160-GPFXD,2,0,0.481988637435999,0.6586480865533471
2065-MMKGR,3,1,0.7748248217236956,0.7892983497421098
5857-TYBCJ,2,1,0.9331327524779066,0.8986004694122154
1498-NHTLT,2,1,0.9966764582460358,0.9178284780352564
4484-CGXFK,3,1,0.5557442588937584,0.3620029667153981
1402-PTHGN,3,0,0.4105188924991409,0.619575978052288
4176-RELJR,1,0,0.0,0.36341052631578946
6214-EDAKZ,3,0,0.1643562054052745,0.2050687979515835
5199-FPUSP,0,0,0.17007083634581388,0.4540493871699045
6377-KSLXC,1,0,0.0,0.3504
1796-JANOW,1,0,0.0,0.3504
0238-WHBIQ,2,1,0.983424172643644,0.9199801953732472
8735-NBLWT,1,0,0.0,0.35153684210526315
6651-RLGGM,1,0,0.0,0.3664421052631579
6127-ISGTU,3,1,0.9076036043032797,0.5776519680371014
1614-JBEBI,1,0,0.0,0.35229473684210527
8740-XLHDR,0,1,0.7176482307897158,0.3963224502106232
1208-DNHLN,3,0,0.02315476167891845,0.13140927309262002
1761-AEZZR,3,1,0.8262311157363965,0.5314608673471902
3923-CSIHK,3,0,0.004221481837811953,0.18118332957723002
5696-EXCYS,1,0,0.0,0.34913684210526313
5795-KTGUD,2,1,0.9972923765341628,0.9788327400873493
7120-RFMVS,3,1,0.9701924117325781,0.6015506489035576
7924-GJZFI,3,0,0.009411287242169594,0.4788381991073941
4702-HDRKD,0,1,0.881796332320699,0.7773922171388059
8512-WIWYV,1,0,0.0,0.35141052631578945
5897-ZYEKH,2,1,0.9964178397211597,0.965346083256885
5456-ITGIC,0,1,0.9677137376278242,0.8499065476827086
7317-GGVPB,2,1,0.9987670576228145,0.6738647177859679
1406-PUQVY,3,0,0.024844483512360193,0.4360009512996809
1322-AGOQM,0,0,0.057635276191737264,0.09960147889774754
3677-IYRBF,0,0,0.04903721031298069,0.09641488412519227
5692-FPTAH,3,0,0.006597606163526717,0.11733377930751596
9114-AAFQH,2,1,0.7393660026106184,0.7615990326231947
8715-KKTFG,2,1,0.9854299797007031,0.9551404129329129
1550-LOAHA,3,1,0.6590541707440309,0.47621114198182296
1728-BQDMA,3,0,0.02322111547562292,0.4215831830323544
0268-QKIWO,1,0,0.0,0.04989473684210526
0876-WDUUZ,3,1,0.8077493287170843,0.5388470999078864
5117-ZSMHQ,2,1,0.9931262022147423,0.9243662703595812
5151-HQRDG,3,0,0.19080896262037256,0.5153972692586752
0960-HUWBM,2,1,0.9822891449519546,0.9559051316649925
6465-GSRCL,2,1,0.9850009906582671,0.9633056594212015
0617-FHSGK,3,0,0.013662771686996538,0.19544405604321968
0263-FJTQO,2,1,0.8489231018500386,0.8176745038979103
7319-ZNRTR,1,0,0.0,0.3495157894736842
2858-MOFSQ,3,0,0.12262691340102286,0.19014550220251442
7503-EPSZW,1,0,0.0,0.3607578947368421
7089-XXAYG,0,1,0.7021103988330711,0.6770967911121758
8118-LSUEL,2,1,0.9940168928524841,0.6664067571409936
8070-AAWZP,0,0,0.3367012789819465,0.5212068273822523
1666-JXLKU,2,1,0.9703782211634766,0.9409091832022327
7855-DIWPO,3,0,0.02180155460708047,0.4821522007902006
5133-POWUA,3,0,0.005992642414274747,0.4181023201236046
5652-MSDEY,3,0,0.009876792798909162,0.4953191381721952
7005-CCBKV,3,1,0.7863786420546179,0.5277725094534261
1810-BOHSY,2,1,0.9673131848702106,0.9304621160533475
1784-BXEFA,1,0,0.0,0.3519157894736842
7351-MHQVU,0,1,0.9093691781574484,0.7924634607366636
9224-VTYID,2,1,0.9748128448029079,0.9185567168685316
9500-IWPXQ,2,1,0.9688590491101527,0.8881330933282716
5762-TJXGK,0,1,0.8857612140938316,0.8027255382691116
4504-YOULA,3,0,0.2668074148599212,0.556912439628179
5569-IDSEY,2,1,0.9946932066910764,0.9649088616237991
4250-FDVOU,3,0,0.3426111143677777,0.2791497089050058
7284-ZZLOH,3,0,0.18720798179793965,0.5095358242981232
5277-ZLOOR,3,1,0.9430585837488147,0.5933497492889996
2141-RRYGO,3,1,0.9065275864674196,0.5360426135343364
1777-JYQPJ,0,0,0.04870690432545555,0.38087223541439275
6376-GAHQE,3,0,0.3360211809415236,0.33108215658713575
3401-URHDA,3,0,0.31866684032288545,0.5787930519186278
1599-EAHXY,1,0,0.0,0.3605052631578947
8631-XVRZL,1,0,0.0,0.3509052631578947
5052-PNLOS,3,1,0.987870019461939,0.6612953762058282
3853-LYGAM,3,1,0.9618506979553524,0.926382384445299
6979-ZNSFF,3,1,0.9117748432641375,0.5846257267793392
5751-USDBL,2,1,0.9756514209120053,0.8948921473121705
5680-LQOGP,2,1,0.9950525832398215,0.906315770138034
2386-LAHRK,3,0,0.3340940493973135,0.2687955144957675
8189-DUKMV,1,0,0.0,0.35178947368421054
6032-IGALN,0,0,0.006615903829526121,0.06605688784759992
9931-DCEZH,3,0,0.08905237321762557,0.4730525282344186
1898-JSNDC,3,0,0.43464807861287885,0.6219013367083095
0315-LVCRK,3,1,0.780053188511085,0.8262528543518024
3911-RSNHI,0,1,0.966726483761194,0.8418063829781617
2410-CIYFZ,1,0,0.0,0.35153684210526315
4248-HCETZ,3,0,0.23286210731993465,0.29436589555955284
5505-OVWQW,1,0,0.0,0.3509052631578947
7271-AJDTL,2,1,0.960947726213771,0.9229896168012979
1867-TJHTS,2,0,0.09695006545528229,0.5403800261821129
0516-WJVXC,3,0,0.23513823996292807,0.2309816117746449
9174-FKWZE,1,0,0.0,0.04913684210526315
6860-YRJZP,3,0,0.00895438717143015,0.49065543907909837
4429-WYGFR,3,0,0.05674512600409193,0.44686647145426833
2817-LVCPP,1,0,0.0,0.34901052631578944
5038-ETMLM,2,1,0.997054107326417,0.9859374324042511
5056-FIMPT,2,1,0.9944885577461148,0.9655848967826566
4521-WFJAI,1,0,0.0,0.3655578947368421
6569-KTMDU,1,0,0.0,0.34825263157894737
8809-RIHDD,2,1,0.9860006419575414,0.6556213094145955
8809-XKHMD,2,1,0.9818996045258607,0.9467808944419231
0396-YCHWO,2,1,0.9813530388826401,0.9335517418688455
0867-LDTTC,3,1,0.9433833185522843,0.8672059589998611
4822-NGOCH,3,1,0.6025008801318245,0.4543477204737824
9391-DXGGG,2,1,0.8554155031666996,0.8673872538982588
9844-FELAJ,2,1,0.9970046897546898,0.9713913495860864
2122-SZZZD,1,0,0.0,0.34926315789473683
5307-DZCVC,3,1,0.8824382881757732,0.5701121573755724
3148-AOIQT,1,0,0.0,0.3630315789473684
8679-JOEVF,3,1,0.6509200361667812,0.4104311723614493
8395-ETZKQ,1,0,0.0,0.34926315789473683
6692-YQHXC,3,0,0.013351792331446849,0.48205650640626296
3889-VWBID,2,1,0.9890639854670589,0.9049308573447183
5222-JCXZT,1,0,0.0,0.348
9754-CLVZW,0,0,0.33713488865402697,0.5330013238826634
1432-FPAXX,0,0,0.08596027742865855,0.11168937412935817
2739-CCZMB,1,0,0.0,0.35141052631578945
7080-TNUWP,2,1,0.9302901101330153,0.9121160440532061
0496-AHOOK,3,1,0.9270786585281005,0.8587893581480823
8336-TAVKX,2,1,0.9853505665965722,0.8923297003228394
2468-SJFLM,3,0,0.056631536576920126,0.5103578777886628
3181-VTHOE,0,1,0.9365763629894279,0.8035989662484029
7168-HDQHG,1,0,0.0,0.3485052631578947
4803-AXVYP,2,1,0.9848133783363862,0.6454200881766597
3884-HCSWG,3,0,0.009584468265205318,0.18067589256924002
4567-AKPIA,2,1,0.9927770125983492,0.9727318576709187
5077-DXTCG,3,0,0.0069101061635267165,0.11720614772856858
1142-WACZW,0,0,0.07916201931316504,0.10707533404105549
7901-HXJVA,3,0,0.09293766231570866,0.5303119070315466
5649-ANRML,3,1,0.9902271155035147,0.6363434777803532
4892-VLANZ,1,0,0.0,0.050021052631578945
5924-IFQTT,3,1,0.9222038293667354,0.8527973212203783
7968-QUXNS,1,0,0.0,0.3478736842105263
2919-HBCJO,3,0,0.15182725406849756,0.2543730068905569
4236-XPXAV,3,1,0.983059810575557,0.6437081347565387
8903-WMRNW,3,1,0.978443567767969,0.948430058686135
2452-SNHFZ,3,0,0.045404788132650496,0.5087724415688497
3629-WEAAM,3,1,0.8500280570087905,0.8019480649087793
6029-CSMJE,0,0,0.02152333161802957,0.3734093326472118
7993-NQLJE,3,0,0.10674023487653735,0.5324224097400886
9909-DFRJA,2,1,0.9580823306303655,0.9253803006731989
9099-FTUHS,3,0,0.09699992758269341,0.47623154998044576
0581-BXBUB,3,0,0.11805636874519168,0.5310120211822872
4962-CHQPW,1,0,0.0,0.35014736842105265
9467-ROOLM,1,0,0.0,0.3481263157894737
3030-YZADT,3,0,0.024675473301497282,0.12342808405744102
7410-KTVFV,3,0,0.0897458317299774,0.16107728006041203
5150-ITWWB,3,1,0.9896719482791388,0.9354898319432345
2253-KPMNB,0,0,0.3935491850767926,0.5742617792938749
1345-ZUKID,1,0,0.0,0.3488842105263158
6429-SHBCB,3,1,0.7896870625512813,0.791706403967881
9281-OFDMF,2,1,0.9299876012532242,0.9011318826065529
2603-HVKCG,2,1,0.9701325554184461,0.94422144322001
1834-WULEG,1,0,0.0,0.3511578947368421
9097-ZUBYC,3,0,0.10035197162183157,0.4634249991750484
5148-ORICT,2,1,0.9796824094060836,0.8797045427098018
4893-GYUJU,1,0,0.0,0.3488842105263158
4578-PHJYZ,2,1,0.835809928682568,0.808008181999343
7272-QDCKA,2,1,0.9692963976294457,0.9408554011570416
8908-SLFCJ,1,0,0.0,0.3526736842105263
8393-DLHGA,3,1,0.9538729444366691,0.623822861985194
9766-HGEDE,1,0,0.0,0.3488842105263158
6968-MHOMU,0,1,0.817940365673064,0.7408603567955414
7395-IGJOS,3,0,0.4061252091293192,0.368344820493833
5044-XDPYX,1,0,0.0,0.3644210526315789
1814-WFGVS,0,1,0.8967120458213336,0.7822216604337966
2834-SPCJV,2,0,0.47234204168057603,0.40139997456696724
3721-WKIIL,1,0,0.0,0.3495157894736842
6734-CKRSM,1,0,0.0,0.3505263157894737
1265-ZFOSD,2,1,0.9881631181137661,0.9006547209297171
6568-POCUI,2,1,0.9262222613435084,0.9109941676952982
7890-VYYWG,0,1,0.8042532185454189,0.4137854979444833
5197-LQXXH,2,1,0.9935523139075653,0.9078630308261839
9907-SWKKF,0,0,0.006615903829526121,0.06593057205812623
3457-PQBYH,1,0,0.0,0.35128421052631575
7682-AZNDK,2,1,0.8327043804171711,0.860071225851079
0587-DMGBH,3,0,0.10893889434571098,0.16951239984354755
5384-ZTTWP,1,0,0.0,0.35002105263157895
3745-HRPHI,0,1,0.9389840993875046,0.8136567976497386
7636-OWBPG,0,0,0.05414714370654684,0.39580622590367137
1231-YNDEK,1,0,0.0,0.348378947368421
1407-DIGZV,1,0,0.0,0.34825263157894737
6397-JNZZG,0,1,0.9374979939637827,0.5153360396907762
0570-BFQHT,3,0,0.33643677460756527,0.6380694466851313
4393-OBCRR,1,0,0.0,0.3511578947368421
3523-QRQLL,3,1,0.8605752910157978,0.5198090637747401
8564-LDKFL,2,1,0.990211828576974,0.9638742051150002
3696-DFHHB,1,0,0.0,0.3644210526315789
0895-DQHEW,2,1,0.9895666828895401,0.6593214099979212
4717-GHADL,2,1,0.980089761030283,0.8931306412542184
5501-TVMGM,3,1,0.7308113146312565,0.7319034732209238
5879-HMFFH,2,1,0.9927958094078772,0.9195604290263089
6772-WFQRD,1,0,0.0,0.35153684210526315
3810-DVDQQ,2,1,0.99859357696567,0.9965321676283734
6972-SNKKW,1,0,0.0,0.3505263157894737
3694-GLTJM,1,0,0.0,0.34964210526315787
8550-XSXUQ,2,1,0.9165635341517614,0.8448569926080729
8149-RSOUN,3,1,0.9703768547417054,0.6252454787387874
9055-MOJJJ,2,1,0.6309059525872326,0.7185939599822615
4359-INNWN,1,0,0.0,0.3506526315789474
0585-EGDDA,3,0,0.13463148858072893,0.5559578585901863
4032-RMHCI,0,0,0.06849064382638458,0.4168278364779222
0549-CYCQN,2,0,0.09316017569821015,0.5383588071213893
3481-JHUZH,3,0,0.18891534416401448,0.578302979770869
7250-EQKIY,3,0,0.057718693529842845,0.15054010899088452
3594-IVHJZ,1,0,0.0,0.35166315789473684
6869-FGJJC,2,0,0.11922236148209545,0.5487836814349434
3896-ZVNET,1,0,0.0,0.3624
8205-VSLRB,2,1,0.970759924290653,0.8835881802425771
5960-MVTUK,0,0,0.07152464825510432,0.4037677540388838
6817-WTYHE,3,0,0.018679367567071815,0.4209033259741971
3082-VQXNH,0,0,0.07788214948660381,0.4064370703209573
4013-UBXWQ,3,1,0.9160498955975992,0.5550094319232503
4931-TRZWN,3,1,0.9049975831868179,0.8437674543273588
0750-EKNGL,1,0,0.0,0.3524210526315789
7669-LCRSD,3,1,0.5006132104382491,0.642476863122668
3567-PQTSO,2,1,0.9884310540891222,0.9612671584777541
5519-NPHVG,3,1,0.9647414955850238,0.6238755456024305
8043-PNYSD,1,0,0.0,0.3493894736842105
9938-EKRGF,3,1,0.9274885562322204,0.8843427909139407
2703-AMTUL,3,0,0.14165621539353537,0.4921993282626773
0928-JMXNP,0,0,0.055938441217483606,0.39791221859225656
8173-RXAYP,1,0,0.0,0.34976842105263156
4825-XJGDM,0,0,0.4435214562361162,0.5878085824944466
5402-HTOTQ,3,0,0.20172280947585175,0.5203943869482355
6734-JDTTV,1,0,0.0,0.35014736842105265
7850-THJMU,1,0,0.0,0.34964210526315787
3890-RTCMS,3,0,0.0660238494064082,0.4513358555520369
8849-GYOKR,2,1,0.9923221959469474,0.6661078257472001
3148-BLQJT,1,0,0.0,0.050778947368421055
3717-FDJFU,1,0,0.0,0.35166315789473684
3665-JATSN,0,1,0.773811772099445,0.7098194456818833
7966-YOTQW,3,0,0.2390793814428744,0.5333159631034655
0461-CVKMU,3,0,0.4868685291360745,0.4064526748123245
8806-EAGWC,3,1,0.558180167563412,0.3625983828148385
8853-TZDGH,2,1,0.9992321739018842,0.9816297116660169
7779-LGOVN,3,1,0.9317059491917911,0.5915876428346112
4324-BZCKL,3,0,0.22883468675831917,0.5318707168085908
6924-TDGMT,1,0,0.0,0.3519157894736842
9710-ZUSHQ,2,1,0.990484768155627,0.6658781177885666
1536-YHDOE,3,1,0.5361212928271197,0.6713327276571637
8123-QBNAZ,2,1,0.9827879983849909,0.9571151993539964
3629-ZNKXA,3,1,0.9943681549721987,0.9549262093573005
4827-LTQRJ,2,1,0.9970046897546898,0.9782124022176655
7711-YIJWC,2,1,0.9659012025714792,0.9008446915549075
5482-VXSXJ,3,1,0.9669955964390863,0.922250870154582
7365-BVCJH,0,0,0.012417003749840682,0.36660890676309416
9620-ENEJV,3,0,0.007947076555833932,0.48141040956970194
4183-WCSEP,3,0,0.18563785555690498,0.27244461590697255
2378-YIZKA,2,1,0.9947096920255443,0.9126207189154809
5498-TXHLF,3,1,0.8427322737537637,0.5580192252909792
0689-DSXGL,2,0,0.3887708286743131,0.6722662262065673
6818-DJXAA,3,1,0.9204400077206452,0.8983233715093106
9722-UJOJR,3,0,0.012335999354727466,0.18367124184715417
0464-WJTKO,1,0,0.0,0.350778947368421
8902-ZEOVF,1,0,0.0,0.3506526315789474
6778-EICRF,3,1,0.8916343590623077,0.8456221646775546
2662-NNTDK,1,0,0.0,0.36265263157894734
4132-KALRO,3,1,0.9666629809672972,0.9414441397553399
3902-FOIGH,3,1,0.9837181005417536,0.6495293454798593
6772-KSATR,3,1,0.7722361876714973,0.5152944750685989
7112-OPOTK,3,0,0.05854351160139282,0.19583845727213609
2874-YXVVA,2,1,0.9897178368875515,0.9614029242287048
1245-HARPS,1,0,0.0,0.35153684210526315
4210-QFJMF,3,1,0.589535356506991,0.43577203733963854
4323-ELYYB,1,0,0.0,0.3505263157894737
4293-ETKAP,2,1,0.9669268255398249,0.8873602039001405
6064-PUPMC,3,0,0.17602780521040817,0.514916385242058
6504-VBLFL,2,0,0.19437848611961264,0.525793499711003
6322-PJJDJ,2,1,0.8846833178030197,0.8933680639633133
0330-BGYZE,2,1,0.9837217298809621,0.9524360603734374
1085-LDWAM,1,0,0.0,0.35141052631578945
7586-ZATGZ,3,1,0.8679168179908305,0.861650937722648
7197-VOJMM,2,1,0.7316122901624651,0.767465968696565
3318-OSATS,2,1,0.9923569037792696,0.6380796036169709
5828-AVIPD,3,1,0.9621996884950458,0.6399114543453868
1843-TLSGD,1,0,0.0,0.3526736842105263
9626-VFRGG,2,1,0.8740889732062478,0.8732145366509203
7075-BNDVQ,0,0,0.29980213255873917,0.5083419056550746
9143-CANJF,3,0,0.1430229529712869,0.49653549697798843
7284-BUYEC,0,1,0.8321865747481154,0.7615904193729304
2041-JIJCI,3,1,0.8078542241547773,0.7848259001882267
1086-LXKFY,3,0,0.000489147530670022,0.17476408006489957
4900-MSOMT,2,1,0.9925804115800311,0.8996426909478019
2229-VWQJH,3,0,0.05654150114805895,0.4471639688802762
9194-GFVOI,2,1,0.9887489710698116,0.9085943252700299
1336-EZFZY,1,0,0.0,0.3506526315789474
4282-MSACW,2,1,0.9992522650294988,0.9957851165381153
1403-LKLIK,1,0,0.0,0.350778947368421
2636-ALXXZ,3,0,0.0012949579643033765,0.17634956213308975
7774-OJSXI,2,1,0.981299118538018,0.6538670158362598
7786-WBJYI,3,0,0.3740069110920035,0.3465290802262751
0136-IFMYD,2,1,0.9983116556682732,0.9770930833199409
5144-TVGLP,2,1,0.9908740650082951,0.9357180470559496
9643-AVVWI,3,0,0.30523319843594954,0.6241985425322745
0253-ZTEOB,2,1,0.963543357913465,0.886638395796965
2706-QZIHY,1,0,0.0,0.3636631578947368
6061-PQHMK,1,0,0.0,0.3502736842105263
9885-CSMWE,3,1,0.7688809164237163,0.5057418402536971
6137-MFAJN,0,1,0.886163560021751,0.7676443713771215
9122-UMROB,1,0,0.0,0.35128421052631575
4232-JGKIY,1,0,0.0,0.3485052631578947
2402-TAIRZ,3,0,0.2264036309052865,0.592793031309483
9659-ZTWSM,2,1,0.9974830687830688,0.9701932275132275
9139-TWBAS,0,1,0.8985716516581859,0.7803128711895901
6685-GBWJZ,2,1,0.7920116410955967,0.7956678143329756
5016-ETTFF,0,0,0.07501505358463118,0.10453233722332617
3866-MDTUB,3,1,0.920344015178214,0.5468744481765487
2195-VVRJF,3,1,0.7035003800277042,0.7307054151689765
3913-RDSJZ,1,0,0.0,0.3645473684210526
8058-JMEQO,3,1,0.9143967618217285,0.579106073149744
4203-QGNZA,1,0,0.0,0.3511578947368421
5043-TRZWM,3,0,0.043085757810201845,0.5080974610188176
0697-ZMSWS,3,1,0.8835890425381463,0.5698145643836796
7657-DYEPJ,2,1,0.9319445001028732,0.5499988526727283
9494-BDNNC,2,1,0.9521173531663076,0.9216048360033651
1640-PLFMP,3,0,0.0004962267070946105,0.4776721748933641
5366-OBVMR,3,0,0.08629589801770805,0.4615920434176095
8276-MQBYC,2,1,0.9866456973158495,0.6417319631368661
7644-OMVMY,1,0,0.0,0.35014736842105265
7593-XFKDI,3,0,0.005992642414274747,0.11936547801834146
4573-JKNAE,1,0,0.0,0.3488842105263158
0337-CNPZE,2,1,0.9847380935953695,0.6624426058592003
9817-APLHW,1,0,0.0,0.36315789473684207
8380-MQINP,1,0,0.0,0.35128421052631575
0840-DFEZH,3,0,0.011030638952755316,0.4947701503179442
1513-XNPPH,3,1,0.9074206079631806,0.5888208747642196
8690-ZVLCL,2,1,0.995452229338977,0.920496681209275
6015-VVHHE,3,1,0.8600777362608517,0.5540942523990775
1125-SNVCK,3,0,0.036577223939500005,0.4252835211547473
0384-LPITE,0,1,0.9212753399483499,0.8252680307161819
4616-EWBNJ,1,0,0.0,0.350778947368421
6347-DCUIK,3,0,0.01235463258062856,0.19226816882172512
1335-HQMKX,2,1,0.9913591382438004,0.952585760560678
2545-EBUPK,3,1,0.9237453480952316,0.8818349813433559
6923-AQONU,1,0,0.0,0.3528
2172-EJXVF,2,1,0.9986086609771982,0.9669803064961424
0897-FEGMU,3,1,0.9676344214324979,0.6384221896256308
7663-RGWBC,3,0,0.00674799955713189,0.1142360419281159
1120-BMWUB,3,0,0.20196836029268275,0.2169557651697047
9124-LHCJQ,3,1,0.958404442094988,0.5992354610485215
4536-PLEQY,3,1,0.8050703073359794,0.8368912808291287
7029-IJEJK,0,1,0.8067903220691686,0.7341266551434569
8871-JLMHM,2,1,0.5565581845598916,0.7504969580344829
2235-ZGKPT,3,0,0.025324568396760547,0.13859298525344105
3891-PUQOD,3,1,0.5126790982724478,0.35462953404582126
5447-VYTKW,3,0,0.08997198858342195,0.4710203743807372
3623-FQBOX,1,0,0.0,0.3504
0689-NKYLF,3,1,0.705622139762328,0.49243832958914174
8659-HDIYE,2,1,0.9458047627403151,0.8669113787803366
3658-KIBGF,3,0,0.36596035681610917,0.28507887956854894
3474-BAFSJ,0,1,0.9074734895351335,0.8082525537087903
5519-YLDGW,2,1,0.9899389324723573,0.6584597835152588
3865-ZFZIB,1,0,0.0,0.34964210526315787
1855-AGAWH,2,1,0.9633039904344582,0.9222900172264148
7109-CQYUZ,2,1,0.9847359611717007,0.9193680686792065
1370-GGAWX,2,1,0.9615018015787775,0.9224533522104583
4680-KUTAJ,3,0,0.263365750929887,0.5458094582666917
5307-UVGNB,0,1,0.9422608824965107,0.7999359319459727
4946-EDSEW,1,0,0.0,0.048631578947368415
2883-ILGWO,2,1,0.9929278634666798,0.9621816717024614
2516-VQRRV,3,0,0.008170026744540464,0.19387853701360566
7580-UGXNC,3,0,0.2877387591126621,0.25366392469769644
3642-BYHDO,1,0,0.0,0.3502736842105263
9629-NHXFW,1,0,0.0,0.34901052631578944
2696-RZVZW,1,0,0.0,0.36328421052631577
5766-FTRTS,2,1,0.9842673413862845,0.9070543049755664
0396-HUJBP,1,0,0.0,0.3487578947368421
5178-LMXOP,3,1,0.988758236968291,0.6357559263662638
8879-ZKJOF,2,1,0.9837730764339131,0.8952355463630388
6285-FTQBF,1,0,0.0,0.3645473684210526
8185-UPYBR,3,0,0.0037057032917304266,0.19221912342195535
4585-HETAI,3,0,0.15209279943072845,0.2471529092459756
7526-BEZQB,3,1,0.962453228885703,0.6276339231332285
1474-JUWSM,2,1,0.7799944243962763,0.7847977697585106
3530-CRZSB,1,0,0.0,0.3521684210526316
8498-XXGWA,2,0,0.2327682611501552,0.5324336202495358
9617-INGJY,3,0,0.0015831941339171857,0.478991172390409
0621-TSSMU,1,0,0.0,0.3504
7234-KMNRQ,1,0,0.0,0.348
7636-PEPNS,3,0,0.03419740494742299,0.4250894882947587
4683-WYDOU,2,1,0.991237472135556,0.9683265678015909
9052-DHNKM,3,0,0.46080734158969805,0.6398176734779845
6794-HKIAJ,2,1,0.7768862852162508,0.8398913561917636
5578-NKCXI,2,1,0.9931087154469277,0.9479803282840342
1642-HMARX,2,1,0.9659191395509673,0.9180308137151239
3096-WPXBT,2,1,0.9925958949341072,0.951438357973643
8434-PNQZX,2,1,0.9785053277950301,0.8895916048022225
5950-AAAGJ,3,1,0.8646745311282388,0.8588382335039271
4299-OPXEJ,1,0,0.0,0.3493894736842105
4951-UKAAQ,3,1,0.9524696511921021,0.6057036499505251
9618-LFJRU,1,0,0.0,0.35166315789473684
6693-DJWTY,3,0,0.14392084746239003,0.49803149687969284
0744-GKNGE,2,0,0.23864364988590295,0.614741670480677
6447-EGDIV,1,0,0.0,0.35292631578947364
1167-OYZJF,1,0,0.0,0.3506526315789474
2108-YKQTY,3,0,0.09945626500129019,0.16786671652683186
4806-DXQCE,2,1,0.9993941798941799,0.9868734614313561
4918-QLLIW,3,0,0.3426599694956785,0.27196925095616614
7056-IMHCC,2,1,0.9848700324954248,0.6513795919455384
4854-SSLTN,3,0,0.2524989642394146,0.55131537516945
5294-DMSFH,3,1,0.8886097413154029,0.8772544228419508
4837-PZTIC,0,0,0.282434259844142,0.5188263355166042
1625-JAIIY,2,1,0.6581089965059297,0.4729278091286877
0603-OLQDC,3,1,0.8709247155393157,0.8248330441104632
3272-VUHPV,3,0,0.20857675190814956,0.5256622797106283
4176-FXYBO,2,1,0.9941816443353109,0.9744305524709664
1063-DHQJF,2,1,0.8672687279973788,0.8797074911989515
8663-UPDGF,3,1,0.8499537429969303,0.8155604445671931
6719-FGEDO,2,1,0.526266256435251,0.7555591341530478
1837-YQUCE,0,1,0.9320260541125323,0.8202209479608025
2947-DOMLJ,3,0,0.024844483512360193,0.1377693723523125
4112-LUEIZ,3,1,0.9608241281574657,0.6104349144208809
0369-ZGOVK,3,0,0.055876455845496095,0.5002032139171458
4510-HIMLV,3,0,0.0013506359943823022,0.17687709650301608
9919-KNPOO,3,1,0.9505238350744182,0.9184411129771357
8749-JMNKX,2,1,0.9596739553403134,0.6208380031887569
7872-BAAZR,1,0,0.0,0.3493894736842105
9391-LMANN,2,1,0.96192378952144,0.927169515808576
2430-USGXP,2,1,0.9795456025858346,0.6471024515606496
8174-TBVCF,2,1,0.9563651579744039,0.922040800031867
1698-XFZCI,2,1,0.9984109799789797,0.9715749183073814
1877-HKBQX,3,0,0.24165990639774987,0.5346008046643631
4450-DLLMH,3,0,0.008605086497786107,0.48356835038858814
0428-AXXLJ,1,0,0.0,0.34926315789473683
2746-DIJLO,3,0,0.14935801712904662,0.501974785798987
5955-ERIHD,3,1,0.9591730578747223,0.6229113284130469
0917-EZOLA,2,1,0.9565592335062033,0.6457394828761656
3508-VLHCZ,2,1,0.9921584602792585,0.9256212788485454
4086-ATNFV,3,0,0.18264738388215498,0.526658953552862
0468-YRPXN,2,1,0.9781651565247819,0.9408660626099128
5996-NRVXR,2,1,0.9953805750377955,0.9461101247519603
3739-YBWAB,0,0,0.10982637748124294,0.4332358141503919
7047-FWEYA,2,1,0.9925939711145036,0.957627062130012
2000-MPKCA,2,1,0.9987882925963993,0.9717258433543492
9762-YAQAA,3,0,0.1251428452040576,0.5556992433447809
5949-EBSQK,3,1,0.5702315475232447,0.38333472427245574
5473-KHBPS,2,1,0.9727627721042654,0.9308735298943378
0100-DUVFC,2,1,0.9971974564458983,0.9636368773152015
5397-TUPSH,2,0,0.09527542424593019,0.51735227496153
8950-MTZNV,3,0,0.00674799955713189,0.41625709455969484
0326-VDYXE,2,1,0.974366069335598,0.9364411645763444
6773-LQTVT,0,0,0.3041407822795594,0.5117194708065607
7274-RTAPZ,3,1,0.9783270128923306,0.6200886998937744
0436-TWFFZ,2,1,0.9957568085919342,0.9136711444894052
8566-YPRGL,1,0,0.0,0.34926315789473683
0311-UNPFF,3,1,0.9466489150148334,0.6029964081111965
6609-MXJHJ,1,0,0.0,0.36341052631578946
2669-OIDSD,2,1,0.9903318702904798,0.9488906428530339
8400-WZICQ,3,0,0.13709652995720062,0.4955544014565645
3834-XUIFC,3,1,0.9146368309893377,0.581096837658893
9576-SYUHJ,3,1,0.9240177802798624,0.8998807963224713
0410-IPFTY,3,1,0.6837465368585677,0.7853301936907955
2831-EBWRN,3,0,0.026703037264677678,0.4266391096427131
9430-NKQLY,1,0,0.0,0.36341052631578946
8414-MYSHR,3,1,0.9846843052270264,0.6247789852487053
0247-SLUJI,1,0,0.0,0.34976842105263156
9402-ORRAH,3,1,0.9707055182377132,0.9194401020319274
6483-OATDN,3,0,0.09732284113457204,0.46852913645382877
1293-HHSHJ,1,0,0.0,0.35330526315789473
4840-ORQXB,2,1,0.9921147821034643,0.9614774917887541
7599-FKVXZ,2,1,0.9881169220286747,0.6634151898641014
3982-DQLUS,2,0,0.16464038303606202,0.5824877321617932
8610-ZIKJJ,1,0,0.0,0.35128421052631575
3756-VNWDH,2,1,0.9833851619975537,0.9478803805884952
7801-KICAO,3,0,0.009584468265205318,0.4911601030955558
7673-LPRNY,3,1,0.9379016678624122,0.8736027724081228
8229-TNIQA,3,0,0.028517032703992147,0.12584891834475476
6060-QBMGV,1,0,0.0,0.35014736842105265
7339-POGZN,3,0,0.028517032703992147,0.4394910236079126
2828-SLQPF,3,0,0.017018270355704915,0.42049151866859774
4465-VDKIQ,3,0,0.21427616183914214,0.5822578331567094
2921-XWDJH,3,1,0.6436064451098258,0.7682636306755093
6221-AVQYL,3,0,0.006654328922028532,0.18771436314775877
2558-BUOZZ,2,1,0.9740759597185147,0.9291251207295113
9257-AZMTZ,1,0,0.0,0.350778947368421
0003-MKNFE,3,1,0.5387468023572213,0.6668250367323623
0975-UYDTX,2,1,0.9834273457154883,0.9209919909177744
7743-EXURX,3,0,0.09732284113457204,0.16789755750646038
4682-BLBUC,2,1,0.9231938266569086,0.8485196359259213
0975-VOOVL,0,0,0.06565672921369205,0.4000311127381084
5968-VXZLG,3,0,0.017303177090881337,0.4246475866258262
5569-KGJHX,3,1,0.9138988500562494,0.5811805926540787
4988-IQIGL,3,0,0.0017498304478854975,0.1910578269159963
5201-FRKKS,3,0,0.09049607451822358,0.5239036929651841
9799-CAYJJ,3,0,0.005968810444874275,0.477461208388476
7730-IUTDZ,3,0,0.055286113672150125,0.2120933928372811
0426-TIRNE,1,0,0.0,0.05279999999999999
5443-SCMKX,2,1,0.9663164760135059,0.9247581693527709
8295-KMENE,2,1,0.9328533108789743,0.8662781664568528
6738-ISCBM,0,1,0.8737511177205056,0.7859214997197812
9821-BESNZ,2,1,0.9984606485515417,0.9627526804732482
3678-MNGZX,1,0,0.0,0.3504
1335-NTIUC,0,0,0.02278358802828598,0.37214501415868284
2916-BQZLN,3,1,0.5532718071131315,0.7354139860031473
4558-CGYCZ,1,0,0.0,0.34989473684210526
2368-GAKKQ,2,1,0.9994647320414191,0.9869016822902519
8710-YGLWG,3,0,0.00674799955713189,0.41613077877022114
3199-XGZCY,3,0,0.011030638952755316,0.49451751873899685
3785-KTYSH,1,0,0.0,0.3621473684210526
6814-ZPWFQ,1,0,0.01,0.36715789473684207
4063-EIKNQ,1,0,0.0,0.35292631578947364
6993-YCOBK,2,1,0.9979623592997545,0.9785954700356914
5206-HPJKM,3,0,0.25690731946276557,0.5429734541008957
7587-RZNME,3,0,0.02057684662376101,0.11762021233371493
0748-RDGGM,2,1,0.9986991088833195,0.6761112225006962
8393-JMVMB,1,0,0.0,0.34913684210526313
5019-GQVCR,3,1,0.8591569088634103,0.8580206582822063
6036-TTFYU,1,0,0.0,0.3495157894736842
2550-AEVRU,3,0,0.1614796774226808,0.4996234499164407
0969-RGKCU,1,0,0.0,0.35002105263157895
0378-CJKPV,2,1,0.997054107326417,0.9820216429305668
4706-AXVKM,3,1,0.9001390837934602,0.5742872124647526
5889-JTMUL,2,1,0.9667783389695964,0.6268376513773123
9026-RNUJS,3,0,0.08673705382581483,0.16189482153032592
3746-EUBYR,3,0,0.003950633605015193,0.1900434113367429
2332-EFBJY,1,0,0.0,0.04976842105263158
2880-FPNAE,3,0,0.129092238863154,0.5390895271242089
1703-MGIAB,3,1,0.9022513334012205,0.8352163228341725
4311-QTTAI,1,0,0.0,0.3488842105263158
9474-PHLYD,3,1,0.5899707206766815,0.3861777619548832
4318-RAJVY,1,0,0.0,0.35002105263157895
2165-VOEGB,2,1,0.9967771082760446,0.6644792643630495
3612-YUNGG,2,1,0.9885952706921596,0.9713117924873902
2254-DLXRI,3,1,0.6566793299202177,0.7626296267049292
5062-CJJKH,3,0,0.09193136585821163,0.4723093884485478
9028-LIHRP,2,1,0.9993023255813953,0.9528577723378213
2219-MVUSO,3,0,0.026127325153349132,0.12451408795607648
1053-MXTTK,2,1,0.99859357696567,0.973921641312584
1530-ZTDOZ,0,1,0.8812762990749455,0.7552052564720835
1301-LOPVR,0,1,0.9527493662196111,0.8209313254352129
0853-TWRVK,2,1,0.9977670576228145,0.9658857704175468
8914-RBTSB,2,1,0.9490195834834203,0.6165762544459996
6212-ATMLK,2,1,0.9662156714087441,0.9282546896161292
8200-LGKSR,2,1,0.9942673413862845,0.9078964102387244
1568-BEKZM,2,1,0.992883165310989,0.924648002966501
0670-ANMUU,2,1,0.982417938243253,0.9396619121394065
6897-RWMUB,2,1,0.5063605754998284,0.6744600196736156
0963-ZBDRN,2,1,0.9707242748762198,0.6313212888978563
7594-RQHXR,3,1,0.7895496171798743,0.516914583714055
6999-CHVCF,2,1,0.9949545576321897,0.9559186651581391
6134-KWTBV,1,0,0.0,0.35911578947368417
1077-HUUJM,3,0,0.006889835295531836,0.48225067096031793
6331-EWIEB,3,1,0.8922497213692435,0.572268309600329
0895-LNKRC,1,0,0.0,0.34913684210526313
2045-BMBTJ,0,1,0.9675484762312212,0.837208864176699
8417-GSODA,3,1,0.9154161013501245,0.8990927563295235
5171-EPLKN,1,0,0.0,0.35014736842105265
4452-QIIEB,3,0,0.0269236721853126,0.4216747320320198
5998-VVEJY,3,0,0.20561376968095646,0.28561392892501414
1624-NALOJ,3,1,0.9855546158361431,0.6210850042291941
6741-EGCBI,3,1,0.9470614563311831,0.9074561614798418
7820-ZYGNY,2,1,0.8513564194215059,0.8690478309264971
4317-VTEOA,3,0,0.03276515094543987,0.1413165866939654
9677-AVKED,2,1,0.9616304624886722,0.8983785007849425
1670-SVOWZ,3,1,0.9078093013176631,0.589607931053381
2227-JRSJX,3,1,0.9757808913589383,0.9407965670698912
9847-HNVGP,1,0,0.0,0.3504
6696-YDAYZ,1,0,0.0,0.35178947368421054
8980-WQFWL,3,0,0.37764111453550336,0.6079406563405172
1730-ZMAME,3,0,0.3498531098706378,0.640783349211413
6506-EYCNH,1,0,0.0,0.3493894736842105
4634-JLRJT,1,0,0.0,0.35141052631578945
9501-UKKNL,0,1,0.9005675950599458,0.7908375643397678
2560-QTSBS,1,0,0.0,0.35886315789473683
7541-YLXCL,3,1,0.8097141718142821,0.48910672135729183
4795-WRNVT,3,1,0.7472051380037158,0.763345213096223
6080-TCMYC,3,0,0.3441320182794462,0.6427896494170415
0260-ZDLGK,3,1,0.91984282866117,0.5521055525170996
7860-UXCRM,2,1,0.9673871226256773,0.8751653753660604
6357-JJPQT,3,1,0.5984089902231347,0.7427320171418854
2292-XQWSV,0,1,0.9661663715194662,0.8388033907130497
9552-TGUZV,3,0,0.15658727196596917,0.552108592996914
5913-INRQV,2,1,0.8934668580219313,0.8851341116298252
8722-NGNBH,0,0,0.3831385922677651,0.2543080684860534
6210-KBBPI,3,1,0.9880806736962677,0.646474374741665
9643-YBLUR,3,1,0.9185341994199887,0.8418557850311534
8734-FNWVH,3,0,0.44998437652631934,0.6308148032421066
9447-YPTBX,1,0,0.0,0.35014736842105265
0133-BMFZO,3,1,0.6242715009515053,0.4676033372227074
6128-CZOMY,3,0,0.006597606163526717,0.11796535825488437
9540-JYROE,3,0,0.017206990663010003,0.18397753310730922
9026-LHEVG,0,1,0.8047961722237474,0.7248658373105517
2260-USTRB,3,0,0.006219269168782888,0.17983507608856578
3656-TKRVZ,3,0,0.3166804286332766,0.2665037504006791
7011-CVEUC,3,1,0.9548833366130478,0.9237217556978508
6185-TASNN,3,0,0.004028837975641933,0.41857995624288835
7925-PNRGI,2,1,0.972200558312907,0.8942696970093733
8623-TMRBY,2,0,0.26173878815088447,0.317411304734038
1552-CZCLL,1,0,0.0,0.3505263157894737
3038-PQIUY,3,1,0.7547992216853464,0.7690354781478228
1501-SGHBW,3,0,0.017303177090881337,0.12275284978372095
9313-CDOGY,1,0,0.0,0.3495157894736842
8148-BPLZQ,3,0,0.07296349857241671,0.4549959257447561
2623-DRYAM,2,1,0.974366069335598,0.9467990593131865
9987-LUTYD,3,0,0.19101517702385742,0.5157323865990167
3208-YPIOE,3,0,0.018475269320594154,0.1974953708861324
4488-KQFDT,2,1,0.9854268215688217,0.9567812549433181
2612-RANWT,3,1,0.9737804671655855,0.6425227131820237
5693-PIPCS,2,1,0.989830127570243,0.9476794194491498
0491-KAPQG,3,0,0.010944408544207907,0.49056723710189365
1925-LFCZZ,0,1,0.9337944247233443,0.7999598751524957
8039-EQPIM,0,1,0.920275962837104,0.8203209114506311
6900-PXRMS,2,1,0.9869063708153858,0.6619204430629964
8707-RMEZH,2,1,0.5889959538598933,0.7561457499650099
3346-BRMIS,0,1,0.9304130912973578,0.4943126049399958
3209-ZPKFI,3,0,0.10608014641749935,0.4794846901459471
6479-VDGRK,2,1,0.9948837597042748,0.9134482407238151
9373-WSLOY,0,1,0.9372395639285525,0.8012116150451052
2933-FILNV,0,0,0.022881293543058248,0.07079462268038118
3569-JFODW,2,1,0.9841815325785287,0.9234410340840431
9819-FBNSV,3,0,0.017420015938961458,0.4894943221650583
9544-PYPSJ,2,1,0.9284186956786867,0.9141464256398957
1591-XWLGB,1,0,0.0,0.35014736842105265
0396-UKGAI,3,0,0.12199414684269533,0.48850292189497285
3243-ZHOHY,1,0,0.0,0.350778947368421
5186-EJEGL,3,1,0.9233329598147955,0.8449121312943393
7527-QNRUS,1,0,0.0,0.36353684210526316
9986-BONCE,1,0,0.0,0.05292631578947368
2722-JMONI,3,0,0.04317238296883894,0.14244790055595663
2203-GHNWN,3,0,0.241189033017608,0.5976966658386221
3878-AVSOQ,3,0,0.0012949579643033765,0.48051798318572136
3258-SYSWS,2,1,0.9998941798941798,0.9874524087997771
5296-PSYVW,1,0,0.0,0.3620210526315789
6319-QSUSR,1,0,0.0,0.34976842105263156
4083-EUGRJ,1,0,0.0,0.051157894736842104
7579-OOPEC,3,0,0.05515805589905291,0.1487579592017264
0512-FLFDW,2,1,0.9838332925295715,0.9474280538539339
1771-OADNZ,2,1,0.9856358517039351,0.6365280248921004
0487-CRLZF,2,1,0.9534472701877923,0.8694631186014328
2107-FBPTK,2,1,0.9823611023349819,0.9559339146182033
9451-WLYRI,1,0,0.0,0.3481263157894737
8219-VYBVI,1,0,0.0,0.36315789473684207
1991-VOPLL,1,0,0.0,0.3481263157894737
9738-QLWTP,3,0,0.1609034333587447,0.5712666365013925
1016-DJTSV,3,0,0.014910911920478265,0.48204857529450706
9419-IPPBE,2,1,0.8329046924474318,0.8609092454000253
0174-QRVVY,1,0,0.0,0.3640421052631579
5699-BNCAS,1,0,0.0,0.3622736842105263
2900-PHPLN,1,0,0.0,0.3493894736842105
0612-RTZZA,0,0,0.006615903829526121,0.06643583521602096
8106-GWQOK,0,1,0.9169368463610961,0.8183536859128595
8751-EDEKA,3,1,0.8761603681447024,0.8775799367315653
6878-GGDWG,1,0,0.0,0.34901052631578944
4039-PIMHX,3,0,0.07936995383276024,0.4575585078488935
8450-LUGUK,1,0,0.0,0.3608842105263158
3604-WLABM,3,0,0.23222764387213568,0.5299436891278017
0795-GMVQO,2,1,0.9986991088833195,0.9771217488164858
2259-OUUSZ,0,0,0.1748787293029797,0.45963570224750766
1142-IHLOO,2,1,0.7371027182899195,0.8160200346843889
6410-LEFEN,3,0,0.02816147714843659,0.12532774875411146
4633-MKHYU,3,1,0.9614945451946375,0.9079241338673287
6257-RJOHI,3,0,0.13367317839675988,0.48180611346396707
1545-JFUML,2,1,0.9848693014955575,0.9440529837561178
3194-ORPIK,2,1,0.7753310963389809,0.5233534911671713
7826-VVKWT,3,1,0.9430882234032997,0.9211510788350041
1353-GHZOS,3,1,0.5188921825120548,0.6585042414258746
2587-EKXTS,2,1,0.9948366244199687,0.9796188602943032
5442-BXVND,1,0,0.0,0.36126315789473684
8816-VXNZD,3,0,0.0004962267070946105,0.1899248064723115
9378-FXTIZ,2,1,0.7994355473195306,0.49699527155939127
1723-HKXJQ,2,1,0.980137639944518,0.6491076875567545
7825-GKXMW,3,0,0.006597606163526717,0.1183443056233054
9753-OYLBX,1,0,0.0,0.35178947368421054
2364-UFROM,3,1,0.9255173797205596,0.8480595834671711
6656-JWRQX,0,0,0.06139789006831395,0.4017381033957466
6473-ULUHT,3,1,0.9566391142016575,0.8971398562069788
1240-KNSEZ,1,0,0.0,0.050778947368421055
0836-SEYLU,0,1,0.7373939141624684,0.3976523025070926
4433-JCGCG,2,1,0.985496151585989,0.6493563553712377
3716-BDVDB,3,0,0.0013506359943823022,0.1751086754503845
7688-AWMDX,2,0,0.2170105297135185,0.5244884224117232
2842-BCQGE,3,0,0.02235826595359079,0.49930120111827836
7244-QWYHG,0,1,0.9261922715632971,0.7827716454674241
5899-MQZZL,3,0,0.009876792798909162,0.19342440133008995
6849-OYAMU,2,1,0.9937043289862324,0.6501133105418613
5312-UXESG,2,1,0.9651807246786481,0.933777553029354
9488-HGMJH,3,0,0.0012949579643033765,0.18026535160677398
6038-GCYEC,0,1,0.839120611661355,0.472448244664542
2150-WLKUW,3,1,0.6442626464513035,0.7191366375278898
7159-FVYPK,3,1,0.8670232631423085,0.8215040420990287
7032-LMBHI,3,1,0.7179237852802716,0.7504958299015823
1150-WFARN,2,1,0.9988080366496064,0.6742600567651057
6088-BXMRG,2,1,0.95840181061877,0.9330870400369817
3144-AUDBS,3,0,0.09522146029870397,0.16225700517211317
4821-SJHJV,3,1,0.953992123596735,0.907954744175536
7346-MEDWM,2,0,0.2517199330084734,0.6110037626770736
1137-DGOWI,3,1,0.9084924013628247,0.8408706447556562
5616-PRTNT,1,0,0.0,0.04901052631578947
3812-LRZIR,1,0,0.0,0.36189473684210527
4818-QIUFN,3,0,0.2584884241904597,0.303353264413026
9483-GCPWE,1,0,0.0,0.350778947368421
4227-OJHAL,2,1,0.9328325987277479,0.8575540921226781
9220-CXRSC,2,0,0.22767974672096433,0.54618768816207
4993-JCRGJ,3,0,0.4701068202290161,0.701011149144238
9537-JALFH,1,0,0.0,0.3502736842105263
6698-OXETB,1,0,0.0,0.35153684210526315
2103-ZRXFN,3,0,0.00582597574760808,0.4305409166148327
3724-BSCVH,1,0,0.0,0.35166315789473684
4877-TSOFF,2,1,0.9688773029672478,0.8789193422395307
9209-NWPGU,3,1,0.7467892376117128,0.7639367476762642
6961-VCPMC,3,0,0.41294956707392877,0.36829561630325575
7306-YDSOI,2,0,0.17846240168304964,0.5223323290942725
5288-AHOUP,3,1,0.5375942448534855,0.7133534874150784
6688-UZPWD,3,1,0.964586802384879,0.6435189314802674
0655-YDGFJ,3,0,0.05326273690780161,0.44496825265785744
8468-EHYJA,2,1,0.9752247411885189,0.9418372648964601
6823-SIDFQ,1,0,0.0,0.3461052631578947
1097-FSPVW,3,0,0.1908156387835516,0.5141367818292101
2839-RFSQE,1,0,0.0,0.05216842105263157
8328-SKJNO,0,0,0.2901703526245365,0.5187628778919199
7010-ZMVBF,1,0,0.0,0.35166315789473684
5201-CBWYG,1,0,0.0,0.36265263157894734
0968-GSIKN,3,0,0.0004962267070946105,0.17906164857757464
1965-DDBWU,3,1,0.9339646266065317,0.5985542716952442
9057-SIHCH,3,1,0.9746175003353982,0.6338891053973171
6352-GIGGQ,2,1,0.9813218799019391,0.9168655940660388
3635-QQRQD,1,0,0.0,0.3506526315789474
6771-XWBDM,2,1,0.9897044518255506,0.6598817807302202
2897-DOVND,3,0,0.008605086497786107,0.4797788767043776
3082-YVEKW,3,1,0.925958607544226,0.8652887061755852
0191-EQUUH,0,0,0.11867675723145654,0.43601807131363524
7134-HBPBS,2,1,0.9998941798941798,0.9730524087997772
3489-HHPFY,3,1,0.9320481743777926,0.8851561118563802
2926-JEJJC,1,0,0.0,0.3510315789473684
8601-QACRS,3,0,0.030335214522173963,0.139965664756238
4950-BDEUX,0,1,0.8325125763523131,0.7572997673830306
5789-LDFXO,1,0,0.0,0.3621473684210526
0508-OOLTO,3,0,0.0012300026008969088,0.48150252735614824
2984-TBYKU,2,1,0.9993023255813953,0.9647314565483476
9822-WMWVG,2,1,0.9899412257266275,0.9650291218695983
2391-SOORI,3,0,0.11837048597155292,0.17202187859914747
9040-KZVWO,3,0,0.10000617277871364,0.5307393112167487
2645-QTLMB,3,1,0.9841563615929365,0.6317678077950694
4806-HIPDW,3,0,0.00860603064755314,0.1776318859432318
1548-ARAGG,3,0,0.4219861363007346,0.6165839282045044
6339-RZCBJ,2,1,0.9678424565100185,0.886463298393481
4424-TKOPW,3,1,0.9908265526159454,0.6334253578884834
4415-WNGVR,3,1,0.9707104683471822,0.8883683978651886
2522-AHJXR,2,1,0.9954239640747207,0.974674848787783
0412-UCCNP,3,0,0.16853391088437927,0.5169714590905938
1816-FLZDK,0,0,0.10914156730495622,0.41729873218514035
7096-UCLNH,1,0,0.0,0.3506526315789474
8443-ZRDBZ,3,0,0.008535422035559024,0.19554048460369727
9136-ALYBR,0,0,0.012417003749840682,0.06673522255256785
4615-PIVVU,3,1,0.6374186230182173,0.7229674492072868
8885-QSQBX,3,0,0.04216311455184503,0.44204419318915905
7479-NITWS,3,1,0.9722435814538467,0.6146237483710124
8617-ENBDS,3,0,0.17060404804843618,0.5541784613246377
9385-NXKDA,2,1,0.9937783675474121,0.9063113470189648
0430-IHCDJ,3,0,0.01795287929126282,0.4309706254007156
2959-MJHIC,3,1,0.5629354784238976,0.42816366505376957
6674-KVJHG,1,0,0.0,0.3636631578947368
1814-DKOLC,1,0,0.0,0.3642947368421052
4201-JMNGR,3,0,0.36558912238336627,0.2872040700059781
9351-HXDMR,2,1,0.9977670576228145,0.9792752441017574
3537-HPKQT,2,0,0.08556407512692898,0.5306466826823505
2129-ALKBS,1,0,0.0,0.3661894736842105
5821-MMEIL,1,0,0.0,0.3502736842105263
5960-WPXQM,3,1,0.8049049247648966,0.5216672330638534
0684-AOSIH,3,1,0.974426215489536,0.6297704861958144
8260-NGFNY,0,0,0.006615903829526121,0.06630951942654728
1309-XGFSN,2,1,0.9571678628516744,0.8871197767196171
1866-RZZQS,2,1,0.9844434135917168,0.6423668391208972
6968-URWQU,3,0,0.4438828409448056,0.6199110311147644
4742-TXUEX,1,0,0.0,0.3487578947368421
9631-XEYKE,3,0,0.021750427837068254,0.43602648692430096
8631-NBHFZ,2,1,0.9834045193512463,0.5939512814247091
1335-MXCSE,3,0,0.06302831068837561,0.4647902716437713
8873-TMKGR,1,0,0.0,0.34825263157894737
8800-JOOCF,3,1,0.847095795446415,0.8511751602838291
1469-LBJQJ,2,1,0.9931325283173438,0.9630214323795692
4958-XCBDQ,2,1,0.9855359409144958,0.65038279741843
8337-UPOAQ,3,1,0.9784772654397272,0.6182540640706278
0064-YIJGF,3,0,0.02292423464884511,0.5005381149121696
2386-OWURY,2,1,0.9611746942074443,0.9252277724198199
1725-IQNIY,2,1,0.9948711633604106,0.6752116232389012
0310-VQXAM,1,0,0.0,0.35014736842105265
6598-RFFVI,1,0,0.0,0.048757894736842104
3453-RTHJQ,3,0,0.015523061588988052,0.4807776456882268
6712-OAWRH,3,1,0.9747885104241211,0.6204417199591221
6278-FEPBZ,1,0,0.0,0.3511578947368421
4280-DLSHD,3,0,0.2824275462232751,0.5512868079629942
1508-DFXCU,3,0,0.499308244315493,0.7054917187788288
8614-VGMMV,3,0,0.024437295836614824,0.13381702359780384
7868-BGSZA,2,1,0.9670107720899273,0.8894148351517603
2800-QQUSO,2,1,0.980137639944518,0.9454445296620178
2930-UOTMB,3,1,0.7798494303176423,0.4767818773902148
7973-DZRKH,2,0,0.4748263788587635,0.7196989725961369
5914-DVBWJ,3,1,0.6084215655826518,0.4592423104435871
7698-YFGEZ,1,0,0.0,0.3505263157894737
2533-QVMSK,2,1,0.9289276986693157,0.6092973952572
9773-PEQBZ,3,0,0.4345887445676946,0.6755618136165515
8644-XLFBW,3,0,0.0017498304478854975,0.1817104584949437
0650-BWOZN,3,0,0.08551002719739614,0.5200145371947479
8625-AZYZY,2,1,0.991356500504543,0.6609215475702384
7785-RDVIG,1,0,0.0,0.3487578947368421
9602-WCXPI,1,0,0.0,0.3509052631578947
2903-YYTBW,3,0,0.007846679018980533,0.41568604002864484
3620-MWJNE,3,0,0.19226657522782856,0.5144645248279736
8573-JGCZW,1,0,0.0,0.34964210526315787
6837-HAEVO,2,1,0.9904299119229957,0.961435122663935
6701-YVNQG,2,1,0.9905445938890654,0.9203020480819419
9306-CPCBC,3,0,0.006793230401987777,0.19029623952921615
4304-XUMGI,2,1,0.9363355064537626,0.8643868341604524
9504-YAZWB,1,0,0.0,0.3511578947368421
8819-ZBYNA,2,1,0.9967310332204558,0.9743134659197612
6174-NRBTZ,0,0,0.062141475874407534,0.4025408008760788
9481-IEBZY,2,1,0.9987123617123618,0.9847059973165238
1833-VGRUM,3,0,0.0012949579643033765,0.1879706147646687
6137-NICCO,3,1,0.9667624235873424,0.924304969434937
9065-ZCPQX,2,1,0.9829340080529511,0.8923736032211804
6402-EJMWF,3,1,0.5655085757536624,0.6659086934593597
3620-EHIMZ,1,0,0.0,0.3488842105263158
3213-VVOLG,1,0,0.0,0.3640421052631579
6870-ECSHE,1,0,0.0,0.35166315789473684
8747-UDCOI,1,0,0.0,0.3488842105263158
8374-XGEJJ,2,1,0.9842012524062216,0.6488383956993307
2656-TABEH,3,1,0.9750816206634982,0.6431694903706624
6946-LMSQS,3,1,0.9282755654803772,0.5962786472447824
4626-OZDTJ,2,1,0.9763983165351597,0.8892540634561692
9169-BSVIN,3,1,0.882608122308733,0.8418853541866511
2325-ZUSFD,2,1,0.8640870803006632,0.5227295689623705
8194-PEEBY,1,0,0.0,0.3502736842105263
6872-HXFNF,2,0,0.31283077841525503,0.5725428376818915
3932-CMDTD,3,1,0.9698374787894609,0.6548402546736791
7714-YXSMB,2,1,0.9765486823674212,0.9445142097890737
8387-UGUSU,1,0,0.0,0.3506526315789474
1080-BWSYE,1,0,0.0,0.3648
4039-HEUNW,2,1,0.9850648634478358,0.6378154190633449
1194-HVAIF,3,1,0.9523277436954802,0.9209310974781921
0812-WUPTB,3,0,0.004915971217684803,0.18095586217128443
3594-UVONA,2,1,0.9815377519488253,0.6097519428847933
0004-TLHLJ,3,0,0.18262136406575216,0.25974328246840617
1767-TGTKO,3,0,0.023141235063427218,0.42407754665694986
8439-LTUGF,1,0,0.0,0.3505263157894737
8805-JNRAZ,3,0,0.08136350906007507,0.4568401404661353
5089-IFSDP,2,1,0.9867310332204557,0.671197676446077
6418-HNFED,2,1,0.9700740136951714,0.8983453949517528
0206-OYVOC,1,0,0.0,0.3486315789473684
7291-CDTMJ,1,0,0.0,0.34964210526315787
7128-GGCNO,3,0,0.016332624927949756,0.49044883944486406
0237-YFUTL,2,1,0.9949516412856209,0.9749911828300379
7691-KGKGP,2,1,0.6678730743621791,0.7313597560606611
6710-HSJRD,2,1,0.9972339625755323,0.9871462166091602
3675-EQOZA,1,0,0.0,0.3521684210526316
0840-DCNZE,2,1,0.9808830307298166,0.9120163701866635
1732-FEKLD,2,1,0.974088753015308,0.9290039222587547
9862-KJTYK,0,0,0.03946354814369428,0.3798275245206356
0479-HMSWA,2,1,0.9954329212767123,0.9645731685106849
5854-KSRBJ,1,0,0.0,0.3641684210526316
0365-BZUWY,2,1,0.9897800610028353,0.9549857086116604
4817-VYYWS,2,1,0.9446194105808323,0.6309846063375961
5701-SVCWR,1,0,0.0,0.3606315789473684
3129-AAQOU,1,0,0.0,0.3646736842105263
4922-CVPDX,3,1,0.9177811446901594,0.8527966684023796
1396-QWFBJ,3,0,0.10727551985916534,0.22998389215419246
1357-BIJKI,2,1,0.9848221669868157,0.9421393931105158
1099-BTKWT,0,1,0.9157227439632482,0.8037206765326677
5299-SJCZT,3,1,0.9864464456918725,0.6511259466978017
2018-PZKMU,3,1,0.9842417307455891,0.9541598501929724
7340-KEFQE,0,0,0.09022566306529514,0.42249026522611804
4570-QHXHL,3,0,0.02654503879227221,0.42114433130638257
2403-BCASL,2,1,0.991908621578292,0.6795845012628958
7392-YYPYJ,3,1,0.9734747360033091,0.9436635786118499
2898-LSJGD,0,1,0.9004521015830136,0.5015282090542581
2223-GDSHL,2,1,0.9993023255813953,0.9928998776009792
7359-PTSXY,3,0,0.005992642414274747,0.11797600433413095
9470-RTWDV,2,1,0.9870640709108294,0.9019835231011739
2176-OSJUV,2,0,0.2563692799275204,0.5671371856552188
9348-YVOMK,3,0,0.025032931444571856,0.4231921199462498
8104-OSKWT,3,0,0.353914350009833,0.6431657400039332
4521-YEEHE,3,1,0.9482969253278297,0.9037819280258688
4090-KPJIP,3,0,0.006793230401987777,0.4920646605818477
3786-WOVKF,2,1,0.994386438754976,0.9676914176072535
4503-BDXBD,3,0,0.10585092648970867,0.2316877390169361
6086-ESGRL,3,1,0.7435224085444073,0.49989317394407873
2592-HODOV,1,0,0.0,0.3487578947368421
3886-CERTZ,2,1,0.9982423989266094,0.6752969595706437
7995-ZHHNZ,3,0,0.26442615873812336,0.547496779284723
3824-RHKVR,1,0,0.0,0.34976842105263156
5816-SCGFC,3,0,0.08363722903302691,0.4630548916132108
5989-AXPUC,2,1,0.9972923765341628,0.9985380032452442
4979-HPRFL,1,0,0.0,0.36101052631578945
8590-OHDIW,1,0,0.0,0.35128421052631575
8015-IHCGW,2,1,0.99859357696567,0.9912269044704785
2332-TODQS,1,0,0.0,0.36328421052631577
9278-VZKCD,2,1,0.9945652203536116,0.9734471407730236
8008-OTEZX,1,0,0.0,0.34964210526315787
2773-OVBPK,2,1,0.9971845333969078,0.9800527607271843
5999-LCXAO,0,0,0.051397890068313946,0.3960959981325887
5206-XZZQI,2,0,0.23089467528245466,0.5959789227445608
4803-LBYPN,1,0,0.0,0.3525473684210526
5759-RCVCB,0,1,0.6555371068794718,0.3511411585412624
6372-RFVNS,3,1,0.7373598067404964,0.4940176069067249
2139-FQHLM,3,1,0.9342407093954047,0.9009383890213198
8261-GWDBQ,2,1,0.9985998909623909,0.9926189037533775
1093-YSWCA,1,0,0.0,0.3493894736842105
8938-UMKPI,2,1,0.9898378366047489,0.6647351346418995
0991-BRRFB,3,0,0.0660238494064082,0.15120953976256327
3882-IYOIJ,2,1,0.9985952706921596,0.990596003013706
8749-TZYEC,1,0,0.0,0.36265263157894734
1755-FZQEC,1,0,0.0,0.3502736842105263
3115-JPJDD,2,0,0.20531170449137978,0.5873878396912888
5600-KTXFM,3,0,0.0014260810322694578,0.477286221886592
3871-IKPYH,3,0,0.001517272308350614,0.17517532997597182
6319-IEJWJ,3,1,0.9497513172197842,0.6077742110984401
9025-AOMKI,3,1,0.9776109080375499,0.6273812053202832
6339-TBELP,2,0,0.20198865964755597,0.5990691480695487
7964-YESJC,3,1,0.6723798106832533,0.7364466611154066
6173-GOLSU,2,1,0.8985320969106606,0.8985286282379485
5275-SQEIZ,3,1,0.8365372616495041,0.5388675362387491
7716-YTYHG,2,1,0.6509807167145637,0.4676764972121413
9938-ZREHM,3,1,0.7693782438674152,0.7898986659680187
7950-XWOVN,0,0,0.23096729144155467,0.4800500744713587
4390-KYULV,1,0,0.0,0.051915789473684214
4647-MUZON,3,1,0.9529347781879518,0.9235739112751808
9702-AIUJO,3,0,0.035997454834517155,0.4275779293022279
8849-PRIQJ,2,1,0.9967097445038621,0.9750628451699659
8851-RAGOV,3,1,0.901762163547264,0.8401996022610108
1304-NECVQ,3,0,0.4386182579610445,0.3738894084475757
5396-IZEPB,1,0,0.0,0.34976842105263156
1729-VLAZJ,0,0,0.219435916623282,0.4894585771756286
8285-ABVLB,1,0,0.0,0.35014736842105265
0701-TJSEF,3,1,0.8967036119234446,0.8311024974009569
5712-VBOXD,1,0,0.0,0.3509052631578947
6629-LADHQ,3,0,0.09270654102810702,0.46579840588492705
8945-GRKHX,3,1,0.7937322319821076,0.5161876296349484
1559-DTODC,0,0,0.02032879236888281,0.37166835905281626
4797-MIWUM,1,0,0.0,0.3511578947368421
6959-UWKHF,3,0,0.008526433280958106,0.11178952068080429
8720-RQSBJ,3,0,0.014341337975641933,0.41689442992709885
4537-CIBHB,1,0,0.0,0.3511578947368421
3815-SLMEF,0,0,0.27661086767622917,0.19717066285996537
5154-VEKBL,0,1,0.9502761949172676,0.5278999516511176
4324-AHJKS,3,0,0.29351565092536314,0.5583746814227768
4355-CVPVS,2,1,0.7823737152622442,0.8375389597891083
4495-LHSSK,3,0,0.31603552101456134,0.5720563136689825
5655-JSMZM,2,1,0.9821709367725144,0.6358999536563743
5915-ANOEI,2,1,0.9921231972421403,0.8968071736336982
9861-PDSZP,2,1,0.9992321739018842,0.9726612906133854
4505-EXZHB,3,0,0.1131141549182334,0.23320355670413545
7225-CBZPL,3,1,0.9775502988220484,0.9305148563709247
6704-UTUKK,0,1,0.7770372912284985,0.7267728112282414
4587-VVTOX,3,1,0.9830208923041025,0.65922940955322
2019-HDCZY,2,1,0.9762478500228353,0.9496991400091341
4652-NNHNY,3,0,0.007777142806712151,0.1896792781753164
8788-DOXSU,2,1,0.5910659085826446,0.6914158371172684
7404-JLKQG,3,1,0.5386076894292661,0.6608325494559169
7421-ZLUPA,0,0,0.06815582636067652,0.40115706738637585
8972-HJWNV,3,1,0.9250682552659564,0.5836273021063826
3274-NSDWE,1,0,0.0,0.3495157894736842
2632-IVXVF,2,1,0.9983318461734159,0.9816485279430505
3692-JHONH,2,1,0.9855001234685326,0.9632526809663604
8915-NNTRC,2,1,0.9993023255813953,0.9718051407588739
5914-GXMDA,1,0,0.0,0.3487578947368421
7463-IFMQU,1,0,0.0,0.3506526315789474
2920-RNCEZ,3,0,0.0021558141973366885,0.4775781151526189
2541-YGPKE,3,1,0.6459495841571828,0.7193061494523468
8515-OCTJS,1,0,0.0,0.06252631578947368
5382-TEMLV,3,0,0.055838154856401215,0.45092473562677104
3441-CGZJH,0,1,0.9682786815834096,0.8399009463175744
9592-ERDKV,2,1,0.9768025399281177,0.8909315422870365
2860-RANUS,3,1,0.8982281668385802,0.5760491614722743
5261-QSHQM,0,0,0.017527880500966552,0.0687795732530182
4778-IZARL,2,1,0.9973275817714757,0.977078401129643
0432-CAJZV,3,1,0.9787642874609134,0.9206425570896286
7008-LZVOZ,1,0,0.0,0.3639157894736842
8868-WOZGU,2,1,0.9810215122646493,0.6594401838532281
1200-TUZHR,3,1,0.921397798322555,0.88380122459218
9365-CSLBQ,1,0,0.0,0.3615157894736842
1334-FJSVR,0,0,0.012417003749840682,0.0662299593946731
5884-FBCTL,1,0,0.0,0.36341052631578946
7130-CTCUS,3,0,0.29091512503291767,0.5541765763289566
6242-FEGFD,2,1,0.5412695375078904,0.760549920266314
7625-XCQRH,3,0,0.009876792798909162,0.1972138750143005
6194-HBGQN,2,1,0.9774840399499712,0.8960041422957781
7634-WSWDB,0,1,0.7240203055533637,0.6868712801160823
6986-IXNDM,3,1,0.9540111362291576,0.9162991913337684
1731-TVIUK,3,1,0.9739378225278529,0.6257856553269306
2987-BJXIK,2,1,0.9958050685122809,0.9123009747733335
9769-TSBZE,2,0,0.41784339579086727,0.63387420042161
0406-BPDVR,2,1,0.9791835937128908,0.6480944901167353
0618-XWMSS,3,0,0.08242419349511283,0.22219073002962406
1395-WSWXR,1,0,0.0,0.3524210526315789
6023-GSSXW,2,0,0.31277954562380544,0.58035392351268
6752-APNJL,3,0,0.12313166566987455,0.48693687679426556
5276-KQWHG,3,0,0.006219269168782888,0.17831928661488156
0420-HLGXF,2,1,0.981865230188238,0.9447460920752953
7446-KQISO,2,1,0.9970216031371234,0.9760717991495862
9823-EALYC,2,1,0.9940056599287075,0.9018548955504304
0582-AVCLN,1,0,0.0,0.35128421052631575
5803-NQJZO,2,0,0.3432338750446488,0.6085777605441753
2565-JSLRY,1,0,0.0,0.06075789473684211
2607-DHDAK,1,0,0.0,0.35002105263157895
1073-XXCZD,1,0,0.0,0.36492631578947365
0743-HRVFF,0,1,0.9267982986355405,0.8125719510331635
4006-HKYHO,2,1,0.9966784805594331,0.9177029711711417
3727-JEZTU,1,0,0.0,0.35153684210526315
8143-ETQTI,1,0,0.0,0.34964210526315787
6689-KXGBO,3,0,0.04216311455184503,0.14457050897863274
9667-TKTVZ,3,0,0.16921246058729456,0.5049902473928125
3657-COGMW,2,1,0.9960516357578264,0.9715153911452359
8570-KLJYJ,3,0,0.0574721508227349,0.46054675506593606
7754-IXRMC,3,0,0.0069101061635267165,0.41733246351804226
9473-CBZOP,3,0,0.30568772850999915,0.571327722982947
2969-WGHQO,3,1,0.8744834606240559,0.8252460158285697
6615-NGGZJ,3,1,0.9700861605251803,0.6420555168416511
4334-HOWRP,0,1,0.9340216224838943,0.8376928595198736
4255-DDUOU,1,0,0.0,0.051789473684210524
5863-OOKCL,1,0,0.0,0.34762105263157894
1686-STUHN,1,0,0.0,0.35002105263157895
1329-VHWNP,0,0,0.018461213834299883,0.3706686960600357
2984-MIIZL,3,0,0.1814251465716624,0.26153847968129657
0266-GMEAO,2,1,0.9993023255813953,0.9884788249694003
5590-YRFJT,0,0,0.024807974559933867,0.07169161087660512
5574-NXZIU,2,1,0.9990982453304555,0.9755129823427087
0019-GFNTW,0,0,0.48051450246508637,0.606016327301824
4256-ZWTZI,3,0,0.0891263069307279,0.46449262803544905
8309-PPCED,2,1,0.997054107326417,0.9778532218779352
4098-NAUKP,2,0,0.09822495140886568,0.5531426121424936
5196-WPYOW,2,0,0.1610751288943257,0.5161353147156249
4608-LCIMN,3,0,0.023892059616057733,0.4223568238464231
1485-YDHMM,2,1,0.90227472233461,0.8964888363022652
4054-CUMIA,1,0,0.0,0.3511578947368421
0603-TPMIB,1,0,0.0,0.3642947368421052
2525-GVKQU,1,0,0.0,0.3520421052631579
8161-QYMTT,3,1,0.9725640574755369,0.9267519387796885
9581-GVBXT,0,0,0.0992067227012403,0.4275984785541803
5862-BRIXZ,0,1,0.8533684108730926,0.7948210485597633
5404-GGUKR,3,0,0.11836654923237765,0.47707293548242474
3308-JSGML,0,1,0.9110988410279499,0.8262500627269695
2126-GSEGL,2,1,0.9941826557879072,0.9119046412625313
3677-TNKIO,3,0,0.009876792798909162,0.18331913817219522
0440-QEXBZ,3,0,0.016351136982978257,0.43323519163529656
2434-EEVDB,2,1,0.8910823322179412,0.8954224065713869
6762-QVYJO,0,1,0.9624382926624397,0.8359226854860284
6199-IWKGC,2,1,0.9775476021588105,0.944282198758261
2675-DHUTR,2,1,0.9847535745740889,0.9437540614085829
8152-VETUR,2,1,0.9581051513876295,0.9300631131866308
9667-EQRXU,0,1,0.8861404717738661,0.45626671502533594
7446-YPODE,3,1,0.6901867658527924,0.7282852326569065
9522-BNTHX,0,1,0.8908223786834836,0.7984342146312882
4676-WLUHT,0,1,0.8403957056159426,0.7528740717200613
3329-WDIOK,0,1,0.8217878819376577,0.45654673172243154
7980-MHFLQ,1,0,0.0,0.36290526315789473
2873-ZLIWT,2,0,0.33053540920284563,0.34657205841798033
3415-TAILE,3,1,0.6715445631502006,0.4345967726285013
0757-WCUUZ,2,0,0.4347279797369252,0.6339332971579279
1629-DQQVB,3,0,0.06745862998511808,0.45355187304667877
1915-IOFGU,3,0,0.0004962267070946105,0.17830375384073258
3045-XETSH,3,1,0.9747016129375017,0.6295016978065796
0374-AACSZ,3,0,0.04216311455184503,0.44355998266284324
7239-HZZCX,1,0,0.0,0.04989473684210526
4872-VXRIL,2,1,0.5290945898042024,0.6749641517111546
9140-CZQZZ,2,1,0.9847384073236845,0.894990099771579
3423-HHXAO,1,0,0.0,0.34926315789473683
9938-TKDGL,2,1,0.9740454173533883,0.9411129037834607
0531-ZZJWQ,3,0,0.02790163242330425,0.49810802139037436
6537-QLGEX,0,1,0.717612784484474,0.6853187980043158
2688-BHGOG,3,1,0.6073433730260934,0.7439057702630689
7683-CBDKJ,3,1,0.7889948666612459,0.48094531508555105
0946-CLJTI,2,1,0.9847535745740889,0.6432487982506881
3160-TYXLT,0,1,0.9023853994363816,0.7779225808271842
1325-USMEC,2,1,0.9843693014955577,0.9447371942824336
0916-QOFDP,3,1,0.9775009640795047,0.9330214382633808
0628-CNQRM,3,1,0.7864079720457373,0.48508950460776856
5606-AMZBO,3,0,0.3748071108284961,0.6473544232787669
6199-IPCAO,1,0,0.0,0.3659368421052631
7665-TOALD,3,0,0.0004962267070946105,0.17603006963020623
0112-QWPNC,2,1,0.9718206651795706,0.6018230029139335
0324-BRPCJ,2,1,0.9705089714616737,0.6413404306899326
2777-PHDEI,3,1,0.6336575818797029,0.4506419801203022
5640-CAXOA,0,1,0.7051347521585588,0.6839907429686867
2235-EZAIK,2,1,0.9916342234032678,0.896737899887623
3847-BAERP,1,0,0.0,0.3528
1196-AMORA,3,0,0.017206990663010003,0.19281963837046712
4282-YMKNA,3,0,0.01130536422748059,0.19336425095415014
1453-RZFON,3,0,0.03327569703455837,0.4393734367085602
8263-OKETD,3,1,0.8848938936271984,0.8280207153456163
0670-KDOMA,1,0,0.0,0.3511578947368421
2476-YGEFM,3,0,0.02432737224060673,0.5017309488962427
8687-BAFGU,3,0,0.056631536576920126,0.5095999830518207
0641-EVBOJ,3,1,0.5215937234637767,0.7165532788591948
0829-XXPLX,3,1,0.9161097770024266,0.8922965423799181
9974-JFBHQ,2,1,0.9641971271922923,0.9361630614032328
5356-RHIPP,1,0,0.0,0.05103157894736842
6624-JDRDS,0,0,0.06815582636067652,0.4016623305442706
0608-JDVEC,1,0,0.0,0.35002105263157895
9780-FKVVF,3,1,0.6348662031928588,0.7033780602245119
1919-RTPQD,3,0,0.02482539294939106,0.42298278875870376
5214-NLTIT,2,1,0.7852165472632241,0.8434760925895002
3345-PBBFH,3,0,0.09904847297049311,0.4647983365566183
5055-BRMNE,2,1,0.9863040731324709,0.9640795239898305
9189-JWSHV,3,1,0.9775297787455337,0.6273487536034766
2190-PHBHR,2,1,0.8549495181505958,0.8805903335760279
2650-GYRYL,1,0,0.0,0.34913684210526313
0746-JTRFU,0,0,0.02742487549668612,0.07425416072499023
5208-FVQKB,2,1,0.6018349423107986,0.7123971348190563
7184-LRUUR,3,1,0.7844041859411078,0.778603779639601
6627-CFOSN,2,1,0.9895950876875247,0.9470801403381679
3982-JGSFD,1,0,0.0,0.35141052631578945
1574-DYCWE,1,0,0.0,0.3504
7247-XOZPB,2,1,0.9657924745316359,0.8818538319179177
2466-FCCPT,1,0,0.0,0.34976842105263156
6211-WWLTF,2,1,0.9825829261881612,0.9449068546857908
4826-TZEVA,3,0,0.06026411936335183,0.5130740687979723
6016-NXBNJ,1,0,0.0,0.348378947368421
9138-EFSMO,3,1,0.5603126398137956,0.7235776875044656
0576-WNXXC,2,1,0.9766235060249226,0.6320388760941795
4632-XJMEX,2,0,0.48501010225071295,0.6527829882687062
8910-LEDAG,3,0,0.009269482262111993,0.48446568764168685
3452-GWUIN,3,1,0.9777430897190058,0.9309709200981287
2716-GFZOR,2,0,0.47690883027126396,0.7082793215821899
3724-UCSHY,1,0,0.0,0.3493894736842105
8626-XHBIE,1,0,0.0,0.36265263157894734
4628-CTTLA,0,1,0.820864756418285,0.42763011309362986
3192-LNKRK,3,1,0.5693716383812653,0.7400854974577693
4439-YRNVD,0,0,0.296702806134112,0.5102600698220658
2876-VBBBL,1,0,0.0,0.051157894736842104
6834-NXDCA,0,0,0.022967792781668307,0.06956606448108837
2208-UGTGR,2,1,0.9819707366336875,0.9418830314955802
3005-TYFRD,2,1,0.9897011492678446,0.9577330912860853
8670-MEFCP,2,1,0.9850777611143948,0.9287258412878632
3079-BCHLN,1,0,0.0,0.3502736842105263
7777-UNYHB,1,0,0.0,0.350778947368421
5597-GLBUC,3,1,0.8517268493826512,0.5565644239635869
7278-CKDNC,3,0,0.18387543443063006,0.5769185948248836
2748-MYRVK,2,1,0.9733271877940772,0.641709822486052
8450-UYIBU,0,1,0.8441761860595806,0.7383441586343585
2969-VAPYH,2,0,0.2652578884574302,0.55894526064613
4822-YCXMX,3,1,0.8519715634773134,0.5550202043382938
7181-OQCUT,2,1,0.9855475575835803,0.9565769177702743
8474-UMLNT,3,1,0.8702008817003667,0.8193645632064626
9821-POOTN,3,0,0.016737605897896673,0.1966739897275797
3836-FZSDJ,1,0,0.0008333333333333333,0.3631122807017544
9142-XMYJH,1,0,0.0,0.3488842105263158
6559-ILWKJ,0,1,0.8622574599701553,0.4695766681985885
0187-QSXOE,3,1,0.986890443991082,0.9195982828595906
7733-UDMTP,0,1,0.9017469296291525,0.7996461402727135
2649-HWLYB,2,1,0.9598993336040139,0.8763386808100266
5214-CHIWJ,1,0,0.0,0.35128421052631575
4229-CZMLL,3,0,0.01561875536889236,0.19546855477913588
6904-JLBGY,2,1,0.9998941798941798,0.9964208298524089
2465-BLLEU,1,0,0.0,0.34989473684210526
1685-VAYJF,3,0,0.020308556946940476,0.4223128964629867
8874-EJNSR,1,0,0.0,0.3636631578947368
6917-YACBP,2,1,0.6096157410652416,0.7705831385313597
5049-MUBWG,3,1,0.9303519196617881,0.8616144520752416
4223-WOZCM,3,0,0.07072604755518355,0.45447989270628397
0769-MURVM,0,1,0.9683891116211911,0.8533345920168975
9253-VIFJQ,2,0,0.4826349311434756,0.6624434461416007
7030-FZTFM,2,1,0.9993023255813953,0.9798893512851898
9741-YLNTD,3,1,0.9603450912828154,0.9063275101973367
5917-RYRMG,1,0,0.01,0.3540210526315789
5120-ZBLAI,2,1,0.9059257766054992,0.8536124159053575
1194-BHJYC,0,1,0.9423875409641905,0.8339655427014656
3663-MITLP,3,1,0.9807837771842032,0.6481029845578918
0906-QVPMS,2,1,0.9977670576228145,0.9900120862070205
9025-ZRPVR,1,0,0.0,0.04787368421052631
1905-OEILC,1,0,0.0,0.34926315789473683
7858-GTZSP,3,1,0.898079946187234,0.8778846100538409
3285-UCQVC,0,0,0.09194976413243097,0.10903253723191977
6248-BSHKG,1,0,0.0,0.35153684210526315
4685-TFLLS,1,0,0.0,0.35002105263157895
3470-BTGQO,3,0,0.02018266452708721,0.42339938160030854
1209-VFFOC,0,1,0.9486811966672565,0.8219566891932184
8224-DWCKX,3,0,0.008554387171430151,0.4886007022369931
5482-PLVPE,0,0,0.026526406112631143,0.07212635191873668
4553-DVPZG,2,1,0.9671998365181892,0.9429220398704337
4902-OHLSK,2,1,0.9873748282655457,0.6441709839377973
6917-IAYHD,0,0,0.1316182156786068,0.4375314967977585
0495-ZBNGW,3,0,0.36324245524797005,0.3471496136781354
8620-RJPZN,1,0,0.0,0.35229473684210527
7572-KPVKK,2,1,0.9869079617609958,0.9576263425991351
2642-MAWLJ,1,0,0.0,0.3511578947368421
2357-COQEK,2,1,0.9929539642761847,0.6581500067631054
7103-ZGVNT,2,1,0.9264575987277479,0.8567725131753097
3737-GCSPV,3,1,0.9608286821154947,0.6273630517935663
2027-WKXMW,2,1,0.9968324686446265,0.9734698295631137
7137-NAXML,1,0,0.0,0.3509052631578947
2428-ZMCTB,1,0,0.0,0.34989473684210526
2961-VNFKL,1,0,0.0,0.3655578947368421
1768-HNVGJ,3,1,0.7729021117113458,0.7861292657371699
6963-KQYQB,1,0,0.0,0.3607578947368421
5934-RMPOV,3,1,0.9135284106931079,0.879516627435138
1207-BLKSA,1,0,0.0,0.3582315789473684
4088-YLDSU,2,1,0.9915763819812107,0.6597463422661685
8316-BBQAY,0,1,0.9270777466228368,0.8222837302280821
1166-PQLGG,1,0,0.0,0.3493894736842105
3146-JTQHR,1,0,0.0,0.3495157894736842
4291-YZODP,1,0,0.0,0.3506526315789474
4395-PZMSN,3,1,0.8671508067346602,0.8629866384833378
6427-FEFIG,2,1,0.9629458840877405,0.8837467746877279
0017-IUDMW,2,1,0.99859357696567,0.9945111149967942
8706-HRADD,0,1,0.8547479216049984,0.7519202212735783
9955-QOPOY,0,1,0.9182598217318262,0.8209039286927304
4385-ZKVNW,3,0,0.13171177250068994,0.49137944584238125
5446-DKWYW,2,1,0.7253238629926743,0.754845334670754
2034-CGRHZ,2,1,0.9940168928524841,0.6576909676673095
5797-APWZC,3,1,0.9680117473076324,0.6160889094493688
3683-QKIUE,3,0,0.09615402503075333,0.16679845211756447
4228-ZGYUW,3,1,0.9683936909089808,0.6148522132056975
9031-ZVQPT,2,1,0.9977670576228145,0.9724541914701785
2990-IAJSV,2,1,0.9920977779522411,0.9292601638124753
8107-KNCIM,3,0,0.005604287672677621,0.4919680308585447
9027-YFHQJ,1,0,0.0,0.36328421052631577
5176-LDKUH,3,0,0.056501565953558916,0.5124532579603709
4644-OBGFZ,1,0,0.0,0.34926315789473683
7926-IJOOU,1,0,0.0,0.3487578947368421
6480-YAGIY,2,1,0.9962402957859705,0.9819487498933357
4029-HPFVY,3,0,0.00839843573418916,0.48095937429367563
7602-DBTOU,1,0,0.0,0.3495157894736842
5345-BMKWB,1,0,0.0,0.3511578947368421
3519-ZKXGG,3,0,0.0035096248603578776,0.19302490257572208
5457-COLHT,2,1,0.993253174656248,0.9010486382835519
6416-TVAIH,3,0,0.00624032123959021,0.17554876007478346
5451-YHYPW,2,1,0.9988941798941798,0.9919787245892508
5108-ADXWO,3,0,0.10585092648970867,0.22802458112219923
7998-WNZEM,2,1,0.9914694615904672,0.9002088372677659
3066-RRJIO,3,0,0.0004962267070946105,0.17691428015652205
4664-NJCMS,0,1,0.9460596416653577,0.8288659619293011
0307-BCOPK,1,0,0.0,0.3481263157894737
7629-WFGLW,2,1,0.6569900120979776,0.804438110102349
2542-HYGIQ,1,0,0.0,0.3504
6715-OFDBP,3,1,0.9218603031730247,0.5457125423218415
5016-LIPDW,1,0,0.0,0.34901052631578944
6481-LXPWL,0,0,0.10384537633182943,0.43273815053273174
1567-DSCIC,3,1,0.9840421142811087,0.6310905299229698
2150-UWTFY,3,0,0.2692827242812868,0.2621973002388305
6124-ACRHJ,1,0,0.0,0.34989473684210526
9362-MWODR,3,1,0.7331916767284062,0.7552135127966255
9975-GPKZU,1,0,0.0,0.34989473684210526
9625-RZFUK,1,0,0.0,0.34976842105263156
5153-LXKDT,2,1,0.9988080366496064,0.9779232146598427
5161-UBZXI,2,1,0.9988080366496064,0.9681968988703689
1020-JPQOW,2,1,0.7205430293302322,0.816975106468935
7919-ZODZZ,3,1,0.8581711668406021,0.8097526772625567
0565-JUPYD,2,1,0.9990753996229514,0.9636301598491805
6867-ACCZI,0,1,0.9432185214187053,0.8099189875148505
5939-XAIXZ,3,0,0.26803334186008987,0.5489396525335096
9054-FOWNV,3,1,0.9375036395658214,0.8992119821421181
2683-BPJSO,3,1,0.5140314947493834,0.418959966320806
2157-MXBJS,3,1,0.9324768373009303,0.5632223138677406
8207-VVMYB,1,0,0.003333333333333333,0.36701754385964913
9732-EQMWY,2,1,0.9916368144691081,0.9477705152613274
9360-AHGNL,2,1,0.9932526022429529,0.6740589356340232
1087-UDSIH,1,0,0.0,0.04951578947368421
5269-NRGDP,2,1,0.9581547097511732,0.8680618839004695
6195-MELTI,3,0,0.2017502808876823,0.5187632702498097
5485-WUYWF,3,1,0.8508560067262837,0.5080897711115662
2121-JAFOM,2,1,0.997054107326417,0.990737432404251
8818-DOPVL,2,1,0.9922898916375205,0.9607896408655345
2632-UCGVD,2,1,0.9910561988271961,0.6491803742677205
5445-PZWGX,2,1,0.9947853159529098,0.6555983369074797
1227-UDMZR,2,1,0.9826594737549992,0.923337473712526
5198-HQAEN,2,1,0.829994489358737,0.8586083220592842
9170-CCKOU,3,1,0.7720882886146734,0.5367089996563957
2167-FQSTQ,2,1,0.9647972148018311,0.9193504648681008
2819-GWENI,1,0,0.0,0.3502736842105263
1043-YCUTE,1,0,0.0,0.06353684210526316
3814-MLAXC,3,0,0.2673016078076232,0.3086469589125229
3572-UUHRS,1,0,0.0,0.34762105263157894
2692-PFYTJ,1,0,0.0,0.36505263157894735
1226-UDFZR,3,0,0.08136350906007507,0.15785066678192478
5955-EPOAZ,1,0,0.0,0.35292631578947364
6821-JPCDC,2,1,0.9913721778215897,0.941727818497057
8815-LMFLX,1,0,0.0,0.3641684210526316
9135-HSWOC,1,0,0.0,0.34976842105263156
8582-KRHPJ,0,0,0.1623635751280478,0.45336648268279806
5811-IWXYM,2,1,0.9826439349732834,0.948847047673524
7044-YAACC,3,0,0.0035207252757562357,0.4787556585313551
8189-XRIKE,3,1,0.947589414587326,0.908804186887562
1506-YJTYT,2,1,0.9440608763184756,0.8641927715800217
4123-DVHPH,3,1,0.9287680243385057,0.8939493149985602
6425-YQLLO,2,1,0.9956178397211596,0.6659102937832007
5442-UTCVD,3,1,0.9628930084172476,0.6171993086300569
2228-BZDEE,1,0,0.0,0.350778947368421
7734-DBOAI,0,1,0.7283384937339492,0.3926406606514744
2789-CZANW,2,1,0.9988080366496064,0.97817584623879
2091-RFFBA,3,0,0.007879191180644441,0.18984641331436306
2114-MGINA,3,1,0.9260902376911251,0.5972992529711869
7596-LDUXP,3,1,0.8213394099273366,0.843651553444619
3740-RLMVT,2,0,0.26120475322529907,0.5584608486585407
4489-SNOJF,2,1,0.961737724729843,0.5672214056814109
2192-OZITF,2,1,0.9103080493509013,0.84993374605615
5651-CPDND,3,0,0.020265699804083336,0.4243168062374228
2186-QZEYA,3,0,0.2457580846818094,0.5462190233464079
1131-ALZWV,1,0,0.0,0.3621473684210526
7729-XBTWX,1,0,0.0,0.34989473684210526
9134-WYRVP,2,1,0.7275066082848851,0.8091500117350066
3284-SVCRO,1,0,0.0,0.3644210526315789
9732-OUYRN,1,0,0.0,0.348
0559-CKHUS,1,0,0.0,0.3493894736842105
2931-SVLTV,2,1,0.9919773969599706,0.9749383272050409
6899-PPEEA,2,1,0.9835313927027148,0.6373283465547701
7504-UWHNB,3,0,0.009306727384787616,0.4799332172697045
2582-FFFZR,0,1,0.8600792637831902,0.7718632844606446
8908-NMQTX,0,1,0.9257789277939359,0.8360378869070482
2187-LZGPL,0,1,0.7499944617959865,0.40130304787628934
1431-AIDJQ,2,1,0.9894992625419191,0.9032102313325572
6288-LBEAR,3,0,0.20758242544289962,0.5828645491245282
4597-NUCQV,3,1,0.9833017989304867,0.6491101932564052
9019-QVLZD,3,1,0.7856495587087933,0.5152282445361489
8413-YNHNV,2,1,0.9928046225427507,0.9261323753328898
5808-TOTXO,1,0,0.0,0.3519157894736842
4369-NYSCF,2,1,0.928969272825373,0.8629561301827808
6333-YDVLT,2,1,0.9992522650294988,0.9775956428539048
5324-KTGCG,1,0,0.0,0.3526736842105263
5599-HVLTW,3,0,0.3074344270888986,0.6259632445197699
7394-LWLYN,3,0,0.00579991963474084,0.4795410204854753
3707-LRWZD,3,1,0.8234834359387122,0.541730216480748
6873-UDNLD,3,1,0.7173733294057187,0.7573493317622875
2700-LUEVA,1,0,0.0,0.3524210526315789
1455-ESIQH,3,1,0.9783270128923306,0.6164255419990374
0958-YHXGP,3,0,0.009535311849951579,0.48040359842419117
1101-SSWAG,3,0,0.02864535062266723,0.44055287709117213
2979-SXESE,3,1,0.9251659789441982,0.608550602103995
4013-TLDHQ,3,0,0.207323955887324,0.2806137928812454
5743-KHMNA,1,0,0.0008333333333333333,0.36488070175438597
4194-FJARJ,2,0,0.17401588852593886,0.5211853027787966
5325-UWTWJ,2,1,0.6068936977062864,0.7715153738193566
3969-GYXEL,3,0,0.10424244379285534,0.5347075038329316
9208-OLGAQ,3,1,0.6799516449218447,0.7865911842845275
3244-CQPHU,2,1,0.9998941798941798,0.9781050403787246
2674-MLXMN,2,1,0.9870335576038799,0.9465607914626046
9708-HPXWZ,0,1,0.9150515965197821,0.780715375450018
6992-TKNYO,2,1,0.8846067402312902,0.8281584855662003
4468-YDOVK,3,0,0.10415581083015918,0.4645675874899584
3754-DXMRT,3,0,0.016696769101952665,0.1182155497460442
5792-JALQC,3,0,0.2808200921550828,0.5635280368620331
7130-VTEWQ,3,0,0.008707907038833564,0.194851583868165
2200-DSAAL,2,1,0.9695702276225269,0.8915754594700633
4302-ZYFEL,1,0,0.0,0.3519157894736842
9351-LZYGF,3,1,0.537386255800152,0.6827018707411134
4366-CTOUZ,2,1,0.9921318712202996,0.9499895905933831
6121-VZNQB,1,0,0.0,0.048252631578947366
7903-CMPEY,3,0,0.46983269599867405,0.39079623629420646
1518-OMDIK,3,0,0.02007495929323456,0.42057735213834646
6671-NGWON,1,0,0.0,0.35141052631578945
0595-ITUDF,2,1,0.6908633700278176,0.8082611374848112
6996-KNSML,3,0,0.04165718638163043,0.2058839271842311
1955-IBMMB,1,0,0.0,0.3510315789473684
0096-BXERS,3,0,0.030990300071046605,0.43959612002841864
3806-YAZOV,1,0,0.0,0.34749473684210525
7998-ZLXWN,1,0,0.0,0.35166315789473684
6253-WRFHY,3,1,0.7493625953295802,0.7633239855002532
9133-AYJZG,3,1,0.953325645071425,0.9306776264496226
2675-OTVVJ,3,1,0.9221050742797207,0.8948209770803093
8680-CGLTP,3,0,0.282202411371194,0.5613020171800565
8430-TWCBX,1,0,0.0,0.35229473684210527
5018-GWURO,2,1,0.7478838025664504,0.8154061526055274
6741-QRLUP,2,1,0.9891295121821212,0.8985149627675852
4737-HOBAX,2,1,0.9668144650999504,0.8883257860399802
0537-QYZZN,3,0,0.17700942643638928,0.5725300863640294
3340-QBBFM,3,0,0.17974628230364462,0.5085721971319841
1704-NRWYE,3,1,0.5283773247360741,0.41560356147337696
2592-SEIFQ,0,0,0.021271029342839972,0.07103472752660966
8200-KLNYW,3,1,0.9583644737367962,0.8877247368631396
3372-CDXFJ,1,0,0.0,0.36189473684210527
4781-ZXYGU,1,0,0.0,0.3509052631578947
7632-YUTXB,1,0,0.0,0.3506526315789474
2718-YSKCS,1,0,0.0,0.3495157894736842
9896-UYMIE,2,1,0.9992522650294988,0.9884588007486417
0853-NWIFK,2,1,0.9899149414178747,0.9493554502513604
8212-CRQXP,3,0,0.3936301869361812,0.6595573379323671
6980-CDGFC,1,0,0.0,0.3526736842105263
7691-XVTZH,2,1,0.7454409083892081,0.825418468618841
2520-SGTTA,1,0,0.0,0.3505263157894737
7481-ATQQS,2,1,0.9419549723076553,0.6062977783967463
2277-VWCNI,3,0,0.027660345170047083,0.43422203280486094
1088-CNNKB,2,1,0.9615914386266857,0.886741838608569
8642-GVWRF,3,0,0.30745655752030054,0.32432999142917285
1930-BZLHI,1,0,0.0,0.35141052631578945
3400-ESFUW,2,0,0.18710826450175083,0.22023277948491085
5868-YTYKS,1,0,0.0,0.3511578947368421
3525-DVKFN,1,0,0.0,0.34901052631578944
1482-OXZSY,2,1,0.9358957863498987,0.9280004198031173
0377-JBKKT,3,0,0.21391566743090537,0.5319662669723622
5778-BVOFB,3,1,0.6831124679885862,0.7235607766691188
3373-YZZYM,1,0,0.0,0.3485052631578947
2057-ZBLPD,3,1,0.9113651474125376,0.5830723747544888
0228-MAUWC,3,1,0.5538000870634899,0.6719621400885538
5502-RLUYV,2,1,0.9834666130954514,0.6559971715539701
0023-HGHWL,0,0,0.008691927221338986,0.06688729720432507
7663-YJHSN,2,1,0.997054107326417,0.9614321692463563
4915-BFSXL,2,1,0.8062865934435838,0.796704111061644
3086-RUCRN,2,1,0.9976248029404998,0.9595130790709367
5215-LNLDJ,0,0,0.00981103177144838,0.36632441270857935
7576-JMYWV,2,1,0.9984499493388117,0.9777799797355247
9039-RBEEE,0,1,0.8902507375679899,0.4797634529219328
0257-KXZGU,3,0,0.3713016054375058,0.6062890632276339
1307-ATKGB,3,1,0.9353630262726932,0.9003767894564456
8417-FMLZI,3,1,0.7963861653606094,0.5296281503547701
3714-XPXBW,2,1,0.9548393435775725,0.8812620532205027
1850-AKQEP,1,0,0.0,0.35141052631578945
2824-DXNKN,2,1,0.7953312535058772,0.7986377645602456
5227-JSCFE,0,0,0.45438710972982294,0.5988495807340344
0848-ZGQIJ,3,1,0.9368379377848304,0.9138509645876165
3621-CHYVB,0,1,0.933349246312843,0.7994028564198741
8042-RNLKO,1,0,0.0,0.3642947368421052
1792-UXAFY,3,1,0.8921886159181294,0.5820964989988308
5372-FBKBN,1,0,0.0,0.3524210526315789
0420-TXVSG,2,0,0.2949999368537826,0.5849894484257235
6217-TOWGS,3,1,0.8909511619761252,0.8468646753167659
0515-YPMCW,3,0,0.007749580187444142,0.1810787794433987
0378-XSZPU,2,0,0.2445150389211424,0.25014285767372013
1045-LTCYT,1,0,0.0,0.35317894736842104
1544-JJMYL,3,1,0.9023492993052615,0.8361397197221045
4636-JGAAI,3,1,0.9380148269135407,0.899669088660153
6874-SGLHU,2,1,0.9495394021503634,0.9248683924390928
5951-AOFIH,3,1,0.8107421953952657,0.792044246579159
4729-XKASR,0,0,0.005260141004742642,0.06463037219137073
3059-NGMXB,3,1,0.8851584744068457,0.8288844423943174
8652-YHIYU,3,0,0.23450182944142633,0.5946428370397284
5278-PNYOX,2,1,0.9921594168130047,0.9511374509357282
5449-FIBXJ,2,1,0.9905696155966004,0.6571962672912717
3486-HOOGQ,2,1,0.9946513664871931,0.8992079150159298
5061-PBXFW,3,0,0.2321627938722917,0.5479809070226008
8630-FJLIB,3,0,0.014089141162401585,0.4819724985702238
3891-NLXJB,0,0,0.265186881259905,0.50851685776712
4749-OJKQU,3,0,0.008611412220169597,0.49456035436175205
0577-WHMEV,3,1,0.7636215161018213,0.8345854485459916
5453-AXEPF,3,0,0.39180579849330294,0.6600907404499528
3639-XJHKQ,3,0,0.373842312641567,0.602631661898732
3716-LRGXK,2,1,0.9736477413965029,0.9449959386638644
2263-SFSQZ,1,0,0.0,0.3630315789473684
9950-MTGYX,1,0,0.0,0.35128421052631575
3397-AVTKU,3,0,0.4370753288042738,0.6264090788901306
4825-FUREZ,1,0,0.0,0.3511578947368421
9837-BMCLM,3,1,0.5796481458543011,0.43017504781540467
2672-OJQZP,3,0,0.007710106163526718,0.41613667404435806
0137-UDEUO,1,0,0.0,0.050147368421052635
3134-DSHVC,2,1,0.9940720597918556,0.9452077712851632
6161-UUUTA,3,1,0.6256441569587716,0.452110294362456
7821-DPRQE,2,1,0.9961457272814145,0.9705425014388815
6543-XRMYR,2,1,0.951705501728964,0.6325558849021119
2001-EWBQU,2,1,0.992834083690757,0.9616388966341975
4925-LMHOK,3,0,0.4535986331308606,0.3294815585155021
1608-GMEWB,2,1,0.9797032119047896,0.9291023373934948
6695-AMZUF,2,1,0.9941826557879072,0.916073062315163
1455-UGQVH,3,1,0.9718768267775293,0.6375928359741696
8410-BGQXN,1,0,0.0,0.34901052631578944
8280-MQRQN,3,0,0.04216311455184503,0.14431787739968538
1619-YWUBB,1,0,0.0,0.3630315789473684
7611-YKYTC,3,0,0.08278481485664528,0.5225876101531843
2037-SGXHH,2,1,0.9635444327357452,0.6245335625679823
3178-FESZO,3,1,0.9622980883953279,0.6381823932528681
0365-GXEZS,3,0,0.2335317019851021,0.590970575530883
0082-OQIQY,3,1,0.9609713639734973,0.9223674929578201
6087-MVHJH,3,1,0.934596339954153,0.5972911675606086
4603-JANFB,3,0,0.0013506359943823022,0.17700341229248975
3018-TFTSU,3,0,0.3417640441592169,0.34310561766368675
3606-SBKRY,0,1,0.8012231317756805,0.74693135797343
4806-KEXQR,3,1,0.5890871090382575,0.43748747519425035
0667-NSRGI,2,1,0.8965504170576912,0.8343254299809713
7083-YNSKY,1,0,0.0,0.06416842105263157
6893-ODYYE,2,1,0.8290920747079606,0.8592578825147632
8242-JSVBO,3,0,0.02706065848668246,0.42362426339467296
2479-BRAMR,2,0,0.4896756837511323,0.407449220868874
9541-ZPSEA,2,0,0.16497000053527497,0.5689774738983204
2665-NPTGL,2,1,0.9937422194559865,0.945328466729763
1139-WUOAH,0,1,0.7859228297781216,0.7491480792796696
4693-VWVBO,1,0,0.0,0.3493894736842105
7434-SHXLS,1,0,0.0,0.05279999999999999
6937-GCDGQ,3,0,0.07409215114280791,0.45330001835185996
0988-JRWWP,3,0,0.22813139458513287,0.5281788736235269
5075-JSDKI,1,0,0.0,0.3617684210526316
7908-QCBCA,3,0,0.0014631735046959958,0.17591158519135208
8644-XYTSV,0,1,0.7362067475378231,0.6959142779624976
6711-FLDFB,3,0,0.009535311849951579,0.19303517737155956
3873-WOSBC,1,0,0.0,0.3646736842105263
7465-ZZRVX,3,0,0.0013506359943823022,0.47826657018722657
7975-JMZNT,2,1,0.9786612092335873,0.9231276415881717
7251-XFOIL,2,1,0.8729420743029492,0.8745241981422323
4116-IQRFR,1,0,0.0,0.3608842105263158
3714-JTVOV,3,0,0.05637152316401669,0.20987492505508037
8259-DZLIZ,3,0,0.06609898254453075,0.4624816982809702
0442-ZXKVS,2,1,0.9847501185955665,0.9859421527013845
7853-WNZSY,1,0,0.0,0.34989473684210526
3120-FAZKD,1,0,0.0,0.3607578947368421
8606-OEGQZ,1,0,0.0,0.3639157894736842
0225-ZORZP,3,1,0.8120538446187672,0.8377899589001385
4702-IOQDC,3,0,0.0004962267070946105,0.17729322752494306
9489-JMTTN,2,1,0.9712648659118619,0.9152427884700078
0575-CUQOV,2,1,0.9868983591380021,0.9422119752341482
0967-BMLBD,1,0,0.0,0.3505263157894737
6178-KFNHS,3,0,0.3498132747441566,0.3377358362134521
2830-LEWOA,2,1,0.9974444813003721,0.9614620030464647
5006-MXVRN,1,0,0.0,0.35229473684210527
1264-BYWMS,2,1,0.9702965989583348,0.6326660080043865
9658-WYUFB,3,1,0.944695198142946,0.6163622897834942
8327-WKMIE,1,0,0.0,0.3509052631578947
6917-FIJHC,1,0,0.0,0.3656842105263158
5329-KRDTM,2,1,0.9355785886891238,0.869641961791439
7797-EJMDP,3,1,0.8413553434502176,0.8034052952748238
3530-VWVGU,1,0,0.0,0.3502736842105263
2013-SGDXK,3,1,0.7988435651177377,0.5325058470997267
6368-NWMCE,3,1,0.7770492426408608,0.782988118108976
3633-CDBUW,3,1,0.9333390602645223,0.8775882556847563
0707-HOVVN,2,1,0.9442148224539557,0.8684227710868455
8580-QVLOC,2,1,0.9921654233755052,0.6304240640870442
3956-MGXOG,3,0,0.2826773583043658,0.6166919959533252
9274-UARKJ,3,1,0.6695072690840845,0.7779923813178444
4077-HWUYD,2,1,0.9935693339339667,0.9186066809420077
2012-NWRPA,3,1,0.9796773248885994,0.643365666797545
8808-ELEHO,3,1,0.5511857531262003,0.425737459145217
0103-CSITQ,2,1,0.9959020721239584,0.9747397762180046
3506-LCJDC,1,0,0.0,0.05039999999999999
8671-KKKOS,0,1,0.9216698821744717,0.783741637080315
7305-ZWMAJ,1,0,0.0,0.35229473684210527
9518-XXBXE,3,0,0.12377698569542898,0.53974237322554
3934-HXCFZ,2,1,0.9907878548644687,0.6470519840510507
6578-KRMAW,2,1,0.8925880924497303,0.8929931317167343
4860-IJUDE,3,0,0.11010846140762094,0.5303591740367326
7666-WKRON,3,0,0.1304172106287255,0.2554089895146481
9688-YGXVR,2,1,0.7273644428198749,0.8136405139700553
0423-UDIJQ,3,0,0.0959641550679607,0.4626803988692895
1945-XISKS,1,0,0.0,0.34964210526315787
4910-AQFFX,3,0,0.44819965546703217,0.3797430200815497
2154-KVJFF,3,0,0.3104756401670529,0.32566394027734746
5360-LJCNJ,2,1,0.9813488606639623,0.958181649528743
2607-FBDFF,3,0,0.032931817612106534,0.4369622007290531
9647-ERGBE,2,1,0.9591391031275184,0.6364135359878494
3428-XZMAZ,3,0,0.0013506359943823022,0.17574025439775293
1100-DDVRV,0,1,0.8542461085684111,0.7675089697431539
0378-TOVMS,3,1,0.8614509580182305,0.5613382779441343
4355-HBJHH,2,1,0.967130558323975,0.5881995917506426
6728-WYQBC,1,0,0.0,0.35292631578947364
9058-CBREO,3,0,0.011701470897826236,0.13238585151702523
9029-FEGVJ,3,0,0.24408822031408625,0.5979721302308976
7216-KAOID,1,0,0.0,0.34926315789473683
0318-QUUOB,3,1,0.6574948439493826,0.46649267442185827
6145-NNPNO,3,0,0.007710106163526718,0.4146208845706738
5520-FVEWJ,3,1,0.652170948111262,0.4743420634550311
5339-TJFEK,2,1,0.9937529009718757,0.9640274761782239
5572-ZDXHY,3,1,0.7043280402239189,0.4946996371421991
2074-GUHPQ,3,1,0.726427257365739,0.824760376630506
4625-XMOYM,1,0,0.0,0.3663157894736842
5827-MWCZK,2,1,0.960560884656294,0.9291506696519913
1385-TQOZW,1,0,0.0,0.35166315789473684
5914-XRFQB,2,1,0.9977670576228145,0.9916541914701784
4329-YPDDQ,2,1,0.9921116602957777,0.9701920325393638
4804-NCPET,1,0,0.0,0.3510315789473684
3750-CKVKH,3,0,0.011943250526739611,0.17593519494753793
5944-UGLLK,0,1,0.8699846832438375,0.7866886101396402
8063-GBATB,3,1,0.7866017697061253,0.5300091289350817
7787-BNTZM,1,0,0.0,0.3509052631578947
2252-ISRNH,3,1,0.9521759130934178,0.9091229968163144
9415-TPKRV,3,0,0.31971211857212667,0.5687269526920085
5322-TEUJK,2,1,0.9988261351052049,0.9890462435157661
4547-KQRTM,3,0,0.41325583809916483,0.3675339141870344
4877-EVATK,1,0,0.0,0.05052631578947368
1866-DIOQZ,0,1,0.9659683146915526,0.8551452206134631
8375-KVTHK,2,1,0.9966378453513286,0.9520446118247419
2697-NQBPF,2,1,0.9803384287686419,0.9582827399285094
3709-OIJEA,3,0,0.4977447286194522,0.7143399967109387
7639-SUPCW,3,0,0.05785560989191319,0.14642645448308106
1386-ZIKUV,1,0,0.0,0.3478736842105263
0599-XNYDO,3,0,0.00654974896416904,0.4789567416909307
6377-WHAOX,2,1,0.992096873309649,0.9650071703764913
6855-VLGOS,1,0,0.0,0.3519157894736842
8999-XXGNS,2,1,0.994386438754976,0.9649124702388325
8746-OQQRW,1,0,0.0,0.3637894736842105
3181-MIZBN,1,0,0.0,0.34989473684210526
0471-ARVMX,2,1,0.981842425269631,0.9576211806341681
7766-CLTIC,3,1,0.6614078394291123,0.718542083140066
5650-YLIBA,3,0,0.2591824570308694,0.6086835091281373
0825-CPPQH,1,0,0.0,0.34825263157894737
9084-OAYKL,1,0,0.0,0.3525473684210526
6122-LJADA,2,1,0.9890956602469498,0.9233856325198326
2400-XIWIO,2,1,0.9916041433912128,0.924262709988064
7524-VRLPL,2,1,0.9630498865081759,0.8724199546032705
1069-XAIEM,3,1,0.9727210691994718,0.6039515855745256
7569-NMZYQ,2,1,0.99859357696567,0.9994374307862681
5201-USSQZ,3,1,0.7657661196295368,0.8233169741676043
2105-PHWON,2,1,0.9395849576908972,0.9158339830763589
1494-EJZDW,1,0,0.0,0.3509052631578947
4884-TVUQF,2,1,0.9913586043164344,0.952459231200258
8003-EWNDZ,1,0,0.0,0.35355789473684207
1897-RCFUM,1,0,0.0,0.36113684210526314
9256-JTBNZ,1,0,0.0,0.35128421052631575
4658-HCOHW,2,1,0.993226300869595,0.6569957835057327
2211-RMNHO,2,1,0.9962022293389772,0.9139756285776961
2432-TFSMK,3,1,0.8800138788085676,0.8783634462602692
3440-JPSCL,3,1,0.9861491695990603,0.646964930997519
4929-ROART,3,0,0.27573569285174027,0.5523995402985908
1834-ABKHQ,3,0,0.05410379753666748,0.4503573084883512
1741-WTPON,2,1,0.9979874139401937,0.9918686497866038
3932-IJWDZ,2,1,0.9896285488318219,0.9577040511116761
1240-HCBOH,1,0,0.0,0.3659368421052631
3594-KADLU,0,0,0.30825541448412147,0.5119758500041749
8065-BVEPF,2,1,0.9922287601361464,0.9472493987913007
3796-ENZGF,2,1,0.6480832800401661,0.7291280488581717
1734-ZMNTZ,1,0,0.0,0.36315789473684207
2853-CWQFQ,3,1,0.5709263209647624,0.6788126336490627
0813-TAXXS,2,1,0.8944413404960194,0.8543239046194604
2519-TWKFS,3,0,0.16200268595499115,0.5040010743819965
2889-FPWRM,2,1,0.9991991088833194,0.6972796435533277
0626-QXNGV,1,0,0.0,0.36101052631578945
6723-CEGQI,0,1,0.7967058835023032,0.7329981428746055
6987-XQSJT,2,0,0.14817098639828205,0.2601104998224707
4732-RRJZC,1,0,0.0,0.3511578947368421
9499-XPZXM,2,0,0.19312865299465717,0.540830408566284
4338-EYCER,3,0,0.3107750795857484,0.5622468739395625
3007-FDPEA,1,0,0.0,0.35229473684210527
6350-XFYGW,3,1,0.9868207066655992,0.9340967037188712
4290-BSXUX,3,0,0.4508657193703149,0.3815673403797049
8513-OLYGY,2,1,0.9977670576228145,0.9916541914701784
0311-QYWSS,3,0,0.09615402503075333,0.463387925801775
8705-DWKTI,2,1,0.5658289588194121,0.7380368466856595
8755-IWJHN,2,1,0.9646004592247981,0.9267243942162351
0325-XBFAC,3,1,0.9841563615929365,0.6329046499003326
4480-QQRHC,3,0,0.11648302857129328,0.5336668956390436
0929-PECLO,2,1,0.899515521601143,0.8861641033772993
3680-CTHUH,2,1,0.9992522650294988,0.9942693270644312
1202-KKGFU,3,0,0.21586664342702502,0.5232729731602836
6112-KTHFQ,1,0,0.0,0.3487578947368421
1852-XEMDW,3,1,0.737633625819452,0.759390292433044
2462-XIIJB,3,1,0.9702796768631873,0.6217960812715907
4760-XOHVN,1,0,0.0,0.04913684210526315
1820-DJFPH,1,0,0.0,0.3607578947368421
9426-SXNHE,1,0,0.0,0.34736842105263155
9068-FHQHD,1,0,0.0,0.3509052631578947
1269-FOYWN,1,0,0.0,0.3505263157894737
9470-YFUYI,2,1,0.8660863633798204,0.8258029664045599
7817-BOQPW,3,0,0.007750677210498416,0.1939634287789362
7402-EYFXX,3,1,0.9737326122991312,0.9259562028143893
1853-UDXBW,3,0,0.0021558141973366885,0.17770443094209257
9895-VFOXH,0,0,0.006615903829526121,0.3642884667949683
5458-CQJTA,2,1,0.9391741845023777,0.5646380948535826
1230-QAJDW,3,1,0.8256905541975976,0.795118326942197
5701-ZIKJE,3,0,0.08207696295952177,0.4605360483417035
5219-YIPTK,2,1,0.9843138235773423,0.6574728978519896
5032-MIYKT,3,0,0.0004962267070946105,0.4788090169986273
7396-VJUZB,3,0,0.023299969220577504,0.4236357771619152
9717-QEBGU,3,0,0.006654328922028532,0.48026173156881136
5172-RKOCB,2,1,0.9977670576228145,0.9743489283122837
6509-TSGWN,1,0,0.0,0.36682105263157894
3540-RZJYU,3,1,0.7788343148866691,0.5293021470072993
3178-CIFOT,1,0,0.0,0.34964210526315787
2091-MJTFX,0,1,0.8148959393573443,0.4553057441639904
4530-NDRKU,1,0,0.0,0.3481263157894737
5985-TBABQ,3,1,0.8753885172772544,0.8389975121740596
9800-ONTFE,3,0,0.00393750070518165,0.4930697371241779
6743-HHQPF,0,0,0.03457204082115155,0.3772393426442501
8455-HIRAQ,3,0,0.02816147714843659,0.42355932770147986
6616-AALSR,2,1,0.9870197926739618,0.9583026539116899
0883-EIBTI,1,0,0.0,0.04926315789473684
9415-ZNBSX,2,1,0.9937047146114366,0.9223239911077326
4018-KJYUY,1,0,0.0,0.3509052631578947
0722-TROQR,3,0,0.009030761754211645,0.1928333573332636
7571-YXDAD,3,0,0.007750677210498416,0.1923213235157783
3884-UEBXB,0,0,0.08887959422658354,0.42687815348010705
8780-RSYYU,1,0,0.0,0.3485052631578947
5537-UXXVS,1,0,0.0,0.3486315789473684
1791-PQHBB,3,1,0.5003436300714825,0.6547479783443825
8701-DGLVH,1,0,0.0,0.35166315789473684
8741-LQOBK,0,0,0.11279131624902065,0.4336638949206609
3393-FMZPV,3,1,0.9639500333130342,0.6388431712199505
8082-GHXOP,3,0,0.03061177275327974,0.423402603838154
6402-ZFPPI,2,1,0.9939196086861226,0.6572731066323438
0980-FEXWF,3,0,0.07129150157050108,0.4557166006282004
7486-KSRVI,2,1,0.9786475243054771,0.6440905886695591
3011-WQKSZ,1,0,0.0,0.3505263157894737
8443-WVPSS,3,1,0.9814287958228819,0.6448241499081001
3006-XIMLN,3,1,0.9182638094079962,0.6052844711316197
8218-FFJDS,2,1,0.9937783675474121,0.9157850312294911
1986-PHGZF,3,0,0.42989328916938724,0.619494157773018
9965-YOKZB,3,1,0.8756519502592347,0.5620923590510623
0504-HHAPI,3,1,0.9323615453202794,0.5960183023386381
9360-OMDZZ,3,1,0.9489980000393166,0.9173255158052003
6305-YLBMM,2,1,0.9992522650294988,0.6625640639065363
0345-XMMUG,2,1,0.9969034822789946,0.9738771823852821
8024-XNAFQ,2,1,0.9998941798941798,0.9712839877471457
3647-GMGDH,3,1,0.9492203741714319,0.6189302549317307
2988-GBIVW,2,1,0.8707585633236568,0.877819214803147
2832-SCUCO,1,0,0.0,0.3502736842105263
7036-ZZKBD,3,1,0.7664504341937048,0.7743275420985346
3791-LGQCY,2,1,0.9814513915498517,0.646854240830467
0265-PSUAE,3,1,0.9734252154659195,0.9437700861863678
0463-TXOAK,1,0,0.0,0.3646736842105263
0594-UFTUL,1,0,0.0,0.35014736842105265
9509-MPYOD,1,0,0.0,0.3524210526315789
9128-CPXKI,2,1,0.9442606549177198,0.9197253145986668
0129-KPTWJ,2,1,0.905938025996654,0.9014909998723459
8166-ZZTFS,2,1,0.9596225535643509,0.5873437582678457
5855-EIBDE,2,1,0.9975943913699037,0.96846933549533
5365-LLFYV,3,0,0.023354448808956253,0.4251733584709509
5956-YHHRX,2,1,0.9927924030565657,0.9607380138542052
6008-NAIXK,0,1,0.9145642916456529,0.8059099271845769
2956-GGUCQ,3,0,0.23077597755862708,0.2915103910234508
1928-BXYIV,3,0,0.42074811864408845,0.6227834579839511
5760-FXFVO,3,0,0.34655361163126785,0.6380740762314545
6595-COKXZ,3,0,0.007710106163526718,0.11537877930751596
0961-ZWLVI,2,1,0.9965615196769042,0.9744982920812881
5181-OABFK,2,0,0.22872669365983736,0.5463538353586718
4007-NHVHI,2,1,0.9675916978590559,0.9317103633541486
7816-VGHTO,0,0,0.2584555085591915,0.5058243086868345
5871-DGTXZ,1,0,0.0,0.35002105263157895
7550-WIQVA,2,1,0.9938198769895474,0.9710016350063453
7544-ZVIKX,2,1,0.9895775807856095,0.9612205059984544
0016-QLJIS,2,1,0.9930502631310084,0.9257253684102982
7508-DQAKK,2,1,0.9965635380306975,0.9168990994228052
5176-OLSKT,2,0,0.30086199714672923,0.5893553251744812
9356-AXGMP,2,1,0.9952553949844599,0.9777653158885209
3556-BVQGL,1,0,0.0,0.3505263157894737
0362-ZBZWJ,3,1,0.8944582662543855,0.57226751702807
8979-CAMGB,2,1,0.9964645665141572,0.9565226687109261
4211-MMAZN,1,0,0.0,0.051157894736842104
7581-EBBOU,2,1,0.8743764987236472,0.826971652121038
4274-OWWYO,3,0,0.056631536576920126,0.21048419357813647
5073-RZGBK,2,1,0.9782466625799082,0.8935302439793318
1541-ETJZO,3,0,0.4454864687130838,0.33495248222207563
2192-CKRLV,0,1,0.9180090997506197,0.7914983767423531
3154-HMWUU,1,0,0.0,0.35178947368421054
6119-SPUDB,0,0,0.17395434309312308,0.46621331618461764
6522-OIQSX,0,1,0.8950502982388767,0.7968411719271297
7813-ZGGAW,2,1,0.9589075672091305,0.9276051321468102
8748-HFWBO,1,0,0.0,0.3502736842105263
1052-QJIBV,1,0,0.0,0.3502736842105263
1319-YLZJG,3,1,0.652990180291006,0.774922387905876
4106-HADHQ,2,1,0.969063825105183,0.589730793199968
0723-FDLAY,2,1,0.9743436495033645,0.9051058808539774
3050-RLLXC,2,1,0.9770987749929887,0.8961026678919324
9298-WGMRW,2,1,0.997054107326417,0.9906111166147773
2369-UAPKZ,3,1,0.9851507610215663,0.657049778092837
3088-LHEFH,3,0,0.3333254926616387,0.6329091444330766
2778-OCLGR,0,1,0.8807425527114112,0.4510759684529856
6583-KQJLK,3,1,0.979186548893055,0.9307904090309063
8544-JNBOX,1,0,0.0,0.3525473684210526
6681-ZSEXG,2,0,0.26942851456940076,0.5580871953014446
6139-ZZRBQ,1,0,0.0,0.3506526315789474
6116-RFVHN,2,1,0.9739418214871519,0.9433451496474925
0637-KVDLV,3,0,0.008605086497786107,0.19670519249385127
8884-FEEWR,1,0,0.0,0.3520421052631579
3125-RAHBV,1,0,0.0,0.35128421052631575
6633-MPWBS,3,0,0.10586654923237765,0.16664135653505632
0373-AIVNJ,0,0,0.282408594962014,0.5128792274584898
8785-EPNCG,1,0,0.0,0.058484210526315784
1682-VCOIO,1,0,0.0,0.35166315789473684
5729-KLZAR,3,1,0.7440422569037165,0.5018695343404339
2072-ZVJJX,1,0,0.0,0.3637894736842105
8849-AYPTR,3,1,0.9390266252471782,0.9061369658883449
9518-IMLHK,3,1,0.92940517987284,0.8547936508965044
1582-RAFML,3,0,0.4390150622739353,0.32743760385694254
3646-ITDGM,1,0,0.0,0.34976842105263156
8740-CRYFY,3,1,0.8274461434028895,0.5304310889401032
3569-VLDHH,2,1,0.9648991156220622,0.8756859620382986
8224-KDLKN,1,0,0.0,0.36315789473684207
7594-LZNWR,3,0,0.00709820072193228,0.4775340171308782
4001-TSBTV,2,1,0.8137320114915577,0.8567770151229388
2962-XPMCQ,3,0,0.018679367567071815,0.12153490492156555
8727-XDPUD,0,1,0.6692782321136791,0.6581533981086295
1043-UXOVO,2,1,0.9994647320414191,0.985638524395515
1064-FBXNK,1,0,0.0,0.35014736842105265
3996-ZNWYK,1,0,0.0,0.35002105263157895
2878-DHMIN,1,0,0.0,0.3502736842105263
7762-ONLJY,1,0,0.0,0.34976842105263156
1678-FYZOW,3,1,0.6010803239981827,0.4410216032834836
5795-BKOYE,2,0,0.2359606435425843,0.5436895205749284
8627-EHGIP,0,1,0.8921408117623735,0.4931510615470547
7402-PWYJJ,2,1,0.9073980912193197,0.8932329206982541
5480-TBGPH,2,1,0.9892830883165132,0.6465763932213421
0018-NYROU,3,0,0.010556788223310716,0.47841218897353477
7501-VTYLJ,3,0,0.07483605856919456,0.46016600237504623
7608-RGIRO,1,0,0.0,0.3616421052631579
0480-BIXDE,3,1,0.9579847644860444,0.9277412742154705
5895-QSXOD,3,0,0.01235463258062856,0.48191027408488296
9814-AOUDH,1,0,0.0,0.34926315789473683
6175-IRFIT,3,1,0.6149389939034385,0.7449229659824281
8760-ZRHKE,2,1,0.8446323326049975,0.8126739856735781
1622-HSHSF,1,0,0.0,0.3493894736842105
8854-CCVSQ,3,0,0.2845721323299017,0.31757622135301333
6749-UTDVX,2,1,0.9939884567181401,0.9594480142662034
5542-DHSXL,3,0,0.2670660712518761,0.545015902184961
9102-OXKFY,3,0,0.03138547663123194,0.4493541906524927
0511-JTEOY,3,0,0.0004962267070946105,0.17981954331441677
5216-WASFJ,3,1,0.8308225604571042,0.8466869189196837
7808-DVWEP,1,0,0.0,0.3505263157894737
7067-KSAZT,2,1,0.9961178397211597,0.6668681885200429
2284-VFLKH,2,1,0.9945368271711645,0.948551572973729
0366-NQSHS,1,0,0.0,0.3488842105263158
6532-YLWSI,1,0,0.0,0.052547368421052634
3807-BPOMJ,2,1,0.9663515876472638,0.9259090561115371
3892-NXAZG,2,1,0.9993023255813953,0.9878472460220318
4948-WBBKL,3,0,0.018700619752073013,0.49670130053240813
4182-BGSIQ,1,0,0.0,0.35002105263157895
9300-AGZNL,3,1,0.9909747959111415,0.6338636025749829
0988-AADSA,2,1,0.9925804115800311,0.9012847962109598
9972-NKTFD,3,0,0.11699615217363642,0.4848616187641914
3717-LNXKW,2,1,0.9323347712655675,0.9045970664009639
5734-EJKXG,2,1,0.9994848231690336,0.9994149818991924
2207-RYYRL,1,0,0.0,0.3620210526315789
6729-FZWSY,1,0,0.0,0.34913684210526313
9695-IDRZR,2,1,0.9899074862144142,0.9893945734331342
8144-DGHXP,2,1,0.9640777592730707,0.8892521563408073
7814-LEEVE,1,0,0.0,0.35128421052631575
1112-CUNAO,3,1,0.9692467667933297,0.6146881804015424
5175-AOBHI,3,0,0.029286263473222912,0.12792503170507863
5174-RNGBH,3,1,0.8668553434502176,0.5141105584327186
8631-WUXGY,2,1,0.9833168653009641,0.9454530619098593
7270-BDIOA,3,1,0.9406406701412406,0.6036246891091278
9565-JSNFM,3,0,0.041372085702968055,0.19452778164960827
5906-DVAPM,2,1,0.9688773029672478,0.8770246053974255
6654-QGBZZ,1,0,0.0,0.3502736842105263
8348-JLBUG,2,0,0.24979957912033143,0.6027829895428694
0607-DAAHE,1,0,0.0,0.04989473684210526
5641-DMBFJ,2,1,0.9928299699174956,0.9101004090196299
9200-NLNPD,0,1,0.8916128300717364,0.7931925004497471
2664-XJZNO,2,1,0.9993023255813953,0.9647314565483476
9732-KPKBW,3,0,0.19495696969953866,0.21427752472192074
3339-EAQNV,2,1,0.9942573867490645,0.9433871652259416
0921-OHLVP,3,1,0.8543680271855711,0.851557737190018
3389-YGYAI,3,1,0.992042773451217,0.6633434251699606
9560-ARGQJ,3,1,0.5881065911802882,0.4398742154194837
8350-NYMVI,0,0,0.3254427867300609,0.5340086936393929
1600-DILPE,3,0,0.02475011634943534,0.42358425706608993
0536-ESJEP,2,1,0.9360674150949477,0.8627638081432423
4654-GGUII,0,0,0.2978073516193779,0.5206808353845933
6478-HRRCZ,3,1,0.9142449746153121,0.8438032530040196
8510-BBWMU,1,0,0.0,0.34989473684210526
6857-TKDJV,1,0,0.0,0.3622736842105263
2360-RDGRO,2,1,0.9944683290899742,0.9611557526886212
0584-BJQGZ,3,1,0.9289487770922801,0.8695163529421752
5134-IKDAY,3,0,0.000489147530670022,0.17653250111753116
1360-XFJMR,2,1,0.9980757322599427,0.9763671350092402
3070-DVEYC,3,0,0.008910911920478265,0.18988015424187552
5730-RIITO,0,0,0.15696330047954088,0.44729058334971106
9058-MJLZC,3,1,0.9559523515493228,0.9213704143039396
5707-ORNDZ,3,0,0.22995278647634085,0.2297916409063258
0902-XKXPN,1,0,0.0,0.3510315789473684
5177-RVZNU,1,0,0.0,0.35128421052631575
0056-EPFBG,0,0,0.19351097200744125,0.47694123090823964
8993-IZEUX,3,0,0.017111296883105698,0.4815392555953475
8696-JKZNU,3,0,0.028105381656834915,0.20387373161010236
5380-AFSSK,3,1,0.9705664438589596,0.6254476301751628
8190-ZTQFB,0,1,0.9013634871748175,0.7902717106594007
0931-MHTEM,2,1,0.9914028773351259,0.9493190456708924
2055-PDADH,3,0,0.007212579936029826,0.1807376635533593
7515-LODFU,1,0,0.0,0.35128421052631575
0440-UEDAI,2,1,0.946207046122266,0.9170933447646958
1337-BOZWO,0,1,0.7621408665056806,0.7220773992338512
0868-VJRDR,2,1,0.9973275817714757,0.9617941906033272
8714-EUHJO,3,1,0.9572632730181548,0.6131789934177883
6344-SFJVH,0,0,0.018846330455598474,0.3704437953401341
3950-VPYJB,2,0,0.2069020873449438,0.5333292559906091
8041-TMEID,2,1,0.9985998909623909,0.9735452195428511
7321-ZNSLA,0,0,0.31461748178393445,0.5282890979767316
6941-KXRRV,3,1,0.5483141347285645,0.6682519696808995
3721-CNEYS,3,0,0.00579991963474084,0.18156207311705425
8727-JQFHV,1,0,0.0,0.3524210526315789
9475-NNDGC,2,1,0.9971991088833194,0.9847322751322751
1355-KUSBG,3,0,0.02439123506342722,0.43304070455168664
3688-FTHLT,3,0,0.44258130060596185,0.6363167307687005
0899-LIIBW,2,1,0.9790239709906048,0.9463885357646631
2568-OIADY,2,1,0.9694069282254054,0.6391311923427938
1384-RCUXW,3,0,0.3002831749161844,0.623608006808579
5825-XJOCM,2,1,0.5603822476511633,0.6868476359025706
6848-YLDFR,2,1,0.9344559099827301,0.863761311361513
8125-QPFJD,2,1,0.9937783675474121,0.9119955575452807
2320-YKQBO,1,0,0.0,0.3487578947368421
1193-RTSLK,2,0,0.3567851773211739,0.3546719656653117
2302-ANTDP,2,1,0.9943543213388334,0.6944575180092176
5923-GXUOC,3,1,0.9850124881705463,0.6577523636892711
4973-RLZVI,2,1,0.9854861170081587,0.8827839204874741
7869-ZYDST,3,1,0.5118488384996822,0.6539184827682939
4501-UYKBC,2,1,0.8637069466149256,0.8200511996986017
1215-EXRMO,1,0,0.0,0.3519157894736842
2305-MRGLV,3,0,0.09485430884140199,0.5313311972207713
8404-VIOMB,0,1,0.9514047034856593,0.8384566182363691
5233-GEEAX,0,0,0.04898607407442457,0.09386811384029614
2359-KLTEK,2,1,0.9486821752075845,0.9192202385040864
5304-EFJLP,2,1,0.9988941798941798,0.9816208298524087
2673-ZALNP,1,0,0.0,0.3502736842105263
9184-GALIL,1,0,0.0,0.35166315789473684
4393-RYCRE,2,1,0.9918712374449306,0.9646642844516564
9746-MDMBK,2,1,0.9938198769895474,0.9841384771116084
3162-ZJZFU,2,1,0.8839248339778776,0.8873804599069406
8404-GFGCZ,3,1,0.7650642878150046,0.7717520309154755
8875-AKBYH,3,1,0.898881485816773,0.8726473311688145
4432-ADRLB,3,0,0.027094624376612444,0.12363784975064497
0533-UCAAU,2,1,0.8514799281923504,0.820213023908519
1394-SUIUH,2,0,0.3387630459098887,0.6506210078376398
3521-MNKLV,3,0,0.0592822900978598,0.44927081077598596
2533-TIBIX,0,0,0.047037619287994235,0.39510978455730295
8993-PHFWD,0,0,0.03528519361039234,0.07790355112836746
1565-RHDJD,3,1,0.5223785010274097,0.42128824251622704
7137-RYLPP,3,1,0.9177475317985386,0.5836042758773102
3765-JXVKY,3,0,0.04165718638163043,0.2053786640263364
5092-STPKP,3,0,0.17407526718870273,0.5119880016123232
7330-WZLNC,3,1,0.9694659147584307,0.6171758395875828
0114-PEGZZ,2,1,0.9844483907184908,0.9654846194452911
3359-DSRKA,1,0,0.0,0.35014736842105265
8639-NHQEI,2,1,0.8991221282755945,0.9019225355207641
7161-DFHUF,1,0,0.0,0.3602526315789474
3957-LXOLK,2,1,0.9949996110747271,0.6661682654825225
3720-DBRWL,2,1,0.968897543106936,0.8993905961901427
6635-MYYYZ,2,1,0.9740371953044589,0.6052359307533626
8565-WUXZU,2,0,0.29415270976455354,0.6318926628531898
5281-BUZGT,3,1,0.9493538038557071,0.609257311015967
4994-OBRSZ,3,1,0.9411545886902669,0.8687144670550542
0562-FGDCR,2,1,0.9338641725810745,0.8618825111376929
2436-QBZFP,0,1,0.6480313978303193,0.6582441380794961
3420-YJLQT,3,1,0.5845460949165562,0.7347868590192541
6040-CGACY,1,0,0.0,0.3495157894736842
6582-PLFUU,1,0,0.0,0.3493894736842105
8242-PDSGJ,0,0,0.15447047936628444,0.4606934549044085
0264-CNITK,1,0,0.0,0.350778947368421
0089-IIQKO,2,1,0.9569482291369418,0.9352845548126716
7839-NUIAA,2,0,0.2754729526500356,0.5612628652705405
6075-QMNRR,3,0,0.043976260853800096,0.4432747148678358
5378-IKEEG,0,1,0.7972204561202005,0.40920397192176444
5966-EMAZU,2,1,0.9985324422166528,0.9735182400445559
0440-EKDCF,2,0,0.23558492426689606,0.5461918644436006
4774-HHGGS,1,0,0.0,0.3481263157894737
2718-GAXQD,3,0,0.023507646692238485,0.12561358499268488
2055-BFOCC,2,1,0.9692837432513826,0.8999240236163426
8180-AKMJV,3,0,0.007710106163526718,0.41563141088646327
4298-OYIFC,3,1,0.9793435416701282,0.953084785089104
5566-SOEZD,3,0,0.39766254760488196,0.6628123874630054
9842-EFSYY,0,1,0.8912132564119766,0.8009905657226855
2272-WUSPA,2,1,0.997054107326417,0.9786111166147773
4584-LBNMK,1,0,0.0,0.3624
3898-GUYTS,2,1,0.9898183007284296,0.9411062676597928
0930-EHUZA,2,1,0.9838053717731612,0.8864063592355802
6413-XKKPU,3,1,0.8937933681092086,0.5833699788226309
9975-SKRNR,1,0,0.0,0.3477473684210526
3703-KBKZP,3,0,0.010189642160343676,0.49216006739045326
1449-XQEMT,1,0,0.0,0.050021052631578945
2626-URJFX,3,0,0.023644074268072385,0.1380471033914395
4973-MGTON,2,1,0.9935523139075653,0.9106419781946051
3682-YEUWS,1,0,0.0,0.3616421052631579
1223-UNPKS,1,0,0.0,0.3506526315789474
2612-RRIDN,3,1,0.6299794829758525,0.4566233721377094
4735-ASGMA,3,1,0.9660318532794517,0.6348758992065175
3446-QDSZF,3,1,0.5192972872607403,0.6479294412200856
3669-LVWZB,0,1,0.8249914160532679,0.458838671684465
6892-EZDTG,3,1,0.9522836920222726,0.6124503189141722
5117-IFGPS,3,1,0.8032345696203119,0.8342622489007563
7379-FNIUJ,3,1,0.983670019461939,0.9466048498900388
1627-AFWVJ,1,0,0.0,0.34901052631578944
9725-SCPZG,3,1,0.970065270879859,0.6175418978256277
5884-GCYMI,3,0,0.0013506359943823022,0.17586657018722662
3217-FZDMN,3,1,0.9908443979961684,0.6349482855142569
4486-EFAEB,1,0,0.0,0.35153684210526315
0060-FUALY,2,1,0.9627814206748436,0.924480989322569
7853-GVUDZ,1,0,0.0,0.05090526315789473
7480-QNVZJ,2,1,0.9825876034391812,0.6348034624283041
6954-OOYZZ,3,0,0.022188976639727246,0.4209176959190488
7088-FBAWU,3,1,0.9191501244155121,0.855996891871468
8313-AFGBW,2,1,0.932254776698915,0.8588387527848291
3943-KDREE,3,0,0.013347802521682136,0.19468648942972547
9239-ZBZZV,0,1,0.8477328201693607,0.46022997017300743
3097-IDVPU,3,0,0.019172974861150736,0.43423761099709185
4398-HSCJH,3,1,0.7956149451399712,0.47891966226651483
2197-OMWGI,0,1,0.9316275526204802,0.8065457578902975
2303-PJYHN,1,0,0.0,0.35014736842105265
9795-VOWON,0,0,0.017523286902249163,0.36852510423458384
1237-WIYYZ,1,0,0.0,0.3493894736842105
1987-AUELQ,1,0,0.0,0.36328421052631577
7852-LECYP,3,1,0.9793063206603762,0.9286909493167821
4430-UZIPO,0,0,0.3256999891775475,0.22337473251312426
4822-LPTYJ,2,1,0.9818996045258607,0.9548651049682391
8165-CBKXO,0,1,0.9345393649492951,0.8171841670323496
6527-PZFPV,1,0,0.0,0.3525473684210526
4855-SNKMY,3,0,0.007710106163526718,0.11449456878120017
9593-CVZKR,1,0,0.0,0.3617684210526316
8595-SIZNC,1,0,0.0,0.3646736842105263
8008-HAWED,0,1,0.8419396726167797,0.4649863953625014
7124-UGSUR,2,1,0.9888747813563903,0.6592972809636087
1862-SKORY,0,1,0.846737424068886,0.43797918015387016
5236-XMZJY,3,0,0.28357884641383274,0.5641262754076384
4827-DPADN,2,1,0.9922801112797309,0.9073541497750504
2694-CIUMO,3,0,0.36173501141945463,0.6456624256204133
5846-ABOBJ,1,0,0.0,0.3617684210526316
1439-LCGVL,1,0,0.0,0.3485052631578947
0909-SDHNU,0,0,0.04043808770139516,0.39145944560687385
4647-XXZAM,3,0,0.025324568396760547,0.42507719577975683
1502-XFCVR,2,1,0.997708064853128,0.6680095417307249
7740-KKCXF,0,0,0.05525864499155706,0.39801924747030704
5360-XGYAZ,0,1,0.9684870863441672,0.8532474661166143
9692-TUSXH,3,1,0.965311952058174,0.628777412402217
7912-SYRQT,3,0,0.01953531184995158,0.1975404405294543
3557-HTYWR,2,1,0.9734363412260436,0.8764482207009439
4816-JBHOV,3,0,0.016696769101952665,0.11960502343025475
8920-NAVAY,2,1,0.9998941798941798,0.9797471456418825
1699-TLDLZ,1,0,0.0,0.34976842105263156
5600-PDUJF,3,0,0.10564432701015543,0.4673103623830095
8292-TYSPY,3,0,0.28555468375541215,0.2531692419232175
0567-XRHCU,0,1,0.7601399331788774,0.7150875522189194
1867-BDVFH,3,0,0.005685832235562871,0.19010591184159356
2067-QYTCF,2,1,0.9968324686446265,0.9795329874578507
2359-QWQUL,2,1,0.9928974158590492,0.6616642295015145
9103-TCIHJ,3,0,0.20676242137523373,0.2234207580237777
7407-SUJIZ,1,0,0.0,0.3520421052631579
9150-KPBJQ,1,0,0.0,0.34964210526315787
0052-DCKON,2,1,0.9986991088833195,0.9920270119743804
3654-ARMGP,2,1,0.9969311174851545,0.9227303417309038
9699-UBQFS,2,1,0.9448266406665364,0.9166674983718777
9367-TCUYN,1,0,0.0,0.350778947368421
1261-FWTTE,0,1,0.6051791817098668,0.6296085147892099
3528-HFRIQ,0,1,0.9498938270222752,0.8120838465983837
0708-SJDIS,3,1,0.741802724594764,0.7609316161536951
4140-WJAWW,1,0,0.0,0.050147368421052635
2073-QBVBI,0,0,0.10065360726417033,0.42981933764251024
6928-ONTRW,1,0,0.0,0.34976842105263156
3320-VEOYC,3,1,0.9757583213570227,0.9318191180164932
5231-FIQPA,1,0,0.0,0.35014736842105265
6617-WLBQC,3,0,0.3375931646370613,0.6418162132232456
2599-CIPQE,2,1,0.9993023255813953,0.9758472460220318
6653-CBBOM,3,0,0.0004962267070946105,0.17779849068283782
8774-GSBUN,1,0,0.0,0.3641684210526316
7326-RIGQZ,3,0,0.0034975096036980293,0.47773584594674234
1401-FTHFQ,1,0,0.0,0.3505263157894737
3247-ZVOUO,3,1,0.9317059491917911,0.5888086954661902
0254-FNMCI,2,1,0.9992321739018842,0.9773349748239117
1848-LBZHY,3,0,0.09433569469302666,0.464807962087737
6101-IMRMM,3,1,0.9785492589055513,0.6301565456674837
8118-TJAFG,3,1,0.9842417307455891,0.9501177449298146
5429-LWCMV,3,1,0.9453878946750186,0.9033762105015863
7298-IZWLY,1,0,0.0,0.34901052631578944
9758-MFWGD,0,0,0.06739185999185998,0.40249358610200714
3955-JBZZM,3,0,0.32910728864559013,0.6307165996687624
1268-ASBGA,3,1,0.9102944294328101,0.579738824404703
8943-URTMR,3,1,0.6234604362436615,0.4506052271290436
4815-TUMEQ,1,0,0.0,0.3487578947368421
4713-LZDRV,3,1,0.640381959506874,0.45724752064485485
9909-IDLEK,3,1,0.9706425370968206,0.932804383259781
4092-OFQZS,1,0,0.0,0.3521684210526316
1561-BWHIN,1,0,0.0,0.35002105263157895
4325-NFSKC,3,1,0.970357822720167,0.6170273396143826
9927-DSWDF,2,1,0.9931157595641522,0.9614989354046082
9500-LTVBP,3,0,0.28569416166962236,0.6165092436152173
7252-NTGSS,3,0,0.007710106163526718,0.4171472003601475
8149-AIQCG,3,0,0.017729000663877732,0.4918916002655511
1360-JYXKQ,2,1,0.9705001234685325,0.9385579441242551
2955-PSXOE,1,0,0.0,0.05103157894736842
7762-URZQH,2,1,0.9858083753825803,0.6622391396267162
0899-WZRSD,2,1,0.9915043050986314,0.9627490904605052
3255-GRXMG,3,0,0.024308333103498635,0.4250496490308731
4828-FAZPK,3,0,0.3568053335673763,0.6447010807953716
6094-ZIVKX,2,0,0.23486349581469668,0.5315032930627208
6925-BAYGL,1,0,0.0,0.36341052631578946
3262-EIDHV,2,1,0.9933912223908421,0.9113354363247579
7354-OIJLX,3,0,0.01235463258062856,0.4965629056638303
1376-HHBDV,3,0,0.06168401172263392,0.44795781521536937
6907-NZZIJ,2,1,0.9745741313743755,0.6403138630760661
6133-OZILE,0,0,0.27183424415432855,0.4976600134512051
4135-FRWKJ,2,1,0.9143638076738124,0.8583771020168933
2911-UREFD,0,1,0.9450039472601532,0.5192226315356403
3744-ZRRDZ,3,0,0.4902165115804051,0.4041287098953199
5673-TIYIB,0,0,0.40549322149745726,0.26426044649371977
6551-ZCOTS,1,0,0.01,0.36690526315789473
7191-ADRGF,0,1,0.8896330496445244,0.7930321672262308
5018-LXQQG,3,1,0.7402476838448234,0.7635938103800346
6892-BOGQE,1,0,0.0,0.3528
1602-IJQQE,3,0,0.006793230401987777,0.1930751868976372
4628-WQCQQ,3,1,0.7792521956379811,0.5268166677288766
1746-TGTWV,3,0,0.06377005133934575,0.5158659152725804
5995-SNNEW,2,1,0.9945329283702908,0.9616868555586426
8050-WYBND,0,1,0.8162136706091672,0.7514117840331405
2821-WARNZ,1,0,0.0,0.34913684210526313
4879-GZLFH,2,1,0.8619095415464461,0.8775638166185784
1644-IRKSF,2,1,0.9480965904436038,0.6162070572300731
8314-HTWVE,1,0,0.0,0.35014736842105265
9402-ROUMJ,2,1,0.9833383639171359,0.9465985034615914
2507-QZPQS,3,1,0.9690584322531052,0.9293917939538736
7159-NOKYQ,2,1,0.9161409279091483,0.9017826869531329
5707-ZMDJP,2,1,0.856977737072487,0.8188753053553106
8779-YIQQA,1,0,0.0,0.35002105263157895
7136-IHZJA,2,1,0.8728610230635081,0.8293970408043505
8966-OIQHG,1,0,0.0,0.3524210526315789
7074-STDCN,0,1,0.6801592704010908,0.6746321292130679
3705-PSNGL,1,0,0.0,0.05153684210526315
8739-QOTTN,1,0,0.0,0.35141052631578945
1399-OUPJN,1,0,0.0,0.34989473684210526
0277-BKSQP,3,0,0.3492697867919164,0.577139493664135
6502-HCJTI,3,1,0.9875351829993932,0.6342561784629153
2606-RMDHZ,0,0,0.0740237454020888,0.10666212973978288
5774-XZTQC,1,0,0.0,0.35166315789473684
2676-SSLTO,3,1,0.597081216913297,0.705948276239003
6266-QHOJZ,2,1,0.5057905482031935,0.729305692965488
7269-JISCY,3,0,0.04691257957971596,0.43257555814767584
0363-SVHYR,2,1,0.9935693339339667,0.9168382598893763
8547-NSBBO,2,1,0.7572782824659536,0.8473323656179603
8258-GSTJK,3,0,0.014914276496301386,0.2004920263879942
6861-OKBCE,1,0,0.0,0.050778947368421055
9940-RHLFB,3,0,0.04165718638163043,0.2068944535000206
6591-QGOYB,2,1,0.9890014046909641,0.9650321408237541
9070-BCKQP,2,1,0.997054107326417,0.9770953271410932
6421-SZVEM,3,1,0.6990360568601679,0.7889196859019618
1328-EUZHC,1,0,0.0,0.350778947368421
2995-UPRYS,2,1,0.9805069686978934,0.6428133137949469
8878-RYUKI,3,0,0.3525787506546977,0.5912209739460896
9633-DENPU,3,0,0.37108319467552664,0.5964753831333685
7811-JIVPF,3,0,0.05829039250060885,0.4488740517370856
7113-HIPFI,2,0,0.35651462456916455,0.608963744564508
8541-QVFKM,3,0,0.011030638952755316,0.49009646610741786
6686-YPGHK,2,1,0.7033811922889468,0.4973524769155787
1383-EZRWL,1,0,0.0,0.05065263157894737
9258-CNWAC,2,1,0.9988261351052049,0.9866462435157661
5371-VYLSX,2,0,0.33935561249128815,0.6464369818386205
6374-AFWOX,2,0,0.42216347576037405,0.634718021883097
4759-TRPLW,3,0,0.0013506359943823022,0.1783928859767003
5317-FLPJF,0,1,0.921243967656705,0.8234870607468925
7621-VPNET,2,0,0.4132557400567087,0.6823128223384729
6034-YMTOB,3,0,0.1512026967098346,0.551596868157618
8563-IIOXK,3,0,0.05027008107796113,0.14579224295750023
4903-CNOZC,3,1,0.918136470338974,0.8463703776092739
4353-HYOJD,3,0,0.07563864437081376,0.45619229985358867
8020-BWHYL,3,0,0.0805911388656695,0.22246803449363622
7267-FRMJW,1,0,0.0,0.350778947368421
2982-VPSGI,3,1,0.9580369164272158,0.6206884507814127
4188-FRABG,2,1,0.993366917803606,0.9576836092267056
8199-ZLLSA,2,1,0.9992522650294988,0.69869037969601
4128-ETESU,2,1,0.9859525411654465,0.946254700676705
0620-DLSLK,3,1,0.5718404917569808,0.7356414598606871
4625-EWPTF,0,0,0.0740237454020888,0.1065358139503092
5980-NOPLP,2,1,0.9593828051717297,0.6265320694371129
3850-OKINF,2,1,0.7209627615553821,0.7556272098853107
6892-XPFPU,2,1,0.9943056556430182,0.6610906833098389
8010-EZLOU,3,0,0.35513844911896625,0.344665905963376
1156-ZFYDO,1,0,0.0,0.34989473684210526
3295-YVUSR,3,0,0.008392341088587702,0.4867674627512245
8016-NCFVO,2,1,0.9972577709860367,0.9932188978680989
4119-ZYPZY,2,1,0.9937530268129997,0.9673117370409894
5549-ZGHFB,1,0,0.0,0.3630315789473684
7577-SWIFR,3,1,0.9783270128923306,0.9168044893674585
0303-WMMRN,1,0,0.0,0.3486315789473684
6408-OTUBZ,2,1,0.9974315523657629,0.9630989367357787
5204-HMGYF,2,1,0.9809504607336754,0.9126749211355756
1078-TDCRN,0,0,0.04213257180399624,0.3945372392479143
3727-OVPRY,1,0,0.0,0.36492631578947365
3797-FKOGQ,3,1,0.8697053615143546,0.8656505656583735
7622-NXQZR,0,0,0.06261453185670723,0.40108791800584076
6196-HBOBZ,2,1,0.9784302367723139,0.9423615683931361
3970-XGJDU,1,0,0.0,0.3485052631578947
7017-VFULY,1,0,0.0,0.350778947368421
5562-YJQGT,1,0,0.0,0.35141052631578945
8807-OPMBM,1,0,0.0,0.3648
5439-WIKXB,2,1,0.9780561480077082,0.9300856170978202
9874-QLCLH,2,1,0.9869765859511187,0.6580327396436054
8294-UIMBA,3,1,0.9149561297091902,0.9044666624099917
8109-YUOHE,3,0,0.20183064761338648,0.5224585748348283
5840-NVDCG,3,1,0.8863794997022859,0.8269728525124933
8092-NLTGF,1,0,0.0,0.3625263157894737
5928-QLDHB,3,0,0.01235463258062856,0.4975734319796198
9840-EFJQB,3,0,0.04165718638163043,0.5044944535000205
0696-UKTOX,3,0,0.09231484712837805,0.47372593885135117
4801-KFYKL,1,0,0.0,0.34913684210526313
3472-OAOOR,0,0,0.15140816396469461,0.4488580024279831
6135-OZQVA,3,0,0.16182932782615606,0.5002685732357255
8062-YBDOE,3,0,0.001517272308350614,0.17656480366018237
2252-JHJGE,2,1,0.9952889364074852,0.9608524166682573
4188-PCPIG,2,1,0.8814083593646633,0.8302896595353391
6000-APYLU,3,1,0.5378240579482448,0.41925593896877167
7105-BENQF,3,1,0.8399622710464424,0.7998164873659453
7721-DVEKZ,1,0,0.0,0.34964210526315787
3566-VVORZ,3,0,0.028158171135487745,0.4272211631910372
9507-HSMMZ,1,0,0.0,0.3505263157894737
2480-SQIOB,3,0,0.02482539294939106,0.42310910454817746
0947-IDHRQ,3,1,0.5505829538043997,0.4230963394164967
7813-TKCVO,1,0,0.0,0.35141052631578945
0128-MKWSG,0,1,0.8195504204544842,0.7435254313396884
3672-YITQD,3,1,0.9094403427032139,0.5762392949760224
4350-ZTLPI,2,1,0.9976520839016452,0.974302938823816
9048-JVYVF,3,1,0.9275277616041779,0.5462111046416712
0361-HJRDX,0,1,0.907964227295183,0.8257541119707048
5727-MYATE,2,1,0.9902707754543232,0.92549778386594
3823-KYNQY,1,0,0.0,0.3630315789473684
8988-ECPJR,3,0,0.251825237080439,0.30182483167428087
7570-WELNY,2,0,0.13378043902210907,0.5674911229772647
3021-VLNRJ,2,1,0.9381397726640763,0.8541190669603673
3776-EKTKM,0,1,0.839754349867888,0.427985950473471
2080-CAZNM,2,1,0.987424462435706,0.9587171533953351
1028-FFNJK,2,1,0.9264331786464876,0.9269943240901739
6907-FLBER,3,0,0.26226728715119635,0.5420858622288995
3001-UNBTL,2,1,0.9865411123596363,0.957226971259644
5982-PSMKW,2,1,0.9874264311973026,0.9251179408999737
3507-GASNP,1,0,0.0,0.3504
7096-ZNBZI,1,0,0.0,0.36682105263157894
1902-XBTFB,3,1,0.9086500083449868,0.5893126349169421
1676-MQAOA,2,1,0.9783925385135441,0.8810833311948914
0786-IVLAW,2,1,0.9986086609771982,0.9725382012329846
7566-DSRLQ,2,1,0.997054107326417,0.9770953271410932
0643-OKLRP,3,0,0.19584021042579627,0.281325557854529
7245-JMTTQ,2,1,0.9958025900883718,0.9800052465616644
6050-IJRHS,2,1,0.9840702547275311,0.9626807334699599
6202-JVYEU,1,0,0.0,0.3502736842105263
8591-TKMZH,2,1,0.9969818922895108,0.9794664411263307
0734-OXWBT,3,1,0.8812725810106399,0.8311195587200455
4282-ACRXS,0,0,0.024997588668641303,0.37277798283587754
0365-TRTPY,2,1,0.7115079530032864,0.8150031812013145
7349-ALMUX,3,0,0.3628992988223644,0.6108860353184193
9381-NDKME,0,1,0.8937505900357103,0.46019497285638944
6502-KUGLL,3,0,0.39430588354186985,0.6079118271009585
1841-YSJGV,2,1,0.9977670576228145,0.9768752441017574
2794-XIMMO,0,1,0.9523197647505401,0.5336436953739003
8382-SHQEH,3,1,0.9248903741969245,0.5844403602050856
3511-BFTJW,0,0,0.08924508385436662,0.4329611914364835
7668-XCFYV,3,1,0.9735142406290067,0.9232162225673921
2983-ZANRP,3,0,0.1260175083647253,0.23621752966167958
7845-URHJN,1,0,0.0,0.05090526315789473
3034-ZBEQN,0,0,0.08159270982827288,0.120300241826046
5018-HEKFO,1,0,0.0,0.36189473684210527
2923-ARZLG,1,0,0.0,0.34976842105263156
3976-NLDEZ,1,0,0.0,0.3520421052631579
2282-YGNOR,3,0,0.19674519951233954,0.5252243955944095
5336-UFNZP,2,1,0.9847074330430111,0.9653356047961519
6854-EXGSF,3,1,0.8304111726784604,0.7976381532819106
1241-EZFMJ,1,0,0.0,0.3642947368421052
9233-PSYHO,2,1,0.9839173475698043,0.9465774653437111
5376-PCKNB,2,1,0.9945629402029752,0.9616988602917165
8044-BGWPI,1,0,0.0,0.35343157894736843
4060-LDNLU,3,1,0.9762437960376283,0.9335290973624197
3589-PPVKW,3,0,0.024675473301497282,0.4220386103732305
8327-LZKAS,2,1,0.9798273236140571,0.6636361926035176
5887-IKKYO,2,1,0.9438423446914602,0.9158948326134262
1075-BGWOH,3,1,0.9843477814427275,0.6432127967876173
1755-RMCXH,1,0,0.0,0.35128421052631575
0302-JOIVN,3,1,0.9804432525525497,0.6477141431262831
3858-XHYJO,2,1,0.9904906232251297,0.963354144026894
4299-SIMNS,3,0,0.49127028184133437,0.7015186390523231
7025-IWFHT,2,1,0.8408249923510298,0.8625615758877803
6261-LHRTG,3,0,0.1339726652438995,0.49190485557124397
7841-FCRQD,3,0,0.12607064063017584,0.4862177299362809
2056-EVGZL,2,1,0.9980365843307019,0.9663725284691229
8777-MBMTS,2,1,0.9784929451107642,0.9588077043600951
7753-USQYQ,2,1,0.6470999433608681,0.7210294510285578
5366-IJEQJ,3,1,0.9385090259628208,0.5994878209114441
7661-CPURM,3,1,0.8544705264785065,0.8633461053282447
6233-HXJMX,2,1,0.9128214809576821,0.8907285923830728
5902-WBLSE,1,0,0.0,0.3509052631578947
1981-INRFU,3,1,0.6521994485480213,0.46235346362973484
4971-PUYQO,3,1,0.9529150172140269,0.6200291647803476
3239-TPHPZ,1,0,0.0,0.3506526315789474
5115-GZDEL,0,1,0.9585452448102528,0.8531865189767327
3338-CVVEH,3,1,0.962453228885703,0.9238444494490181
8485-GJCDN,3,0,0.009030761754211645,0.17805440996484254
2615-YVMYX,2,1,0.9977123617123617,0.9706638920533657
2851-STERV,3,1,0.9260666818372411,0.8548477253664755
4393-GEADV,2,1,0.9993023255813953,0.9896156670746634
8486-AYEQH,3,0,0.02028624669948119,0.5002408144692662
1527-SXDPN,2,1,0.8967832538128029,0.6018711962619632
6029-WTIPC,2,1,0.9864412381381374,0.6499870215710445
8634-CILSZ,2,1,0.9984606485515417,0.6638895225785115
5419-JKZNQ,3,0,0.025465869208498935,0.5069863476833996
2495-KZNFB,3,1,0.9325229538254224,0.9020197078459584
1409-PHXTF,2,1,0.9893290327582126,0.9747631920506534
4560-WQAQW,2,1,0.7418921203437333,0.7703147428743353
9591-YVTEB,0,1,0.9277216214385641,0.7843939117333204
9309-BZGNT,0,0,0.05652469986154197,0.39789409047093255
4274-DRSQT,2,1,0.7369055246244653,0.8193516835339967
2027-DNKIV,3,0,0.3023965374364056,0.5693796676061411
8075-GXIUB,1,0,0.0,0.35014736842105265
2885-HIJDH,2,1,0.9949597058043642,0.9175207244270089
5424-RLQLC,3,1,0.6610872308917597,0.7151296291988092
6682-QJDGB,3,0,0.16016447519294583,0.20364473744559938
6507-DTJZV,3,1,0.7319608996808523,0.7605317282933935
8780-IXSTS,3,1,0.9746313184672559,0.6174735800184814
7673-BQGKU,1,0,0.0,0.3509052631578947
6723-WSNTY,2,1,0.9977473544973544,0.972193678641047
9530-EHPOH,3,0,0.13811493481250944,0.1910354476092143
2725-IWWBA,3,0,0.14423793328068674,0.5014425417333273
0345-HKJVM,3,1,0.9734430468623175,0.6149772187449271
1061-PNTHC,2,1,0.9957824691948867,0.9751971982042704
0394-YONDK,1,0,0.0,0.36353684210526316
6574-MCOEH,2,1,0.9840643408648162,0.8935836310827687
7399-QHBJS,2,0,0.27816198096259986,0.5798963713324083
3049-SOLAY,3,1,0.9646683289878207,0.626372594753023
0997-YTLNY,3,0,0.05939664677428582,0.4470428692360301
3317-HRTNN,0,1,0.8528357138580017,0.45658691712214805
9479-HYNYL,2,1,0.9925192808745322,0.9008813965603393
3235-ETOOB,3,0,0.1524493409314864,0.24919026268838404
9708-KFDBY,1,0,0.0,0.3519157894736842
8058-INTPH,3,1,0.7897027889247876,0.517102168201494
3642-GKTCT,2,1,0.9994848231690336,0.9905728766360344
0774-RMNUW,0,1,0.9673468733681838,0.8377598019788526
1334-PDUKM,2,0,0.19581472144742176,0.5967258885789687
0756-MPZRL,0,0,0.06324876526564865,0.41043634821152264
2242-MFOTG,3,0,0.15353586271988118,0.5637722398247946
2927-CVULT,2,1,0.9969268387425604,0.961633893391761
2144-BFDSO,2,1,0.9945652203536116,0.9725629302467078
8745-PVESG,0,0,0.2915819644282997,0.5204643647186883
7647-GYYKX,1,0,0.0,0.35141052631578945
5647-FXOTP,2,1,0.9904198582123225,0.9637047853901921
5569-OUICF,2,1,0.9929568027893199,0.6530985105894122
8821-XNHVZ,3,1,0.8014711082824796,0.5228200222603603
2082-OJVTK,3,1,0.9171230876501317,0.5921966034811054
9700-ISPUP,3,1,0.8474274815663341,0.8044446768370599
9839-ETQOE,0,0,0.30345357046161675,0.5235709018688572
6078-VESFR,3,0,0.005604287672677621,0.48022066243749206
9027-TMATR,2,1,0.981765927496425,0.8917800552090964
5940-NFXKV,3,1,0.9042424819344046,0.5730233085632356
1941-HOSAM,3,1,0.9788059652883793,0.9191434387469306
9110-HSGTV,2,1,0.9950525832398215,0.906315770138034
0704-VCUMB,1,0,0.0,0.3511578947368421
6171-ZTVYB,3,0,0.4784964710593542,0.6587670094763732
8053-WWDRO,1,0,0.0,0.04926315789473684
9564-KCLHR,3,0,0.03276515094543987,0.14257974458870226
1935-IMVBB,2,1,0.921307912158378,0.8951336911791408
2535-PBCGC,0,1,0.9310457314687588,0.8354919767980298
2082-CEFLT,3,0,0.005992642414274747,0.11759705696570989
1470-PSXNM,2,1,0.9545504674351517,0.9184096606582712
1213-NGCUN,3,0,0.09615402503075333,0.16389318895966973
2498-XLDZR,2,1,0.9703848409566949,0.874090778487941
9866-OCCKE,2,1,0.9988941798941798,0.9768208298524088
5338-YHWYT,3,0,0.23978543869654598,0.5511562807417762
7718-UPSKJ,2,1,0.9977423989266094,0.9678969595706437
8731-WBBMB,2,1,0.9754488727128647,0.8970848122430406
1448-CYWKC,2,1,0.9942936183227447,0.9634858683817296
7901-IIDQV,3,0,0.08967070709850528,0.47380512494466526
2690-DVRVK,1,0,0.0,0.3519157894736842
5688-KZTSN,1,0,0.0,0.05052631578947368
1270-XKUCC,1,0,0.0,0.34976842105263156
0334-ZFJSR,2,1,0.6813388822301732,0.7393987107868061
2894-QOJRX,0,1,0.6636825794521851,0.3513677686229793
5747-PMBSQ,3,1,0.9587490410676903,0.6171838269533919
5583-EJXRD,0,1,0.942513939543904,0.8135529442386142
4565-EVZMJ,3,0,0.2367023083046943,0.5434809233218777
3143-JQEGI,3,1,0.9219994969937838,0.5919997987975135
6386-SZZKH,2,1,0.9976520587538702,0.6717766129752323
3327-YBAKM,2,1,0.8831348527114838,0.8980539410845936
9441-QHEVC,1,0,0.0,0.34825263157894737
6705-LNMDD,3,0,0.06814337242338926,0.45357313844303987
2580-ASVVY,0,1,0.8160527163061304,0.7411158233645574
3370-GQEAL,3,1,0.8923537185442423,0.8728151716282233
5032-USPKF,2,1,0.9550494406410691,0.8944829341511644
2982-IHMFT,3,0,0.0012949579643033765,0.18860219371203715
3521-SYVOR,3,1,0.7446542349691282,0.4614406413560723
4254-QPEDE,0,1,0.9023129458227157,0.828293599381718
6283-GITPX,2,1,0.9872950110410166,0.8891916886269331
9526-JAWYF,3,1,0.9371021567074759,0.6017040205777272
0771-CHWSK,2,1,0.8633106588724364,0.8337874214437115
9788-HNGUT,2,1,0.9977670576228145,0.9945594546280732
9495-REDIY,0,1,0.7567877440336538,0.7054098344555668
5375-XLDOF,2,1,0.9988080366496064,0.9884074251861583
1172-VIYBP,2,1,0.8526983279588789,0.8171635417098675
5649-VUKMC,3,1,0.9695915751458769,0.6290997879530876
6559-PDZLR,2,1,0.9846347217421731,0.9430749413284483
8992-OBVDG,3,1,0.5888767829622776,0.6912980816059637
4273-MBHYA,3,1,0.9015731903077263,0.8863555919125643
4724-WXVWF,2,1,0.9631816999081608,0.9262832062790538
5701-GUXDC,0,0,0.19755819210623726,0.4684548557898633
1460-UZPRJ,1,0,0.0,0.3504
6082-GLJIX,1,0,0.0,0.3486315789473684
5143-EGQFK,0,0,0.09736669135825123,0.11385193970119523
4919-IKATY,3,1,0.7138166809665936,0.49900035659716374
2495-TTHBQ,1,0,0.0,0.35153684210526315
0485-ZBSLN,1,0,0.0,0.3625263157894737
3810-PJUHR,1,0,0.0,0.3640421052631579
9050-QLROH,3,1,0.9397826065205531,0.6050498847134844
0847-HGRML,1,0,0.0,0.3505263157894737
8232-CTLKO,2,0,0.20671746508330957,0.5336343544543765
9227-YBAXE,2,1,0.9942529048809365,0.9061222145839536
6168-WFVVF,3,0,0.007212579936029826,0.1804850319744119
9860-LISIZ,1,0,0.0,0.35141052631578945
0112-QAWRZ,3,1,0.9629989702718804,0.9145890617929628
0877-SDMBN,2,1,0.9896528773351259,0.6584716772498398
2786-GCDPI,2,1,0.993205466814376,0.9624190288310137
4043-MKDTV,2,1,0.9987670576228145,0.9654015598912311
8065-YKXKD,3,0,0.009876792798909162,0.19279282238272155
9637-EIHEQ,3,0,0.04216311455184503,0.14520208792600114
9229-RQABD,1,0,0.0,0.36
8313-KTIHG,3,1,0.6678283531852464,0.7219944991688354
5320-BRKGK,2,1,0.9359535251614999,0.8658761469067051
6284-KMNUF,2,1,0.9545551089392788,0.9294009909441325
9689-PTNPG,3,1,0.6974261378601874,0.48170729724933814
9465-RWMXL,3,0,0.2372090366163965,0.29420993043603233
6229-UOLQL,0,1,0.9300357208791279,0.8033827094042827
2362-IBOOY,3,1,0.8814865851577045,0.5666998972209766
3137-LUPIX,3,1,0.8096523521820151,0.7865556777149114
0843-WTBXE,2,1,0.7491721871826926,0.5155425590836034
6143-JQKEA,3,0,0.023677060603084582,0.42517608739912854
8676-OOQEJ,0,0,0.0740237454020888,0.4066621297397829
5515-IDEJJ,1,0,0.0,0.05027368421052631
9701-CDXHR,3,0,0.011285689488085176,0.4792090126373393
7450-NWRTR,3,1,0.9769224456595424,0.6420110835269749
8124-NZVGJ,0,1,0.7748861332091012,0.7343755059152194
2162-FRZAA,0,0,0.2717959950780292,0.5081289243470012
5376-DEQCP,3,0,0.0004962267070946105,0.17855638541967994
5118-MUEYH,2,1,0.9916368144691081,0.9621705152613276
9095-HFAFX,3,1,0.6418605263031516,0.4613757894686291
5627-TVBPP,1,0,0.0,0.350778947368421
2379-ENZGV,3,1,0.8122235908669608,0.5392473310836264
3936-QQFLL,1,0,0.0,0.34989473684210526
2589-AYCRP,1,0,0.0,0.34989473684210526
4067-HLYQI,3,0,0.02924458003281452,0.48955046359207316
5124-EOGYE,1,0,0.0,0.35166315789473684
5057-RKGLH,1,0,0.0,0.35141052631578945
0292-WEGCH,2,1,0.9587235836635005,0.9012578545180319
8910-ICHIU,2,1,0.9534874291623247,0.9230370769280878
4097-YODCF,2,1,0.9832553706219664,0.955533727196155
9715-WZCLW,2,1,0.9691769560566159,0.9332286771594884
9786-YWNHU,2,0,0.3938343136897455,0.6180810938969508
6407-GSJNL,1,0,0.0,0.3630315789473684
6005-OBZPH,3,1,0.9747885104241211,0.6151364568012274
4049-ZPALD,2,1,0.987176270221925,0.9449757712466647
7932-WPTDS,0,0,0.012672064777327933,0.06772145748987855
3733-UOCWF,2,0,0.2691603091361799,0.6237904394439456
6833-JMZYP,3,1,0.9659082650951517,0.923836990248587
2722-VOJQL,2,1,0.9984606485515417,0.6662895225785115
1310-QRITU,3,0,0.02409246825040793,0.4367106715106895
8961-QDZZJ,2,1,0.9596337804044343,0.9238535121617737
9715-SBVSU,3,1,0.6267408411510018,0.7058121259340848
8490-BXHEO,3,0,0.26425784277926967,0.6091978739538131
7173-TETGO,2,0,0.05329017381001847,0.5196318589976916
7929-SKFGK,2,1,0.9982670576228143,0.9880647177859678
2300-RQGOI,1,0,0.0,0.3506526315789474
3563-SVYLG,2,0,0.3718588054751883,0.6070172064006016
5228-EXCET,3,1,0.5289831358042272,0.4158458859006382
6435-VWCCY,2,1,0.8872338039566359,0.8890829952668649
4998-IKFSE,2,1,0.9546194105808322,0.9356161852849645
8630-QSGXK,2,1,0.9115092530733144,0.8545826485977468
2455-USLMV,3,1,0.536777513788088,0.7288162686731299
7394-FKDNK,3,1,0.9404847740544733,0.6021728569902104
9488-FVZCC,2,1,0.9925804115800311,0.8978742698951703
6331-LWDTQ,3,1,0.782316275623744,0.49520019446002395
5995-WWKKG,1,0,0.0,0.35002105263157895
1597-FZREH,3,1,0.9434392169279308,0.5703862130869618
7879-CGSFV,2,1,0.9898965129518619,0.9508638683386395
9921-EZKBY,2,1,0.9713951893241702,0.9293159704665102
7432-FFVAR,2,1,0.8446839419094896,0.8676419978164274
7246-ZGQDF,3,0,0.1393538913971586,0.4934257670851792
7000-WCEVQ,3,0,0.452164010475286,0.3364866568216933
0727-IWKVK,3,0,0.28254878545819495,0.31487214576222533
5959-BELXA,2,1,0.9887386152506865,0.6384007092581694
4456-RHSNB,3,0,0.08092607023806542,0.4576756912531209
3512-IZIKN,2,0,0.22903919546098053,0.2565840992370238
2481-SBOYW,1,0,0.0,0.36315789473684207
7109-MFBYV,3,0,0.015119154028908654,0.4208687142431424
1833-TCXKK,2,1,0.9903037868908988,0.968332041072149
1832-PEUTS,2,1,0.8326402769073055,0.8581508476050275
6141-OOXUQ,1,0,0.0,0.04964210526315789
8660-BUETV,3,0,0.03541876624177218,0.4272201380756562
0580-PIQHM,2,1,0.9734723723675942,0.9460626331575639
5696-CEIQJ,2,1,0.9988080366496064,0.9601126883440532
7503-ZGUZJ,3,1,0.9701924117325781,0.6019295962719786
1696-HXOWK,2,1,0.9485955724411881,0.9210803342396332
3026-ATZYV,2,1,0.9799040049819605,0.8816879177822579
4012-YCFAI,2,0,0.24325482942261878,0.552291405453258
2506-TNFCO,3,0,0.0030606060606060605,0.17692950558213716
9970-QBCDA,1,0,0.0,0.34976842105263156
8718-PTMEZ,0,0,0.08452716503903888,0.11225297127877343
9496-IVVRP,3,0,0.08531341446186161,0.46296747104790253
2207-OBZNX,3,0,0.12954328362670037,0.18065941871383806
2657-VPXTA,3,1,0.9515158461760074,0.9050694963651398
6551-VLJMV,1,0,0.0,0.3506526315789474
1221-GHZEP,2,1,0.581497721517608,0.69706224650178
9289-LBQVU,2,1,0.8398902490073406,0.8131771522345153
6142-VSJQO,3,0,0.009451440923742439,0.11582268163265488
3458-IDMFK,1,0,0.0,0.3524210526315789
6933-FHBZC,3,0,0.14813281975619763,0.500853127902479
0221-NAUXK,1,0,0.0,0.3504
9770-KXGQU,2,1,0.9914028773351259,0.9456558877761556
6437-UKHMV,3,1,0.5462540898271816,0.4198490043519253
6538-POCHL,3,0,0.1779731116605275,0.570768192032632
6726-NNFWD,2,1,0.6988445488400707,0.8055167669044494
3002-WQZWT,3,0,0.0205078117832229,0.49565575629223646
4277-UDIEF,3,1,0.9072640660712656,0.8675372053758748
1208-NBVFH,3,0,0.0904465670430379,0.4614838899751099
4912-PIGUY,3,1,0.9566321030448016,0.8963791570073942
1114-CENIM,3,0,0.08036153837742825,0.17109198377202392
6060-DRTNL,3,1,0.8541365522783491,0.5560125156481818
2725-TTRIQ,2,1,0.9922801112797309,0.9096278339855766
3374-TTZTK,2,1,0.9927122976946269,0.9656322874989034
8990-ZXLSU,3,0,0.01571434334477255,0.4807278426010669
2275-RBYQS,3,0,0.006597606163526717,0.4173337793075159
8473-VUVJN,3,0,0.0017498304478854975,0.18676309007389105
6289-CPNLD,2,1,0.9771573395880795,0.577557672677337
5536-SLHPM,2,0,0.09102462032061621,0.23283090075982543
4419-UJMUS,2,1,0.984930630783975,0.9449617259978005
7794-JASDG,3,0,0.03276515094543987,0.4413165866939654
7609-YBPXG,2,1,0.9846291429898827,0.913893762459111
5519-TEEUH,1,0,0.0,0.3509052631578947
7856-GANIL,2,1,0.9918291522278774,0.9460790293122037
0804-XBFBV,0,0,0.017501874670260133,0.37066390776284086
2676-OXPPQ,3,0,0.31962503662418845,0.5685658041233597
3703-TTEPD,3,1,0.8077869367472927,0.7882095115410224
2799-TSLAG,1,0,0.0,0.3639157894736842
0196-VULGZ,3,1,0.9291331903308914,0.5847480129744618
8837-VVWLQ,3,1,0.8365773870629546,0.5492414811409714
2696-NARTR,3,0,0.10585092648970867,0.22890879164851502
2208-NKVVH,1,0,0.0,0.36126315789473684
7614-QVWQL,0,1,0.9213461853904863,0.49940163205093135
1976-CFOCS,3,0,0.013815213405237094,0.12173661167788431
4631-OACRM,3,0,0.4331027143409478,0.3738305594205897
7139-JZFVG,2,0,0.21350272615051807,0.5382431957233651
4987-GQWPO,0,0,0.02152333161802957,0.37201985896300127
3755-JBMNH,3,0,0.007270954339344287,0.18429785541994823
1757-TCATG,1,0,0.0,0.3506526315789474
6345-ULYRW,2,1,0.9036095618777451,0.5847701405405717
4776-XSKYQ,0,0,0.0358562139554587,0.3907635382137624
8048-DSDFQ,1,0,0.0,0.3510315789473684
5753-QQWPW,3,0,0.2683989684940056,0.5586859031870759
6010-DDPPW,1,0,0.0008333333333333333,0.36387017543859645
1809-DMJHQ,3,0,0.02950067930449551,0.1280107980375877
6693-FRIRW,3,1,0.9815706200220329,0.9485440374824974
6586-MYGKD,2,1,0.9650629545936834,0.8804251818374733
3173-NVMPX,3,0,0.30716928942152877,0.5625729789265062
0248-PGHBZ,2,1,0.8311070107300311,0.8660006990288545
0623-GDISB,3,0,0.04216311455184503,0.439265245820738
2892-GESUL,1,0,0.0,0.3488842105263158
6923-EFPNL,3,0,0.03453637059801101,0.14455139034446757
7472-EQOAV,2,0,0.2529920043781541,0.6202283806986301
9574-RKJIF,2,1,0.8377013175086528,0.5735647375297769
2043-WVTQJ,3,0,0.36432554667460404,0.5864460081435259
8034-RYTVV,2,0,0.3348478574612434,0.6467812482476553
3863-QSTYI,2,1,0.6282503468859068,0.7146264545438363
2619-WFQWU,3,0,0.0004962267070946105,0.1774195433144168
5044-LRQAQ,3,0,0.014567777234299726,0.4806481635252988
1716-LSAMB,3,0,0.12855024419603076,0.4894832555731491
1333-PBMXB,1,0,0.0,0.3625263157894737
6546-OPBBH,1,0,0.0,0.3605052631578947
5985-BEHZK,2,1,0.994386438754976,0.9630177333967274
9127-QRZMH,3,0,0.23453677974327009,0.5450147118973081
5919-VCZYM,1,0,0.0,0.3506526315789474
9644-KVCNC,2,1,0.8367073755214354,0.8674829502085741
2137-DQMEV,0,1,0.8550521721102627,0.7551998162125262
8174-LNWMW,1,0,0.0,0.3528
9279-CJEOJ,3,1,0.9804043595832155,0.9331722701490757
7964-VEXDG,3,0,0.27888069245682034,0.6145417506669386
2404-JIBFC,2,1,0.9891102692458621,0.9106335813825555
0778-NELLA,0,1,0.6154014347623811,0.33382373179968927
8029-XYPWT,2,1,0.9998941798941798,0.9906103035366194
4614-NUVZD,3,1,0.7937296300936595,0.5223760625637797
4632-PAOYU,1,0,0.0,0.3504
3803-KMQFW,1,0,0.0,0.051915789473684214
6804-GDMOI,2,1,0.9929720147252397,0.6664940690479906
2990-OGYTD,2,1,0.988301062534227,0.9129625302768487
6646-JPPHA,3,0,0.31098423008927834,0.6235936920357112
9572-MTILT,2,1,0.9943181783848886,0.6674114818802712
7658-UYUQS,3,1,0.8408366771290611,0.8549873024305719
7880-XSOJX,0,0,0.42244253377950697,0.576092802985487
9611-CTWIH,3,1,0.9626868618140549,0.611053692094043
4589-IUAJB,1,0,0.0,0.36126315789473684
0329-GTIAJ,3,1,0.9733308328184609,0.636658648916858
8746-BFOAJ,1,0,0.0,0.35178947368421054
8457-XIGKN,1,0,0.0,0.3495157894736842
6072-NUQCB,1,0,0.0,0.3511578947368421
6629-CZTTH,3,1,0.7308113146312565,0.4330403153261868
8838-GPHZP,1,0,0.0,0.3520421052631579
8750-QWZAJ,1,0,0.0,0.35002105263157895
5364-EVNIB,3,0,0.2895658731156926,0.317426349246277
6918-UMQCG,3,1,0.5910528780878841,0.7390316775509431
0675-NCDYU,2,1,0.99859357696567,0.9935005886810049
6339-DKLMK,0,0,0.06796214672402055,0.40714275342645034
1346-PJWTK,2,1,0.8529618811549304,0.8790373840409196
5088-QZLRL,1,0,0.0,0.3521684210526316
8023-QHAIO,2,0,0.05415950856107122,0.5158111718454811
4397-FRLTA,1,0,0.0,0.3509052631578947
3057-VJJQE,3,0,0.1113469510378645,0.4841177277835669
5087-SUURX,0,1,0.7253172478351776,0.3887795307130184
2302-OUZXB,2,1,0.948905460326433,0.8870990262358365
8133-ANHHJ,2,1,0.9973066437832149,0.9591331838290755
2270-CHBFN,2,1,0.7492996582226206,0.8399724948679956
0013-EXCHZ,3,1,0.8864722570631091,0.5665467975620857
5982-FPVQN,2,1,0.9468094636324615,0.9191027328214056
9107-UKCKY,2,1,0.9448744850706047,0.879549794028242
4654-ULTTN,2,1,0.9650629545936834,0.8749936028901049
5550-VFRLC,3,0,0.0012949579643033765,0.17698114108045818
5546-BYZSM,1,0,0.0,0.35166315789473684
1492-KGETH,2,1,0.9780430686292227,0.8891540695569522
4929-BSTRX,3,0,0.3047215957544691,0.25717284882810343
4163-HFTUK,1,0,0.0,0.34825263157894737
8215-NGSPE,1,0,0.0,0.3505263157894737
2225-ZRGSG,2,0,0.49831571154404314,0.4365473372491962
8859-YSTWS,1,0,0.0,0.3504
5271-YNWVR,2,1,0.9988080366496064,0.68537584623879
7601-DHFWZ,1,0,0.0,0.3606315789473684
2657-ALMWY,3,1,0.6749118652386045,0.48457527241123133
6330-JKLPC,3,0,0.49417753512992646,0.40103943510460216
4667-OHGKG,1,0,0.0,0.048757894736842104
1998-VHJHK,1,0,0.0,0.348378947368421
1707-HABPF,2,1,0.8539839540794709,0.8722462132107358
1660-HSOOQ,3,0,0.032931817612106534,0.13860430599221102
7253-UVNDW,3,0,0.12189965793977983,0.18606512633380667
0487-VVUVK,1,0,0.0,0.348378947368421
7228-OMTPN,3,1,0.9642054193040426,0.6091347993005645
5063-IUOKK,1,0,0.0,0.34989473684210526
4508-OEBEY,2,1,0.9789779259851098,0.8823280124993071
0027-KWYKW,3,1,0.9204824828840095,0.8797719405220248
2308-STERM,1,0,0.0,0.34901052631578944
5982-XMDEX,1,0,0.0,0.36694736842105263
6284-AHOOQ,3,1,0.9588960324466648,0.6121899919260343
6051-PTVNS,1,0,0.0,0.348378947368421
2344-JMOGN,3,1,0.9679849172613563,0.6268150195361215
3799-ISUZQ,3,0,0.0034975096036980293,0.17811479331516342
2877-VDUER,0,1,0.7207739325453876,0.6916358888076286
9152-AMKAK,3,1,0.9460057312109879,0.8811391345896582
1794-HBQTJ,3,0,0.04216311455184503,0.13964419318915905
9432-VOFYX,3,0,0.011975723955378471,0.4836534474768882
8049-WJCLQ,3,1,0.6291428539060658,0.7037413520887421
6586-PSJOX,3,0,0.14001381897032233,0.4954581591670763
2460-FPSYH,0,1,0.9220255124550163,0.5097786260346382
9705-ZJBCG,3,0,0.16131340659534485,0.501325362638138
4818-DRBQT,3,0,0.25516540316203495,0.30455037179112976
1320-HTRDR,3,0,0.006793230401987777,0.1934541342660583
6847-KJLTS,2,1,0.9838349336285158,0.9471760787145642
9670-BPNXF,3,0,0.37241042603669045,0.6069852230462551
3913-FCUUW,2,1,0.577804275664347,0.7091006576341599
3301-VKTGC,2,0,0.13597885839803117,0.5703915433592124
1493-AMTIE,1,0,0.0,0.05103157894736842
9555-SAHUZ,3,0,0.155787439597811,0.49999918636544016
0816-TSPHQ,1,0,0.0,0.3524210526315789
9932-WBWIK,1,0,0.0,0.35141052631578945
4619-EVPHY,3,1,0.9246700558365712,0.8997627591767337
5286-YHCVC,2,1,0.9818996045258607,0.9575177365471863
6424-ELEYH,3,0,0.0035096248603578776,0.19024595520730103
4391-RESHN,2,1,0.986544774652226,0.6574810677556272
9115-YQHGA,3,0,0.05374615796440433,0.45059320002786696
4462-CYWMH,2,1,0.8728589281701917,0.8760067291628135
8963-MQVYN,1,0,0.0,0.3519157894736842
2458-EOMRE,3,1,0.8421740360297695,0.7986801407276973
9334-GWGOW,3,0,0.0035207252757562357,0.4905030269524077
6821-BUXUX,3,1,0.9544399135355998,0.6259443864668714
5028-HTLJB,1,0,0.0,0.05065263157894737
9801-GDWGV,2,1,0.9827274020440778,0.6544383292386837
6542-LWGXJ,0,0,0.03518657059451042,0.37723252297464627
5567-GZKQY,1,0,0.0,0.35128421052631575
1222-LRYKO,1,0,0.0,0.36656842105263154
2320-JRSDE,1,0,0.0,0.05027368421052631
2087-QAREY,3,0,0.18110717394187617,0.510632343260961
0601-WZHJF,0,1,0.7441268859065598,0.4147454912047292
4423-JWZJN,2,1,0.7736371202713306,0.8374548481085322
5143-WMWOG,1,0,0.0,0.05039999999999999
6490-FGZAT,1,0,0.0,0.3521684210526316
5393-RXQSZ,3,1,0.826556318988429,0.5317172644374768
7452-FOLON,1,0,0.0,0.3642947368421052
2320-TZRRH,1,0,0.0,0.34926315789473683
0231-LXVAP,3,0,0.05806010800549156,0.21497141162324926
9444-JTXHZ,3,0,0.06377005133934575,0.21801328369363307
4942-VZZOM,2,1,0.7804213539031774,0.7792843310349551
5510-BOIUJ,1,0,0.0,0.048631578947368415
7502-BNYGS,2,1,0.8161762541984552,0.8010389227320136
4291-HYEBC,0,1,0.8345725991044435,0.7326079870101985
6147-CBCRA,1,0,0.0,0.3506526315789474
6047-SUHPR,3,0,0.23344611820790473,0.5444521314936882
4471-KXAUH,2,0,0.2988997741926411,0.332528330729688
9752-ZNQUT,3,0,0.04216311455184503,0.43964419318915904
7638-QVMVY,3,1,0.5080622004971375,0.40280382756727606
1576-PFZIW,2,1,0.9993941798941799,0.9659050403787246
5666-MBJPT,1,0,0.0,0.36341052631578946
7312-XSBAT,3,0,0.032931817612106534,0.4388569375711584
3096-GKWEB,3,1,0.9591730578747223,0.9230376442025205
2371-JQHZZ,3,1,0.9476610085299749,0.9140117718330425
0674-GCDXG,2,1,0.8134762971890193,0.8070326241387655
1121-QSIVB,2,1,0.8910179545422372,0.8523229712905791
4396-KLSEH,1,0,0.0,0.35014736842105265
3244-DCJWY,3,0,0.0004962267070946105,0.17767217489336415
2824-MYYBN,2,1,0.9663770211679618,0.927182387414553
0875-CABNR,3,1,0.8494897757980883,0.553522226108709
6345-HOVES,0,0,0.021173071431445457,0.37175343909889397
8318-LCNBW,0,1,0.8975484418519153,0.7932930609512925
6469-QJKZW,1,0,0.0,0.3509052631578947
0147-ESWWR,2,1,0.9846503636592285,0.949649619147902
1217-VASWC,2,1,0.978449198847924,0.9454007321707485
7812-FZHPE,1,0,0.0,0.06088421052631579
6370-ZVHDV,1,0,0.0,0.3639157894736842
5915-DGNVC,2,1,0.9670914669256087,0.868226060454454
6260-XLACS,1,0,0.0,0.34976842105263156
3566-CAAYU,0,1,0.9326269748775725,0.7989876320562921
4983-CCWMC,3,0,0.00839843573418916,0.47919095324104405
9103-CXVOK,1,0,0.0,0.34989473684210526
2896-TBNBE,3,0,0.17090481888153256,0.5724882433420867
4797-AXPXK,3,0,0.2868027505101951,0.26630004757249914
5229-PRWKT,3,1,0.914679659832254,0.5845244955118489
6982-UQZLY,1,0,0.0,0.05267368421052632
2522-WLNSF,3,1,0.6066098821498312,0.7048334265441429
3841-CONLJ,0,1,0.7938241718817828,0.7059507213842922
5057-LCOUI,0,1,0.8899912931351983,0.48420704356986877
0193-ESZXP,2,1,0.9914089341216097,0.6630898894381176
4475-NVTLU,1,0,0.0,0.3485052631578947
4369-HTUIF,3,1,0.8884330754402338,0.5704890196497777
9386-LDCZR,2,1,0.6497093871579992,0.7888942811789892
9585-KKMFD,1,0,0.0,0.3505263157894737
5399-ZIMKF,3,0,0.1737384462069882,0.5580848521670059
0336-KXKFK,0,1,0.9305441188615327,0.8268281738604026
5619-XZZKR,1,0,0.0,0.3504
3948-FVVRP,3,0,0.2449761008974799,0.5364325456221498
5327-XOKKY,2,1,0.894805643930533,0.8434801523090554
0983-TATYJ,3,0,0.06656686912522151,0.45660569501850967
1813-JYWTO,2,0,0.07430235244841354,0.5329630462425233
0156-FVPTA,3,0,0.1573878302088559,0.19988144787301604
1984-FCOWB,2,1,0.9977423989266094,0.6757285385180122
0654-HMSHN,2,1,0.9947193718430328,0.6616351171582657
6719-OXYBR,3,1,0.7154047413176392,0.801656633369161
3312-ZWLGF,3,0,0.21899873714102483,0.587936336961673
6476-YHMGA,3,1,0.9260844856193003,0.8636969521424569
5287-QWLKY,2,1,0.9698154371613544,0.653441964338226
0795-XCCTE,1,0,0.0,0.3641684210526316
0168-XZKBB,3,1,0.8919417732518982,0.8761872356165488
3785-NRHYR,1,0,0.0,0.34964210526315787
5196-SGOAK,3,0,0.043085757810201845,0.20847640838723863
4537-DKTAL,3,0,0.022421115475622918,0.42404213040077543
7072-MBHEV,3,0,0.20545714248705946,0.5794881201527184
5602-BVFMK,1,0,0.0,0.3487578947368421
6297-NOOPG,2,1,0.9977866654659516,0.9782725609232228
1891-UAWWU,3,1,0.9648892805747405,0.6153451859141068
8204-TIFGJ,1,0,0.0,0.35128421052631575
8050-DVOJX,2,1,0.9667209017074877,0.8922041501566793
6108-OQZDQ,3,1,0.946746278445723,0.6261511429572366
0363-QJVFX,2,1,0.9806386476092368,0.6654765116752737
8903-XEBGX,3,0,0.41879565245237305,0.607223524138844
8169-SAEJD,0,1,0.887613851711006,0.7979086985791393
9840-DVNDC,3,1,0.5867080905539286,0.43805165727420303
1089-XZWHH,1,0,0.0,0.34976842105263156
2325-WINES,2,1,0.9881870976372923,0.9581379969496537
6064-ZATLR,3,0,0.08918693906631715,0.46919056510021107
3096-JRDSO,2,1,0.9948619161429533,0.6614395032992866
7824-PANSQ,2,0,0.11205169938351592,0.548568048174459
8042-JVNFH,3,0,0.0015831941339171857,0.18088590923251424
9648-BCHKM,1,0,0.0,0.3622736842105263
2888-ADFAO,1,0,0.0,0.35381052631578946
8707-HOEDG,2,1,0.9988261351052049,0.9779304540420819
3374-LXDEV,3,1,0.8380178218283255,0.5610597603102776
4072-IPYLT,3,0,0.06949595114839699,0.45676680151199034
7167-PCEYD,1,0,0.0,0.35002105263157895
4936-YPJNK,1,0,0.0,0.3502736842105263
1580-BMCMR,3,1,0.8205947305367443,0.8487852606357504
4817-KEQSP,1,0,0.0,0.35014736842105265
6408-WHTEF,2,1,0.989674172643644,0.921722300636405
9251-AWQGT,1,0,0.0,0.3505263157894737
8749-CLJXC,1,0,0.0,0.3506526315789474
7989-VCQOH,3,1,0.9425193757734679,0.8873235397830714
5049-GLYVG,1,0,0.0,0.052042105263157896
4199-QHJNM,2,1,0.9799216275513287,0.9519265457573736
8882-TLVRW,0,0,0.14800575814992464,0.4579812506283909
5883-GTGVD,3,1,0.9718774969413126,0.6412562619344198
5135-GRQJV,2,1,0.9988941798941798,0.9888208298524088
2384-OVPSA,1,0,0.0,0.3510315789473684
1371-WEPDS,3,0,0.46859487666709987,0.6284063717194714
3580-GICBM,1,0,0.0,0.36113684210526314
4817-QRJSX,3,1,0.538744373385261,0.42012932830147287
9730-DRTMJ,3,1,0.8745190009872619,0.833723389868589
4686-UXDML,3,1,0.9626217857658481,0.9373013458852866
3349-ANQNH,2,1,0.971020672501368,0.9397766900531788
2398-YPMUR,3,0,0.005452068890427879,0.17940188018775013
0932-YIXYU,1,0,0.0,0.3511578947368421
7480-SPLEF,1,0,0.0,0.3656842105263158
7636-XUHWW,1,0,0.0,0.3502736842105263
1431-CYWMH,1,0,0.0,0.3481263157894737
5937-EORGB,3,1,0.9825581063856293,0.9368127162384623
6349-JDHQP,1,0,0.0,0.35014736842105265
5539-HIVAK,1,0,0.01,0.36892631578947366
5847-MXBEO,1,0,0.0,0.35128421052631575
9985-MWVIX,3,0,0.0004962267070946105,0.1774195433144168
4583-PARNH,3,1,0.9203948755866976,0.8994421607609948
1116-FRYVH,0,0,0.29828912619430753,0.5188524925829862
1421-HCERK,2,1,0.9939395993800733,0.9646074186993978
9633-XQABV,3,0,0.006793230401987777,0.4801909763713214
0716-BQNDX,2,1,0.9637597066443763,0.9223459879209084
1265-XTECC,2,1,0.9444477964737369,0.621694908063179
1183-CANVH,3,1,0.5395999402180653,0.6674189234556471
1972-XMUWV,2,0,0.3341022723447512,0.5847145931484268
8679-LZBMD,2,1,0.9182878174721355,0.8963256533046438
3407-JMJQQ,2,1,0.9988261351052049,0.9748988750947136
6252-DFGTK,3,1,0.6034937442711439,0.7134396029716155
1539-LNKHM,1,0,0.0,0.35153684210526315
8645-KOMJQ,2,1,0.993253174656248,0.9043328488098676
0289-IVARM,3,0,0.27695055976900695,0.5637486449602344
9761-XUJWD,3,1,0.867487153007043,0.8127211769922909
4057-FKCZK,2,1,0.6846371741776045,0.7822759223026208
4291-TPNFG,2,1,0.9929340080529511,0.9050893926948647
6087-YPWHO,2,0,0.39121481598684305,0.6286543474473689
3090-QFUVD,1,0,0.0,0.35128421052631575
2237-ZFSMY,2,1,0.9530327300281681,0.6226025656954778
1722-LDZJS,1,0,0.0,0.3510315789473684
1818-ESQMW,3,1,0.9250021447934611,0.8953482263384371
4871-JTKJF,3,0,0.0012949579643033765,0.17647587792256347
1415-YFWLT,3,1,0.9864920173564258,0.6201968069425703
7401-RUBNK,3,0,0.10468499714602517,0.5308424199110416
0506-YLVKJ,1,0,0.0,0.3510315789473684
8661-BOYNW,2,1,0.9926672564363009,0.9102879552060994
6711-VTNRE,3,1,0.6940554712014935,0.4988011358490184
4815-GBTCD,0,0,0.027960461546631375,0.3747210267239157
2805-AUFQN,1,0,0.0,0.35002105263157895
0980-PVMRC,0,1,0.8913871521879874,0.7850180187699318
7233-DRTRF,2,1,0.9913293248113757,0.9552264667666557
3500-RMZLT,3,1,0.9799741340201984,0.6352738641343951
3873-NFTGI,3,0,0.21998564420210112,0.52820478399663
1162-ECVII,2,1,0.9988941798941798,0.9768208298524088
7048-GXDAY,2,1,0.982955792763232,0.9619823171052928
8571-ZCMCX,0,1,0.9424130671816086,0.8285441742410644
1169-WCVAK,3,1,0.7439294619264705,0.8219086268758513
4548-SDBKE,3,1,0.915664400480701,0.5815078654554383
8066-POXGX,0,1,0.5985040821303055,0.32807531706264853
7129-CAKJW,3,0,0.3069910527015384,0.6250280000279838
8695-ARGXZ,3,0,0.009269482262111993,0.4945709507995816
3570-YUEKJ,3,0,0.06625986287269624,0.45168289251749955
4143-OOBWZ,3,0,0.4515961953731786,0.38602795183348193
1555-HAPSU,1,0,0.0,0.360378947368421
1697-NVVGY,3,1,0.8068035670643816,0.7904687952468052
7854-EKTJL,1,0,0.0,0.04951578947368421
8464-EETCQ,1,0,0.0,0.34749473684210525
2419-FSORS,2,1,0.9977670576228145,0.9729594546280731
8132-YPVBX,3,1,0.8699883373623932,0.8651321770502205
9102-IAYHT,3,1,0.9396732783902325,0.5917429955666194
6754-LZUKA,2,1,0.9659545253528516,0.8907607575095617
3422-LYEPQ,3,0,0.002388372336871572,0.1803237699873802
8099-MZPUJ,2,1,0.9970216031371234,0.9812507465180074
0787-LHDYT,1,0,0.0,0.3520421052631579
2642-DTVCO,3,1,0.920845981084731,0.5832015503286292
0374-IOEGQ,3,0,0.03346800866601461,0.4260608876769322
4361-JEIVL,3,0,0.0048509064370252765,0.11410878362744169
3197-NNYNB,2,1,0.9931007602255252,0.9627560935638944
3396-DKDEL,2,1,0.9988261351052049,0.9904357171999767
1752-OZXFY,2,0,0.40168741415697434,0.611748649873316
9066-QRSDU,1,0,0.0,0.3664421052631579
9112-WSNPU,3,0,0.009129191180644442,0.4818832554196262
9867-NNXLC,1,0,0.0,0.3506526315789474
5321-NTRKC,2,1,0.9508807282522354,0.8820786070903679
1363-TXLSL,3,0,0.00468341307814992,0.17947336523125995
9507-EXLTT,3,1,0.7539817713510193,0.5020558664351447
3161-GETRM,2,1,0.9506358448085169,0.9077490747655121
0402-OAMEN,1,0,0.0,0.3617684210526316
6933-VLYFX,0,1,0.9611220333797743,0.835901444930857
6754-WKSHP,1,0,0.0,0.3640421052631579
9846-GKXAS,3,1,0.964405120512584,0.6151515218892442
6017-PPLPX,3,0,0.016345018771327244,0.18451695487695194
4976-LNFVV,0,0,0.3279908227714903,0.5178489606875434
5055-MGMGF,2,1,0.9936325283173438,0.9628424850111481
4641-FROLU,1,0,0.0,0.3487578947368421
2862-JVEOY,1,0,0.0,0.348378947368421
2969-QWUBZ,0,1,0.8326561167137873,0.7629150782644623
9822-BIIGN,2,1,0.8799462564144753,0.8334942920394743
2077-MPJQO,3,0,0.008520725275756235,0.49389250063661827
1534-OULXE,3,0,0.040930561800931756,0.4419301194572148
7136-RVDTZ,0,1,0.8422737281435778,0.45122528073111534
2971-SGAFL,3,1,0.9462659979696566,0.8774537676089154
1480-IVEVR,3,0,0.3120109846581382,0.6309517622843079
2905-KFQUV,3,0,0.0044670716688685165,0.47963946024649473
4581-SSPWD,3,0,0.008611412220169597,0.1949393017301731
3370-HXOPH,3,0,0.008611412220169597,0.4956971964670152
9391-YZEJW,2,1,0.9141888813230407,0.9031492367397427
9958-MEKUC,2,1,0.9993023255813953,0.9623314565483476
0281-CNTZX,1,0,0.0,0.3504
6927-WTFIV,3,0,0.007146907117608634,0.18298507863651714
4118-CEVPF,2,1,0.9976041370250108,0.9789574442836886
3398-ZOUAA,3,0,0.010108960569873884,0.17861200528058113
9114-VEPUF,2,1,0.9496383847410906,0.9226343012648572
7876-BEUTG,3,0,0.024437295836614824,0.4330591288609617
2338-BQEZT,3,0,0.04773810965912716,0.4468005070215456
9873-MNDKV,3,0,0.02816147714843659,0.42406459085937465
0378-NHQXU,3,1,0.9349989416332282,0.596946945074344
8241-JUIQO,1,0,0.0,0.34913684210526313
2194-IIQOF,2,1,0.9921826557879072,0.9224730623151629
4512-ZUIYL,3,0,0.007750677210498416,0.17994237614735725
9631-RXVJM,1,0,0.0,0.3486315789473684
9584-EXCDZ,3,0,0.009584468265205318,0.4819390504639769
7969-AULMZ,3,1,0.9670985090986054,0.6327762457447054
5093-FEGLU,1,0,0.0,0.34964210526315787
2621-UDNLU,1,0,0.0,0.3526736842105263
7526-IVLYU,1,0,0.0,0.34964210526315787
2428-HYUNX,1,0,0.0,0.3488842105263158
9214-EKVXR,3,0,0.007710106163526718,0.4142419372022528
3410-MHHUM,2,1,0.9610612674516729,0.922908717506985
0568-ONFPC,1,0,0.0,0.06543157894736841
0733-VUNUW,3,0,0.147748680135534,0.1996889457384241
4550-EVXNY,3,0,0.0004962267070946105,0.17615638541967996
2122-YWVYA,3,0,0.09170586892154081,0.5271665580949321
2968-SSGAA,3,1,0.9762245926382085,0.6446372054763361
2296-DKZFP,2,1,0.869952683624133,0.8273494945022848
4844-JJWUY,3,1,0.9252020049742521,0.5873439598844377
6777-TGHTM,2,1,0.9896528773351259,0.6660506246182609
8909-BOLNL,1,0,0.0,0.35355789473684207
6603-YRDCJ,3,0,0.24976343462505013,0.5541369527973885
3538-WZPHD,0,0,0.070591314921771,0.10301547333712946
3229-USWAR,2,1,0.9893706378796037,0.8977272025202625
2138-VFAPZ,1,0,0.0,0.34976842105263156
6131-JLWZM,1,0,0.0,0.35128421052631575
4785-QRJHC,0,1,0.9524342395283573,0.5323000116008166
0269-XFESX,1,0,0.0,0.3615157894736842
1709-EJDOX,1,0,0.0,0.34989473684210526
4316-XCSLJ,3,0,0.07256648242159285,0.45610027717916346
8610-WFCJF,2,1,0.9837265854349885,0.6350064236476796
9693-XMUOB,0,1,0.9367266327952641,0.8016380215391583
0383-CLDDA,2,1,0.9950525832398215,0.9136420859275076
4905-JEFDW,0,1,0.652197394686487,0.36597369471670005
2709-UQGNP,3,0,0.10121275504515602,0.4709693125443782
3549-ZTMNH,1,0,0.0,0.3606315789473684
7881-INRLC,2,1,0.9702500645028372,0.6428789731695559
8033-ATFAS,3,0,0.33312019091307066,0.5844480763652282
1635-NZATJ,1,0,0.0,0.3642947368421052
0562-HKHML,1,0,0.0,0.360378947368421
8277-RVRSV,1,0,0.0,0.36101052631578945
9943-VSZUV,2,0,0.056912462791178904,0.5140070903796294
0117-LFRMW,0,0,0.2722311901505562,0.21045037079706458
6172-FECYY,2,1,0.7806455927006237,0.5257319212907758
7054-ENNGU,3,0,0.10256840881659332,0.46949052142137415
1455-HFBXA,2,1,0.6985997033919439,0.8108504076725669
9402-CXWPL,2,1,0.9629303788655208,0.9350247831251557
1628-BIZYP,3,1,0.8689227976981709,0.8623059611845316
1965-AKTSX,3,0,0.29796362730903114,0.3186380825025598
0082-LDZUE,3,0,0.00674799955713189,0.41461498929653695
4786-UKSNZ,1,0,0.0,0.05103157894736842
5343-SGUBI,2,0,0.14570759926749607,0.5608935660227878
0856-NAOES,3,1,0.6615995456266832,0.7184924498296206
1976-AZZPJ,0,0,0.21282219125745758,0.47152887650298303
7248-VZQLC,2,0,0.4183133347314344,0.38256743915573166
6156-UZDLF,3,0,0.49583282307079835,0.7185015502809509
3099-OONVS,3,0,0.09472175284060631,0.47506764850466354
9500-WBGRP,1,0,0.0,0.34825263157894737
5183-KLYEM,2,1,0.9992321739018842,0.9845349748239116
5144-PQCDZ,1,0,0.0,0.3504
8514-VZHEB,1,0,0.0,0.34926315789473683
6625-IUTTT,2,0,0.4217012445896461,0.6342804978358585
9355-NPPFS,3,0,0.2173677638931218,0.5860207897677749
0068-FIGTF,2,1,0.9898199946962564,0.8934858926153446
5965-GGPRW,2,1,0.9860006419575414,0.9602949936251219
8035-PWSEV,3,1,0.9526267314009246,0.9065243767708961
2236-HILPA,1,0,0.0,0.3521684210526316
1840-BIUOG,3,1,0.9017733533532184,0.8342672360781296
1356-MKYSK,3,1,0.9396033172541008,0.8745360637437456
6080-LNESI,1,0,0.0,0.3625263157894737
1830-IPXVJ,1,0,0.0,0.34989473684210526
5828-DWPIL,2,1,0.7511260257963217,0.8255451471606339
8398-TBIYD,2,0,0.1753176481940779,0.5841060066460522
0011-IGKFF,3,1,0.9924639387006513,0.6445645228486816
4192-GORJT,3,1,0.9733554468411549,0.6279527050522514
6496-SLWHQ,3,1,0.9949578847342839,0.6632463117884504
9912-GVSEQ,3,1,0.97797566056513,0.6282850010681573
2931-FSOHN,3,1,0.7017895385880459,0.7320421312246921
9418-RUKPH,1,0,0.0,0.3504
5383-MMTWC,3,1,0.9165601178337682,0.5788345734492968
9971-ZWPBF,2,1,0.992652077143504,0.9721766203310858
4712-AUQZO,0,0,0.12377112069285627,0.4343926588034583
9711-FJTBX,2,0,0.3342291823082432,0.650575883449613
2908-ZTPNF,0,0,0.17029981452370657,0.45616203107264053
7240-ETPTR,0,1,0.8748952104434357,0.4731159789142164
2202-CUYXZ,3,1,0.8553243128496861,0.5564876198767166
5995-OIGLP,3,0,0.3191941226100341,0.2707934385176979
8421-WZOOW,2,1,0.8658303291084433,0.8870900263802195
6261-RCVNS,2,1,0.9616592805254003,0.5713584490522654
7951-QKZPL,1,0,0.0,0.06189473684210526
1414-YADCW,2,0,0.34956716995651166,0.6535531837720783
8756-RDDLT,0,1,0.7801509149763649,0.725618260727388
2862-PFNIK,0,0,0.005260141004742642,0.36450405640189704
5816-QVHRX,2,1,0.9704729239398349,0.9415786432601445
4430-YHXGG,1,0,0.0,0.3642947368421052
6888-SBYAI,3,0,0.03276515094543987,0.4411902709044917
7395-XWZOY,0,1,0.9400927299848185,0.8149844604149801
7169-YWAMK,2,1,0.567530493953493,0.6998121975813971
3640-PHQXK,3,1,0.9267099695472483,0.5977997772925836
6877-LGWXO,3,0,0.4564406801137392,0.38101837730865357
6859-RKMZJ,3,0,0.43491719097200826,0.6130405605993297
2729-VNVAP,1,0,0.0,0.35002105263157895
2957-JIRMN,2,1,0.7173543567112248,0.8002891111055426
2049-BAFNW,0,0,0.3947715561022212,0.5486033592829938
3842-QTGDL,3,0,0.24888243086853037,0.6035529723474122
7163-OCEQI,3,1,0.9035553210767238,0.8601168652727949
9782-LGXMC,3,0,0.2206383052017762,0.5442553220807105
5975-BAICR,3,1,0.7025190166639957,0.7419339224550721
8019-ENHXU,2,1,0.9865456254213519,0.6458603554316986
5167-GBFRE,0,0,0.015963933604669293,0.07004873133660455
9033-EOXWV,3,1,0.937831579315493,0.5622063159367235
4673-KKSLS,3,1,0.5555700143619933,0.743533268902692
4853-OITSN,3,1,0.9413913159415084,0.9017775790081823
9800-OUIGR,1,0,0.0,0.3505263157894737
1324-NLTJE,3,0,0.16057452164781202,0.20317717708017743
2324-EFHVG,2,1,0.9943963067842297,0.9615058911347445
7094-MSZAO,1,0,0.0,0.3506526315789474
1522-VVDMG,3,1,0.9746812791405763,0.6166093537614937
6907-CQGPN,0,0,0.20055607837353162,0.46687506292836
0780-XNZFN,1,0,0.0,0.3521684210526316
0239-OXEXL,2,0,0.22581704156800517,0.60316892189036
2675-IJRGJ,1,0,0.0,0.34964210526315787
7049-GKVZY,3,1,0.9316141944739893,0.8743719935790695
8577-QSOCG,1,0,0.0,0.3510315789473684
3721-CNZHX,1,0,0.0,0.35002105263157895
0212-ISBBF,0,1,0.8584220239641858,0.7705688095856743
9185-TQCVP,3,1,0.893848405405283,0.5726551516357974
3585-YNADK,2,1,0.9586932032825175,0.8719404392077439
5271-DBYSJ,3,1,0.5642857231274166,0.7256721839878089
1099-GODLO,1,0,0.0,0.35141052631578945
6828-HMKWP,1,0,0.0,0.35317894736842104
5567-WSELE,3,1,0.983854283973989,0.6325311872738061
1472-TNCWL,2,1,0.9692208301928531,0.9269304373402991
8063-RJYNF,3,1,0.957369113964107,0.6210529087435375
0687-ZVTHB,2,1,0.8666199898596452,0.5296795748912265
2080-GKCWQ,3,0,0.14318924619058046,0.5466230668972848
9661-ACXBS,2,1,0.9847380935953695,0.6596636584907793
2193-SFWQW,2,1,0.9993023255813953,0.9825419828641371
5656-JAMLX,1,0,0.0,0.35014736842105265
3462-BJQQA,3,1,0.9746313184672559,0.9165893694921656
0442-TDYUO,1,0,0.0,0.3506526315789474
6733-LRIZX,2,1,0.9942746563690739,0.9729519678107874
9503-XJUME,1,0,0.0,0.34964210526315787
4367-NHWMM,0,0,0.006615903829526121,0.36555162468970515
3727-RJMEO,3,1,0.8354779094753475,0.5434964269480338
3779-OSWCF,2,1,0.990406017554533,0.9316150386007607
6736-DHUQI,2,0,0.28679839420473296,0.6289509366292616
3915-ODIYG,2,1,0.8940359881464659,0.8388775531533232
1360-RCYRT,0,0,0.06471965781331634,0.40256154733585287
2724-FJDYW,0,1,0.8884777853597867,0.7939595351965463
4451-RWASJ,1,0,0.0,0.34926315789473683
6646-VRFOL,2,1,0.9777237478773178,0.6534473938877692
3460-TJBWI,1,0,0.0,0.36113684210526314
5917-HBSDW,1,0,0.0,0.3488842105263158
5685-IIXLY,3,1,0.7220798058822012,0.5000319223528805
5671-UUNXD,2,1,0.9853940389028445,0.9484312997716642
0956-ACVZC,2,1,0.9665352983000886,0.924340435109509
2325-NBPZG,3,0,0.15672441491916453,0.5510266080729289
4250-ZBWLV,2,1,0.9992522650294988,0.6736798533802206
4482-FTFFX,3,0,0.3151789373334083,0.5679242065123107
8859-DZTGQ,1,0,0.0,0.35141052631578945
0440-MOGPM,2,1,0.9838450483606087,0.8970327561863487
0020-JDNXP,0,1,0.9673117233202556,0.8416615314333655
3752-CQSJI,1,0,0.0,0.35166315789473684
5025-GOOKI,1,0,0.0,0.3477473684210526
4698-KVLLG,1,0,0.0,0.3495157894736842
5095-AESKG,3,1,0.9646683289878207,0.6170252263319704
2887-JPYLU,3,0,0.0385016784125116,0.4295901450492151
4770-QAZXN,1,0,0.0,0.34913684210526313
4896-CPRPF,1,0,0.0,0.3642947368421052
1871-MOWRM,3,0,0.2856679387326223,0.31851980707199623
9714-EDSUC,3,1,0.9780269382796273,0.9309581437329035
2027-OAQQC,0,1,0.8890033868615778,0.4795171442183153
0282-NVSJS,0,0,0.04499494265165906,0.39201902969224256
9090-SGQXL,2,1,0.99208651779238,0.6628556597485309
6595-YGXIT,3,1,0.9730406891652862,0.6139320651397987
7353-YOWFP,1,0,0.0,0.3511578947368421
9835-ZIITK,2,1,0.9982830687830687,0.6793553327763854
8008-ESFLK,2,1,0.9976520839016452,0.9782187282975001
7537-CBQUZ,2,1,0.9993932479557479,0.9761362465507202
1555-DJEQW,2,1,0.9988261351052049,0.6880357171999767
5649-TJHOV,0,1,0.7954012378220159,0.41037102144459586
0519-XUZJU,3,0,0.0004962267070946105,0.178935332788101
3363-EWLGO,1,0,0.0,0.3504
4750-UKWJK,1,0,0.0,0.3495157894736842
6338-AVWCY,0,1,0.7042831041924812,0.3831448206243609
1689-YQBYY,3,0,0.015517778885790773,0.4997229010280005
4487-ZYJZK,1,0,0.0,0.3495157894736842
2959-FENLU,3,1,0.8163740367914148,0.8420443515586713
0708-LGSMF,3,1,0.784550849208208,0.7801782344201253
9253-QXKBE,3,1,0.9477043644315803,0.6176922720884216
7634-HLQJR,1,0,0.0,0.3506526315789474
0487-RPVUM,2,1,0.988223129857184,0.9464050414165579
4079-ULGFR,1,0,0.0,0.3505263157894737
2516-XSJKX,2,1,0.9627177027700086,0.8832765547922139
0057-QBUQH,1,0,0.0,0.36341052631578946
9445-SZLCH,2,1,0.9667039488624529,0.6326184216502443
6599-SFQVE,3,0,0.43855580041334286,0.6143696885863899
8331-ZXFOE,2,1,0.8720437765545119,0.8284385632533837
4003-FUSHP,3,1,0.6441401573715104,0.7131507997907094
0356-ERHVT,3,0,0.02363158958234018,0.4254105305697782
7325-ENZFI,0,0,0.2052211705406587,0.48389899453205293
4884-ZTHVF,3,1,0.9307696793409735,0.8923499769995473
3920-HIHMQ,3,0,0.038077455923776406,0.44028361394845794
3055-OYMSE,3,0,0.050138484652198716,0.5064974991240374
0613-WUXUM,1,0,0.0,0.3485052631578947
7568-PODML,0,1,0.7572095190539136,0.41732591288472337
4458-KVRBJ,1,0,0.0,0.36315789473684207
5349-IECLD,3,1,0.9855041932353342,0.6340753615046599
1397-XKKWR,0,0,0.1748787293029797,0.45913043908961293
3945-GFWQL,3,0,0.027271774645845136,0.12345607827939067
8097-OMULG,2,1,0.9297255151428955,0.8657849428992634
6013-BHCAW,2,1,0.9592977283031557,0.8883506702686308
0401-WDBXM,2,1,0.9860006419575414,0.961052888361964
3387-PLKUI,1,0,0.0,0.34749473684210525
6096-EGVTU,1,0,0.0,0.36290526315789473
3797-VTIDR,0,0,0.015317649326937249,0.06536916499393279
5081-NWSUP,3,1,0.8739679503456615,0.8135450748751067
2580-ATZSQ,2,0,0.25311662889414244,0.5562361252418675
8085-MSNLK,2,1,0.998125709867496,0.9871239681575248
9691-HKOVS,2,1,0.9832445955617992,0.9210452066457724
9881-VCZEP,3,0,0.09444535314110844,0.4744518254669697
9526-BIHHD,0,0,0.10914156730495622,0.1186882058693509
8757-TFHHJ,3,0,0.032931817612106534,0.43898325336063204
4523-WXCEF,2,1,0.9794291013411361,0.647182166852244
1468-DEFNC,1,0,0.0,0.3616421052631579
5119-KEPFY,2,1,0.9792711423309161,0.9317084569323664
8364-TRMMK,3,0,0.03461876624177219,0.14180540123355098
0916-KNFAJ,2,1,0.8533510261084928,0.8179298841276077
8319-QBEHW,0,1,0.7061528233987333,0.683387445148967
3063-QFSZL,3,1,0.7428750986913057,0.43710793421336436
8775-LHDJH,3,1,0.9852536417968223,0.6229856672450447
9625-QNLUX,2,1,0.9988080366496064,0.9603653199230004
3097-NQYSN,3,1,0.9170161203066652,0.5862169744384556
4024-CSNBY,2,0,0.4163923050988565,0.7046621851974373
7110-BDTWG,0,1,0.8175876337965964,0.7458982114133754
7493-GVFIO,1,0,0.0,0.3519157894736842
0690-SRQID,1,0,0.0,0.34964210526315787
9605-WGJVW,3,0,0.0012949579643033765,0.47786535160677396
9114-DPSIA,2,1,0.9940056599287075,0.9022338429188514
4700-UBQMV,3,1,0.8952684119463609,0.8498547331995969
7711-GQBZC,1,0,0.0,0.3624
3565-UNOCC,2,1,0.9919111879069411,0.6469960541101449
4627-MIHJH,2,1,0.9997602513227513,0.9784304163185742
9795-NREXC,2,1,0.9949411253063238,0.9127132922277927
8573-CGOCC,1,0,0.0,0.34989473684210526
7356-AYNJP,1,0,0.0,0.360378947368421
9249-FXSCK,2,1,0.9959223505674137,0.6794215718059129
5493-SDRDQ,3,0,0.25648365064913714,0.24179346025965487
6286-SUUWT,1,0,0.0,0.3504
4819-HJPIW,0,0,0.02152333161802957,0.37214617475247497
8654-DHAOW,3,0,0.15268478625075793,0.49787391450030316
5438-QMDDL,3,1,0.6302933027499175,0.7031910053104933
9812-GHVRI,3,1,0.8512080514913378,0.8523147995439035
5553-AOINX,2,1,0.9847074330430111,0.9588934995329939
1228-ZLNBX,3,0,0.010944408544207907,0.4946093423650516
4226-KKDON,3,1,0.8599595015754531,0.8123627479986024
3831-YCPUO,2,1,0.99859357696567,0.9760690097336364
7445-WMRBW,2,1,0.9794734402022283,0.8783577971335228
3308-DGHKL,1,0,0.0,0.3487578947368421
9924-JPRMC,2,1,0.9992321739018841,0.998303395876543
0080-EMYVY,3,0,0.03233191809647337,0.4429117146070104
6218-KNUBD,3,1,0.6402365735632292,0.7062841031095022
7337-CINUD,1,0,0.0,0.34926315789473683
7609-NRNCA,1,0,0.0,0.3493894736842105
0623-EJQEG,2,1,0.9217029902205087,0.9050180381934667
7153-CHRBV,2,0,0.21904107318174673,0.5374269555884882
0871-URUWO,3,1,0.9591005969790787,0.6419560282653157
9190-MFJLN,3,1,0.9826446116656332,0.6353315288767796
6198-PNNSZ,2,1,0.9954051777140205,0.9755515447698186
3317-VLGQT,3,0,0.4217669810383075,0.6660120555732177
4132-POCZS,0,1,0.8490514831452092,0.7404205932580836
5614-DNZCE,2,0,0.44392891508888643,0.6415294607723967
1095-JUDTC,2,1,0.9655828876367052,0.6263594708441558
3896-RCYYE,0,1,0.9058916741979872,0.7972619328370896
9638-JIQYA,0,0,0.023718025133119346,0.37239247321114244
3258-SANFR,3,0,0.02360774038686012,0.42236941194421773
3726-TBHQT,2,1,0.9993023255813953,0.9877209302325582
3190-ITQXP,1,0,0.0,0.3511578947368421
0870-VEMYL,3,0,0.22513823996292803,0.2260974012483291
4833-QTJNO,2,0,0.18482914942089024,0.5857632387157246
3039-MJSLN,1,0,0.0,0.3510315789473684
0178-CIIKR,1,0,0.0,0.3504
5385-SUIRI,2,1,0.9877237478773178,0.658331604414085
3982-XWFZQ,3,0,0.026852609161021133,0.1376884120854611
5774-QPLTF,1,0,0.0,0.35141052631578945
2322-VCZHZ,3,1,0.9395798913963929,0.9032003776111888
5010-IPEAQ,0,1,0.9771053415050264,0.8277684523914843
4009-ALQFH,2,1,0.9844016479430754,0.6451290802298617
6383-ZTSIW,2,1,0.9909802054522973,0.946749976917761
8990-YOZLV,2,0,0.3242309144858792,0.5987028921101412
3069-SSVSN,0,0,0.023055555555555555,0.37452748538011693
5222-IMUKT,3,1,0.9165432828217003,0.896638365760259
3627-FCRDW,3,0,0.01130536422748059,0.1838905667436238
7562-GSUHK,3,1,0.9377484861248055,0.6105520260288696
6685-XSHHU,1,0,0.0,0.35292631578947364
8901-UPRHR,2,1,0.99859357696567,0.9753111149967943
4903-UYAVB,1,0,0.0,0.048884210526315794
0118-JPNOY,3,1,0.7064935459667108,0.7993553131235265
6776-TLWOI,1,0,0.0,0.050147368421052635
3845-FXCYS,1,0,0.0,0.34964210526315787
5857-XRECV,1,0,0.0,0.35178947368421054
0725-CXOTM,2,1,0.9792559678805586,0.9181865976785393
4343-EJVQB,3,0,0.1547929708076631,0.5497487672704336
9000-PLFUZ,0,1,0.9269728405047046,0.7957154519913556
3427-GGZZI,3,1,0.9487108686829495,0.904579084315285
7779-ORAEL,2,1,0.9499542883423718,0.8698343469158962
0644-OQMDK,3,0,0.008773925619108402,0.48199378077395916
4077-CROMM,2,1,0.9818257761616465,0.6559724157278165
3154-CFSZG,2,1,0.8155524239196015,0.8537157064099459
2868-MZAGQ,3,1,0.7993024646773107,0.5199315121867137
4847-QNOKA,3,0,0.007710106163526718,0.1165156214127791
2220-IAHLS,1,0,0.0,0.34901052631578944
1658-XUHBX,2,1,0.8426619447215842,0.8612753042044232
6379-RXJRQ,3,0,0.006348571378140723,0.17963416539336152
2378-HTWFW,3,1,0.9493538038557071,0.909636258384388
8650-RHRKE,0,0,0.0740237454020888,0.10451476131873026
4377-VDHYI,2,1,0.8605125403954706,0.8735944898423988
0475-RIJEP,3,0,0.09387754017151285,0.23422470027913145
1260-TTRXI,3,0,0.3708712525050721,0.28552744837044985
3719-TDVQB,1,0,0.0,0.3478736842105263
6328-ZPBGN,3,1,0.9853989186480439,0.6345385148276386
0201-MIBOL,2,1,0.9626929232653729,0.9437719061482546
4937-QPZPO,2,1,0.9751551019619265,0.9424409881531917
2925-VDZHY,2,1,0.989674172643644,0.9199538795837734
6981-TDRFT,0,1,0.9216941894768067,0.8058566231591437
3413-CSSTH,3,0,0.10770829546113682,0.48379910765813894
8033-VCZGH,2,1,0.9945368271711645,0.9604252571842553
4789-KWMXN,2,1,0.996965204881636,0.6788281872158123
0224-NIJLP,1,0,0.0,0.3509052631578947
7542-CYDDM,1,0,0.0,0.3506526315789474
4718-WXBGI,2,1,0.9868258554239457,0.9270250790116836
2867-UIMSS,3,1,0.7807615369135366,0.5156730358180462
8495-PRWFH,3,0,0.13031031872652074,0.49271360117481877
0439-IFYUN,3,0,0.08129171933095584,0.5212324772060666
5716-LIBJC,3,1,0.9448047669522733,0.9410376962545937
2868-LLSKM,2,0,0.1603831340397313,0.5754795694053663
8111-RKSPX,3,0,0.008535422035559024,0.18581416881422358
2988-QRAJY,2,1,0.9985100100363379,0.977425056646114
1585-MQSSU,3,0,0.06585718273974153,0.15644813625379134
0071-NDAFP,1,0,0.0,0.3644210526315789
2856-NNASM,2,1,0.9460851021811664,0.604665619819835
7328-ZJAJO,1,0,0.0,0.34926315789473683
6458-CYIDZ,3,0,0.3805815472596617,0.656106303114391
8559-CIZFV,3,1,0.9086023981826244,0.5592304329572604
1090-PYKCI,2,1,0.9962335540276716,0.9640092110847529
3058-WQDRE,0,0,0.024450254694952645,0.3733169439832442
7547-EKNFS,2,1,0.9593392787336111,0.6243672904408128
2279-AXJJK,2,1,0.9631342484550474,0.926895804645177
6769-DYBQN,2,1,0.6656619541569022,0.481001623768024
0909-SELIE,2,1,0.9692331339332199,0.8918195693627617
3417-TSCIC,0,0,0.03938268861165087,0.3785320228130814
1042-HFUCW,3,0,0.12055873791455829,0.4865392846395075
4439-JMPMT,3,1,0.7801538278769569,0.5286931100981511
6537-OTKMY,0,1,0.8032145331378221,0.7494963395709182
8999-EXMNO,1,0,0.0,0.3509052631578947
6725-TPKJO,1,0,0.0,0.3506526315789474
2446-BEGGB,3,1,0.9908443979961684,0.6445482855142568
7162-WPHPM,2,1,0.6831694709144555,0.7541519988920979
1599-MMYRQ,2,0,0.1994568607495466,0.5855511653524502
8821-KVZKQ,0,1,0.9574967405623832,0.8305355383302164
1496-GGSUK,0,0,0.006615903829526121,0.06757267732128412
6434-TTGJP,0,1,0.8969416437632188,0.7944398154000243
0042-JVWOJ,1,0,0.0,0.3495157894736842
0130-SXOUN,2,1,0.8402125915386001,0.8619376681943873
2575-GFSOE,3,0,0.003205737392421174,0.17559808443065267
2330-PQGDQ,2,0,0.30381575888926915,0.6342420930293919
1452-UZOSF,2,1,0.9993023255813953,0.9677630354957161
2097-YVPKN,1,0,0.0,0.36505263157894735
2842-JTCCU,3,0,0.02386924381607887,0.12588453963169471
8597-CTXVJ,2,0,0.25904554771169613,0.5677024296109943
6631-HMANX,2,1,0.9944397551793878,0.9136495862822815
9962-BFPDU,1,0,0.0,0.3506526315789474
3296-SILRA,3,0,0.04774653646003204,0.2121091408998023
9681-OXGVC,3,1,0.9790332915764138,0.6455080534726708
6394-HHHZM,1,0,0.0,0.35229473684210527
5995-LFTLE,1,0,0.0,0.3639157894736842
5180-UCIIQ,0,1,0.8606104751067502,0.4454231374111211
1932-UEDCX,2,1,0.9880576192079543,0.9493704161042344
7153-OANIO,3,0,0.0013506359943823022,0.17725604387143715
5188-HGMLP,3,0,0.02790163242330425,0.49810802139037436
0665-XHDJU,2,1,0.9700121637645809,0.9391206549795166
6521-YYTYI,3,1,0.9706310670908165,0.6239576899942213
8878-HMWBV,3,0,0.14595361370219523,0.18254986653350966
8265-HKSOW,2,1,0.99859357696567,0.9708900623652155
3544-FBCAS,2,1,0.9922801112797309,0.9081120445118924
5331-RGMTT,2,1,0.9848700324954248,0.9441795919455385
4759-PXTAN,2,1,0.930689007908712,0.874633497900327
7054-DMVAS,2,1,0.6984667809399285,0.7443551334286029
3428-MMGUB,2,1,0.9229906111093122,0.8954278233910933
6549-BTYPG,0,1,0.9595782491337692,0.8374312996535076
7823-JSOAG,3,0,0.00839843573418916,0.49156990060946515
3705-RHRFR,2,1,0.9635175562737186,0.9358912330358033
9374-YOLBJ,1,0,0.0,0.3486315789473684
9074-KGVOX,0,1,0.7213340479539149,0.6881967770763028
6128-DAFVY,0,1,0.7902230766358531,0.729394493812236
9933-QRGTX,2,1,0.9496868321325223,0.925432627589851
4476-OSWTN,2,1,0.9982830687830687,0.9785974380395432
3751-KTZEL,0,1,0.7992204561202005,0.4082355508691328
1977-STDKI,3,0,0.03983290597004202,0.20035421501959574
5066-GFJMM,1,0,0.0,0.3502736842105263
2661-GKBTK,2,1,0.9170355209509302,0.861214208380372
0458-HEUZG,0,0,0.1568174705915246,0.45215856718397823
7268-WNTCP,1,0,0.0,0.35166315789473684
0824-VWDPO,2,1,0.9688125918523339,0.9319460893725124
8409-WQJUX,0,1,0.8751445573902429,0.7869841387455708
2578-JQPHZ,2,1,0.9819463353256223,0.9456627446565646
3278-FSIXX,3,0,0.030141422622590272,0.42637235852272026
5813-UECBU,3,0,0.41319416151953625,0.37710924355518294
0328-GRPMV,3,0,0.0004962267070946105,0.17729322752494306
9746-UGFAC,1,0,0.0,0.3526736842105263
2946-KIQSP,0,0,0.1272620658292705,0.4354100894896029
0625-AFOHS,1,0,0.0,0.3510315789473684
6726-WEXXK,3,1,0.5222973422424437,0.725929463212767
4636-OLWOE,2,0,0.22396577522974695,0.5436915732497936
4342-HENTK,3,0,0.006219269168782888,0.18097191819382896
4685-ERGHK,2,1,0.8289215741503508,0.8511054717654034
0885-HMGPY,2,1,0.6752765529632786,0.7454369369747851
5003-OKNNK,1,0,0.0,0.35141052631578945
4195-SMMNX,1,0,0.0,0.051410526315789476
7208-PSIHR,2,1,0.984076133391235,0.9571251901985993
4012-ZTHBR,3,0,0.03219211446597194,0.4264347405232309
0489-WMEMG,3,0,0.047599719187440256,0.4439662034644498
7435-ZNUYY,1,0,0.0,0.3520421052631579
1354-YZFNB,1,0,0.0,0.3493894736842105
6956-SMUCM,3,1,0.9733308328184609,0.6394375962852791
2985-FMWYF,3,1,0.9567693058636912,0.9189182486612659
2812-ENYMO,0,1,0.8836980265916412,0.7912897369524459
2717-HVIZY,1,0,0.0,0.3506526315789474
3223-WZWJM,3,1,0.8217557776384068,0.5407865215816785
3422-GALYP,3,1,0.6095059185406557,0.7445181568899465
9053-JZFKV,2,1,0.9985100100363379,0.6929618987513773
2530-ENDWQ,2,1,0.8432629065481874,0.5740209520929591
2890-WFBHU,2,1,0.9511027453153693,0.8821674139156215
0327-WFZSY,2,1,0.937120165514291,0.9274796451530849
7977-HXJKU,1,0,0.0,0.3495157894736842
6615-ZGEDR,1,0,0.0,0.04976842105263158
7033-CLAMM,1,0,0.0,0.3510315789473684
4023-RTIQM,0,1,0.9097693654780755,0.7912340619807039
0864-FVJNJ,2,1,0.996497623291741,0.9849569440535386
7356-IWLFW,2,0,0.26650954713032915,0.6087090820100264
9541-PWTWO,2,1,0.9673103327423065,0.8914293962548174
3967-VQOGC,1,0,0.0,0.36290526315789473
7872-RDDLZ,3,0,0.12196682109108554,0.48748146527853947
9250-WYPLL,3,0,0.006793230401987777,0.19358045005553193
6308-CQRBU,2,1,0.9982866654659517,0.9753146661863807
2754-XBHTB,3,0,0.3129017307903395,0.32132911336876735
1597-LHYNC,3,1,0.9823929397526605,0.6329571759010642
0186-CAERR,2,1,0.9992522650294988,0.9935114323275891
3043-SUDUA,1,0,0.0,0.3502736842105263
5442-BHQNG,3,0,0.00579991963474084,0.48004628364337
2169-RRLFW,1,0,0.0,0.3646736842105263
5872-OEQNH,0,1,0.8400425387196881,0.7483117523299805
3162-KKZXO,2,1,0.9684849944157292,0.9404045240820811
7055-VKGDA,2,1,0.9962402957859705,0.6647698025249146
0754-UKWQP,3,1,0.9822464456918725,0.6350459466978016
8873-GLDMH,3,0,0.007947076555833932,0.48974725167496513
5696-JVVQY,2,1,0.880175301874955,0.8291648575920871
8946-BFWSG,1,0,0.0,0.3637894736842105
7493-TPUWZ,3,1,0.7873965635608832,0.5149165201611954
0547-HURJB,1,0,0.0,0.35317894736842104
8904-OPDCK,0,0,0.018912740183792815,0.37059667502088556
8845-LWKGE,3,1,0.686564705633729,0.7375732506745443
1577-HKTFG,1,0,0.0,0.04964210526315789
8752-STIVR,3,1,0.5954411536084402,0.43775540881179714
0691-NIKRI,2,1,0.9878115935285007,0.9627877953061372
5022-JNQEQ,3,0,0.1341642459013723,0.5452867509921279
4558-FANTW,3,1,0.8808704715076872,0.5843902938662328
3249-VHRIP,0,0,0.4874604450744923,0.6051315464508495
3736-BLEPA,3,1,0.922525612337681,0.899536560724546
4701-LKOZD,2,1,0.9950550685122809,0.9247588695101756
6603-QWSPR,2,1,0.9954484259661983,0.9619267388075319
9921-QFQUL,3,1,0.9181857908532949,0.8950216847623707
1929-ZCBHE,0,0,0.1907102337110405,0.4780946198002057
4378-MYPGO,2,1,0.9988080366496064,0.9654179515019479
8651-ENBZX,2,1,0.9946782156578141,0.6656607599473362
4129-LYCOI,2,1,0.9886658851201428,0.9582031961533204
7798-JVXYM,3,1,0.9098513996940273,0.839898454614453
8647-SDTWQ,3,0,0.03226951048045115,0.5006130673500752
2696-ECXKC,2,1,0.9826439349732834,0.9479628371472082
2081-KJSQF,1,0,0.0,0.3511578947368421
7623-TRNQN,3,0,0.024844483512360193,0.13600095129968093
3323-CPBWR,3,1,0.9504257072884269,0.9249702829153708
9330-IJWIO,3,1,0.9565942298075631,0.6361534813967095
3384-CTMSF,2,1,0.9916087310695271,0.9596329661120213
0902-RFHOF,1,0,0.0,0.350778947368421
9286-DOJGF,3,0,0.0226697110323098,0.19841525283397654
6048-QBXKL,3,0,0.41070954911562585,0.6071469775409872
9661-MHUMO,3,0,0.048758467066034795,0.14392443945799288
7718-RXDGG,3,0,0.017570737308619487,0.4803335580813425
1025-FALIX,3,0,0.007609251598920686,0.47748580590272616
3451-VAWLI,1,0,0.0,0.34976842105263156
3407-QGWLG,1,0,0.0,0.3506526315789474
1842-EZJMK,2,1,0.9912233679728911,0.6584682945575775
2347-WKKAE,2,1,0.9552552586740817,0.9205863139959485
8735-DCXNF,3,0,0.3071976343800679,0.5617001063836061
3214-IYUUQ,2,1,0.8075049544756331,0.8597177712639374
1936-UAFEH,2,1,0.9993308034699905,0.97825863717747
3587-PMCOY,3,1,0.9818729860366279,0.9426018259935987
8079-XRJRS,2,1,0.5675944631227999,0.4537746273543831
1027-LKKQQ,2,1,0.9925804115800311,0.9002742698951705
7148-XZPHA,2,0,0.2295098103287527,0.5923933978157117
8073-IJDCM,1,0,0.0,0.051284210526315786
5309-TAIKL,3,1,0.7940760200061548,0.7762830395814093
6856-RAURS,3,0,0.00579991963474084,0.49154102048547527
8778-LMWTJ,3,0,0.1408033861796172,0.5454160913139521
9717-IOAAF,1,0,0.0,0.36530526315789474
8884-ADFVN,3,1,0.9882170011812116,0.6528446952093268
2845-KDHVX,2,1,0.7636175992582721,0.7779944081243615
0848-SOMKO,0,1,0.864954653554191,0.7682555456322027
2720-WGKHP,3,1,0.9908265526159454,0.6338043052569045
6734-FQAJX,2,1,0.9991720160286336,0.965058280095664
2869-ADAWR,2,1,0.8997145280294913,0.5854858112117965
1535-VTJOQ,1,0,0.0,0.36353684210526316
6368-TZZDT,1,0,0.0,0.34926315789473683
0943-ZQPXH,2,1,0.9268326006675374,0.9055540928985939
1293-BSEUN,1,0,0.0,0.35229473684210527
9894-EZEWG,3,0,0.04165718638163043,0.20436813771054688
1302-TPUBN,1,0,0.0,0.3488842105263158
7851-FLGGQ,0,1,0.8540842729546206,0.4544337091818483
0637-UBJRP,3,1,0.7180794535578982,0.4995686235284224
0940-OUQEC,3,0,0.42955199056313775,0.37569448043578146
2378-VTKDH,2,1,0.9883559550165449,0.958963434638197
0927-CNGRH,1,0,0.0,0.3493894736842105
8608-OZTLB,2,1,0.9794491846679618,0.8788533580777111
2335-GSODA,0,0,0.27198795162346406,0.5101004438072804
1952-DVVSW,1,0,0.0,0.350778947368421
0702-PGIBZ,3,1,0.9721979976889359,0.6458055148650481
6656-GULJQ,2,1,0.9926736135966611,0.9081431296491909
9853-JFZDU,3,0,0.15017480891589005,0.5036909761979349
1963-VAUKV,1,0,0.0,0.05153684210526315
3777-XROBG,1,0,0.0,0.3493894736842105
6994-FGRHH,2,1,0.9980365843307019,0.9673830547849123
4000-VGMQP,2,1,0.9764429219586342,0.890029800362401
3999-WRNGR,0,1,0.9114391539090398,0.7902598720899318
3466-RITXD,3,1,0.9434289373726464,0.910803153896427
2680-XKKNJ,3,0,0.3651141466766432,0.5930772376180258
3058-HJCUY,2,1,0.9861812646649439,0.6536725058659776
2974-GGUXS,2,1,0.9584545582390804,0.9156765601377375
7994-XIRTR,2,1,0.7655590494612586,0.7710657250476614
3259-FDWOY,2,1,0.9893339752908749,0.6635230638005605
2101-RANCD,3,0,0.016118874675376225,0.49112123408067676
7921-BEPCI,2,0,0.26296081156375134,0.5561316930465532
0807-ZABDG,3,0,0.22181757125676174,0.2279270285027047
8510-TMWYB,2,0,0.1810853009683352,0.5235078045978604
3258-ZKPAI,2,1,0.9993023255813953,0.9942893512851898
1428-IEDPR,2,1,0.9966459875714346,0.9747847108180476
5298-GSTLM,2,1,0.971580145714191,0.944800479338308
4450-YOOHP,0,1,0.8338164342548715,0.7614844684387907
6728-CZFEI,3,0,0.1983608583283534,0.5211969749102887
5748-RNCJT,2,1,0.9949545576321897,0.6670344546318232
3653-NCRDJ,1,0,0.0,0.3485052631578947
6121-TNHBO,2,1,0.9873267751049356,0.9046149205682901
5119-NZPTV,3,0,0.0041702716513664405,0.4787628455026518
6519-ZHPXP,2,1,0.99859357696567,0.9730374307862679
7739-LAXOG,3,1,0.9576066556164394,0.6130637148781547
3472-QPRCH,1,0,0.0,0.3637894736842105
8224-UAXBZ,0,1,0.8535139339454552,0.7559739946308137
9610-WCESF,0,1,0.7081297004491912,0.6941571433375713
9776-CLUJA,3,0,0.05868612829414617,0.219263925001869
2486-WYVVE,2,1,0.9840888766464763,0.8939723927638537
3865-ZYKAD,2,0,0.12669038102144717,0.5651603629348947
1422-DGUBX,3,0,0.20396244508143643,0.581795504348364
2999-AANRQ,3,1,0.9471712387911613,0.8583632323585697
8668-KNZTI,3,0,0.17976884550560002,0.5076970118864506
0480-KYJVA,1,0,0.0,0.36126315789473684
6034-ZRYCV,0,1,0.9297860813600756,0.5088407483335039
9746-YKGXB,0,1,0.9167337126693179,0.7784829587519377
3926-YZVVX,3,0,0.042686424216602174,0.44351667494979874
6000-UKLWI,1,0,0.0,0.3509052631578947
2079-FBMZK,3,0,0.007947076555833932,0.1781261990433862
6332-FBZRI,2,1,0.5994782979244888,0.7149913191697955
2096-XOTMO,1,0,0.0,0.3488842105263158
3266-FTKHB,1,0,0.0,0.348378947368421
8221-EQDGL,3,0,0.21852169967018065,0.541513943025967
2346-LOCWC,1,0,0.0,0.35178947368421054
6608-QQLVK,3,0,0.032931817612106534,0.14075167441326367
0298-XACET,0,1,0.8961475782608397,0.7852800839359149
7560-QJAVJ,2,1,0.9921807298879421,0.8979670287972821
2995-YWTCD,1,0,0.0,0.36290526315789473
3551-HUAZH,3,0,0.0017498304478854975,0.1886578269159963
9137-UIYPG,2,1,0.9897923373209142,0.9659800928231026
2809-ZMYOQ,2,1,0.9737992031349004,0.945561786517118
5084-OOVCJ,3,0,0.22464042874335102,0.5296877504447088
0254-WWRKD,3,0,0.04409848241949949,0.4453446561256945
7727-SHVZV,1,0,0.0,0.34926315789473683
6302-JGYRJ,2,1,0.9855228798789731,0.5949249414252735
5339-PXDVH,3,1,0.9683936909089808,0.9163680026793817
2205-LPVGL,2,1,0.5650043997058749,0.7529912335665605
8782-NUUOL,2,1,0.958398807306896,0.8829384702911796
3685-YLCMQ,2,1,0.9947175078360566,0.6622659505028436
7601-WFVZV,1,0,0.0,0.3493894736842105
4609-KNNWG,1,0,0.0,0.3502736842105263
4868-AADLV,2,1,0.9984343434343433,0.9930579479000532
9529-OFXHY,3,1,0.9070253015130941,0.8844943311315534
8634-MPHTR,2,1,0.9859309341946846,0.647130268414716
2669-QVCRG,3,0,0.20162042778533945,0.5860376447983463
2478-EEWWM,0,1,0.8643655417249748,0.7576620061636741
9174-IHETN,3,0,0.0034573109683779246,0.47910924017682477
2233-TXSIU,0,1,0.7210297553945696,0.7007066389999331
9644-UMGQA,3,0,0.08577660193606201,0.45847906182705633
3256-EZDBI,0,0,0.05172342341680203,0.3950893693667208
8761-NSOBC,2,1,0.9811346996254726,0.646474932481768
0419-YAAPX,2,1,0.6722725738802382,0.7844037663942005
8413-VONUO,3,1,0.9872464456918725,0.6365406835399069
0872-CASZJ,2,1,0.8607916187555195,0.8188850685548394
4726-DLWQN,2,1,0.9188632645962683,0.845271621627981
8164-OCKUJ,1,0,0.0,0.3520421052631579
3094-JOJAI,3,0,0.011975723955378471,0.49211660537162505
9494-MRNYX,3,0,0.01235463258062856,0.4945418530322514
2599-CZABP,3,0,0.025664031326903522,0.4229392967412877
7945-PRBVF,1,0,0.0,0.3541894736842105
4544-RXFMG,3,0,0.016141459905636358,0.41622500501488613
0859-YGKFW,1,0,0.0,0.3506526315789474
1150-FTQGN,2,1,0.9372382686536347,0.9127479390404012
9223-UCPVT,3,1,0.9605558359387898,0.6227065449018317
7196-LIWRH,1,0,0.0,0.3493894736842105
5448-VWNAM,3,1,0.9033439764644744,0.8530849590068423
1177-XZBJL,2,1,0.5462219959183797,0.6805519562620888
3518-FSTWG,2,1,0.9988941798941798,0.976315566694514
9330-VOFSZ,2,1,0.9980187640158694,0.9791232950800319
4351-QLCSU,3,1,0.7162515959957245,0.4254480068193425
0939-EREMR,3,0,0.17223025757710075,0.5039236819782087
9389-ACWBI,3,0,0.0033014311723254803,0.4780363619426144
5419-JPRRN,3,1,0.9853946889870686,0.6504526124369328
3644-QXEHN,3,1,0.970984143371221,0.9334462889274358
2911-IJORQ,2,1,0.9547169530958953,0.910770991764674
5921-NGYRH,2,0,0.13396290857793194,0.5393956897469623
2100-BDNSN,3,1,0.847966424228095,0.5108497275859749
5998-DZLYR,2,1,0.9189073631646366,0.9059208400026968
0488-GSLFR,3,0,0.0004962267070946105,0.17577743805125887
9318-NKNFC,1,0,0.0,0.04762105263157895
3985-HOYPM,1,0,0.0,0.34901052631578944
9728-FTTVZ,3,0,0.0004962267070946105,0.1750195433144168
9548-LERKT,1,0,0.0,0.34989473684210526
6576-FBXOJ,0,1,0.9302275446861751,0.8100278599797333
4310-KEDTB,0,0,0.12579475906370277,0.4256021141517969
7254-IQWOZ,3,0,0.0013506359943823022,0.17649814913459505
2474-BRUCM,2,1,0.9856861575373391,0.6515797261728304
4062-HBMOS,2,1,0.9913845446195895,0.9568906599530991
0742-NXBGR,3,0,0.4135346214116496,0.37332963803834407
2676-ISHSF,1,0,0.0,0.35128421052631575
9236-NDUCW,0,0,0.16044668460689934,0.45285235805328605
4753-PADAS,2,1,0.9847647956150712,0.9609374971933968
6103-QCKFX,3,0,0.18039021363521052,0.5142613486119789
7781-EWARA,0,1,0.9473511934841357,0.8314036352883911
6110-OHIHY,3,1,0.6018656379874179,0.4409567815107567
7018-FPXHH,2,0,0.19470378139663558,0.5289551967691806
5889-LFOLL,3,1,0.8987443308401609,0.5732240481255381
5708-EVONK,2,1,0.9350016969156524,0.6099585735031031
8708-XPXHZ,2,1,0.967172375862177,0.6248478977132919
0616-ATFGB,0,0,0.01863697705802969,0.07073900134952767
0572-ZJKLT,2,1,0.9901648941336757,0.947813326074523
5135-RDDQL,3,0,0.021428207538102817,0.4365291777520832
1353-LJWEM,3,1,0.5007687147463805,0.6541601174774996
1794-SWWKL,3,1,0.5546789879814196,0.6725663320346731
6166-YIPFO,0,1,0.94330726013027,0.8407755356310553
7016-BPGEU,0,0,0.026589888017439608,0.07404648152276531
6876-ADESB,3,0,0.024844483512360193,0.13360095129968091
9332-GYWLO,3,0,0.41935706000869055,0.6063112450561079
1963-SVUCV,3,0,0.006305142414274747,0.11696416222886778
4184-VODJZ,2,1,0.7807253237345342,0.8430690768622346
0220-EBGCE,3,1,0.8837698492226401,0.5703921502153718
1092-WPIVQ,1,0,0.0,0.36341052631578946
7233-IOQNP,0,0,0.13664244782061163,0.4405517159703499
2834-JKOOW,0,1,0.533799341698231,0.6294776314161346
2754-VDLTR,3,1,0.958657615183521,0.6239683092313031
2400-FEQME,1,0,0.0,0.35178947368421054
3190-XFANI,2,1,0.9728211270149442,0.6432758192270303
7551-DACSP,3,0,0.2676318532140993,0.24675800444353446
4957-SREEC,1,0,0.0,0.35141052631578945
7235-NXZCP,3,0,0.008392341088587702,0.1924516732775403
0230-UBYPQ,0,0,0.19109898470932307,0.4676395938837292
4923-ADWXJ,3,1,0.7857301222231715,0.780523627836637
1763-KUAAW,1,0,0.0,0.35141052631578945
1104-TNLZA,2,1,0.9931462153391664,0.9645426966619823
5195-KPUNQ,2,1,0.9346064945989331,0.9182636504711521
0520-FDVVT,2,1,0.9694397303008762,0.646344313172982
3439-GVUSX,0,0,0.012417003749840682,0.36660890676309416
1444-VVSGW,2,1,0.9986991088833195,0.6916480646059594
5712-PTIWW,3,0,0.37905791972554015,0.35334948367968977
5949-HGVJL,3,1,0.9074801621025338,0.8475394332620663
5203-XEHAX,3,1,0.6539169612156367,0.7241352055388863
1635-HDGFT,1,0,0.0,0.35178947368421054
3315-TOTBP,3,0,0.013534719160715138,0.19741388766428605
8050-XGRVL,2,0,0.2586280109798224,0.5417669938656131
6661-HBGWL,2,1,0.9903990613661873,0.6607912034938432
1518-VOWAV,3,1,0.9389646762852412,0.5641753441983071
9828-QHFBK,3,0,0.05617890328859063,0.4516926139470152
3908-MKIMJ,0,1,0.5255504920481603,0.6161991441876852
5012-YSPJJ,3,0,0.10243564544768409,0.4782795213369684
5909-ECHUI,3,1,0.7590172981674066,0.4457121824248574
1309-BXVOQ,2,1,0.9907878548644687,0.6643572472089454
6728-VOIFY,2,1,0.9675479053324559,0.9295454779224561
9317-WZPGV,3,1,0.6581141098726969,0.4647193281596051
4891-NLUBA,0,1,0.9660869413110885,0.8416768817875933
2856-HYAPG,3,0,0.017639083849951755,0.18048721248734914
8969-PRHFK,1,0,0.0,0.34964210526315787
0661-KQHNK,1,0,0.0,0.348
8709-KRDVL,2,1,0.9737992031349004,0.9421512602013287
4488-PSYCG,1,0,0.0,0.051157894736842104
1427-VERSM,2,1,0.9898209097468866,0.9452757323198073
9801-NOSHQ,1,0,0.0,0.35002105263157895
6339-YPSAH,3,0,0.1478736206079886,0.5455915535063534
3621-CEOVK,3,1,0.9829446691624395,0.646314709770239
6906-ANDWJ,3,0,0.014247020151589495,0.19491986069221473
2159-TURXX,1,0,0.0,0.3506526315789474
1548-FEHVL,2,1,0.9915967247935104,0.9649334267595093
3795-CAWEX,2,1,0.9993023255813953,0.994163035495716
6215-NQCPY,3,1,0.9641106033778598,0.9375179255616704
5647-URDKA,1,0,0.0,0.34976842105263156
2229-DPMBI,1,0,0.0,0.34926315789473683
9626-WEQRM,0,0,0.06815582636067652,0.4009044358074285
2188-SXWVT,3,0,0.14516775929014764,0.4970144721371117
6258-PVZWJ,2,1,0.9849125209510945,0.9233544820646484
1094-BKOSX,0,1,0.9376978545658597,0.8039212470895019
6969-MVBAI,3,1,0.9862044468938211,0.9221028313891075
2978-XXSOG,3,0,0.3221202055181568,0.5780270295756837
2342-CKIAO,1,0,0.0,0.35128421052631575
6953-PBDIN,2,1,0.9650629545936834,0.8703199186795787
3898-BSJYF,3,1,0.8973791047522733,0.8447621682166988
3938-YFPXD,2,1,0.9859200110410166,0.9073364254690381
7696-AMHOD,2,1,0.9719918229073232,0.8858493607418767
2453-SAFNS,2,1,0.8903627958555469,0.8382924867632713
9558-IHEZX,2,1,0.9994647320414191,0.9694701033428834
9617-UDPEU,1,0,0.0,0.3486315789473684
6340-DACFT,1,0,0.0,0.3519157894736842
4955-VCWBI,1,0,0.0,0.3505263157894737
6813-GZQCG,1,0,0.0,0.3622736842105263
7426-GSWPO,2,1,0.9922287601361464,0.9583651882649848
3389-KTRXV,1,0,0.0,0.3602526315789474
3118-UHVVQ,1,0,0.0,0.36517894736842105
1031-IIDEO,3,0,0.0004962267070946105,0.17918796436704834
5832-XKAES,3,0,0.006654328922028532,0.17899857367407457
3205-MXZRA,3,0,0.4362268594050325,0.6246802174462236
4701-AHWMW,0,1,0.9110026063645134,0.5022115688615948
8317-BVKSO,1,0,0.0,0.3506526315789474
5702-KVQRD,2,1,0.9942673413862845,0.9062543049755665
0083-PIVIK,2,1,0.9641519556489271,0.8909239401543076
9210-IAHGH,3,1,0.8993343468932448,0.538470580862561
6169-PGNCD,2,1,0.9790910479868148,0.8793416823526206
0023-XUOPT,3,1,0.9440040028235317,0.6153279169188863
4592-IWTJI,0,0,0.037543769846287496,0.09004908688588341
4909-JOUPP,2,1,0.9988941798941798,0.9766945140629351
4657-FWVFY,2,1,0.9602909005135584,0.9275268865212127
2257-BOVXD,3,1,0.7958152539984643,0.7865787331783332
7729-JTEEC,3,0,0.016405542440856603,0.41898326960792154
7632-MNYOY,2,1,0.9998941798941798,0.6801260930103035
6518-LGAOV,2,1,0.9733262081895484,0.6545936411705562
7242-QZLXF,0,0,0.005260141004742642,0.06601984587558127
4576-CSAJH,3,0,0.14851372959311732,0.1987318076267206
1000-AJSLD,1,0,0.0,0.050778947368421055
9696-RMYBA,3,1,0.6007260568567355,0.7426483174795363
8690-UPCZI,3,1,0.8924885008558228,0.831437505605487
1062-LHZOD,3,0,0.0021558141973366885,0.17745179936314523
9770-LXDBK,1,0,0.0,0.35153684210526315
4086-WITJG,1,0,0.0,0.34976842105263156
8344-WFMFH,3,0,0.10280524531237056,0.4676905191775798
9600-NAXZN,2,1,0.9765339930742657,0.6467820182823378
8822-KNBHV,2,1,0.975686357678059,0.9010955957028026
8404-FYDIB,3,1,0.6975292662877401,0.7979169696729909
2791-SFVEW,1,0,0.0,0.3509052631578947
6457-USBER,3,1,0.821399060329372,0.5326859399212225
6762-NSODU,1,0,0.0,0.34901052631578944
4662-EKDPQ,3,1,0.5812974017784319,0.3892768554482149
9248-OJYKK,3,0,0.0017498304478854975,0.19383677428441737
9888-ZCUMM,0,1,0.9389443384635672,0.8272829985433217
3398-FSHON,3,1,0.9740548971871302,0.6202745904537995
3319-DWOEP,3,1,0.9875351829993932,0.6369088100418626
1074-WVEVG,1,0,0.0,0.35141052631578945
9979-RGMZT,3,1,0.9675524165116023,0.924620966604641
6437-UDQJM,2,1,0.9935727888187942,0.9098922734222545
1226-IENZN,3,0,0.4768612221926834,0.689691857298126
2108-GLPQB,3,0,0.22876149026915069,0.5318414382129234
9259-PACGQ,3,0,0.3566348688754973,0.30092763176072523
4415-IJZTP,3,0,0.0004962267070946105,0.1884090169986273
1465-VINDH,3,1,0.979659383783363,0.6498005956186084
5474-LAMUQ,1,0,0.0,0.350778947368421
3468-DRVQJ,3,1,0.9417821449166062,0.8543128579666426
1122-YJBCS,2,0,0.2261127297308963,0.5259819339976217
4990-ALDGW,1,0,0.0,0.3524210526315789
4816-OKWNX,2,1,0.9950698769895474,0.9592490034273979
3315-IKYZQ,0,1,0.9048463665832633,0.7902753887385685
2810-FTLEM,3,0,0.06245862998511807,0.15167818883615247
4747-LCAQL,3,1,0.9182189651190086,0.8668665334160246
3411-WLRSQ,3,0,0.11703718986280252,0.5352780338398578
0898-XCGTF,2,1,0.9424428261694117,0.9207666041519753
8006-PYCSW,1,0,0.0,0.350778947368421
8249-THVEC,1,0,0.0,0.34901052631578944
8722-PRFDV,2,1,0.9600182665713755,0.8799230961022344
2164-SOQXL,1,0,0.0,0.3506526315789474
4020-KIUDI,1,0,0.0,0.35014736842105265
5850-BDWCY,1,0,0.0,0.3510315789473684
2038-YSEZE,3,1,0.7306801708516696,0.7626720683406678
0827-ITJPH,1,0,0.0,0.3468631578947368
8799-OXZMD,0,0,0.06923378170216282,0.4028514074177072
1925-TIBLE,3,1,0.9345248852554862,0.5923362698916681
1705-GUHPV,1,0,0.0,0.36113684210526314
4779-ZGICK,1,0,0.0,0.35949473684210526
0048-PIHNL,1,0,0.0,0.35166315789473684
0818-OCPZO,3,0,0.17706877833689938,0.27659593238739133
3967-KXAPS,2,1,0.9754508554239457,0.9233592895379994
1447-GIQMR,3,0,0.0037180754654803096,0.1761819670282974
3704-IEAXF,0,1,0.9359254591140374,0.809907025750878
6810-VCAEX,0,0,0.15597420084368907,0.4625581013901072
0674-EYYZV,3,1,0.6098719267627617,0.6820119285998415
4480-MBMLB,2,1,0.9850749651352768,0.9587878807909529
1395-OFUWC,0,0,0.0845844766202404,0.4078548432796751
0822-QGCXA,2,1,0.9585393214192629,0.8952473075150735
0872-NXJYS,3,1,0.5296544711530079,0.41283020951383476
2832-KJCRD,2,1,0.9827274020440778,0.9549435923965786
3588-WSTTJ,2,1,0.9835690980618972,0.9436592181721273
4075-WKNIU,3,1,0.8882765451047417,0.8406158811997915
5090-EMGTC,2,1,0.9796868321325222,0.9446326275898509
2346-CZYIL,1,0,0.0,0.35141052631578945
3798-EPWRR,3,0,0.018461863839113763,0.4184163244830139
6258-NGCNG,1,0,0.0,0.35936842105263156
4186-ZBUEW,3,1,0.8740238425881242,0.8282200633510393
5274-XHAKY,2,1,0.9476848277274784,0.9173055100383598
1442-BQPVU,0,0,0.08452716503903888,0.40745297127877345
3978-YNKDD,1,0,0.0,0.3526736842105263
4940-KHCWD,0,0,0.23458738385450842,0.4890770588049613
9412-ARGBX,2,1,0.9491026855820255,0.6209042321275471
1389-CXMLU,3,1,0.9906784044677973,0.6262924144186979
9589-ABEPT,2,1,0.9000730452372845,0.8935871128317558
9388-ZEYVT,0,1,0.8210298353410124,0.7399487762416681
0305-SQECB,0,0,0.11480722517779386,0.43699657428164385
7605-SNLQG,3,0,0.06400949186211022,0.4525511651658967
4670-TABXH,2,1,0.9977670576228145,0.9763699809438626
5561-NWEVX,3,1,0.5078703129166012,0.40323233569295625
0064-SUDOG,1,0,0.0,0.35128421052631575
8561-NMTBD,2,1,0.9967097445038621,0.9825154767489133
5161-XEUVX,2,1,0.948515942807274,0.9176379560702781
8292-FRFZQ,0,0,0.22337066549015364,0.4933061609329035
8591-NXRCV,2,1,0.9566569183181451,0.8712522410114687
7895-VONWT,0,1,0.8433098810025552,0.7592186892431274
4526-RMTLL,3,1,0.9340962983347211,0.8660174667023095
6253-GNHWH,2,1,0.7828247717656008,0.7927509613378192
4566-NECEV,3,1,0.9827368490872485,0.9370105291085835
8080-POTJR,2,1,0.9894500367989383,0.8961168568248385
6906-MPARY,2,1,0.8468924410313818,0.8651148711493948
3662-FXJFO,1,0,0.0,0.35178947368421054
8107-RZLNV,2,1,0.9818996045258607,0.9613072102313969
0516-OOHAR,2,1,0.9839826246249611,0.9471088393236686
2027-CWDNU,3,1,0.791903350055679,0.833013971601219
2737-WFVYW,0,1,0.7790294717707269,0.42592757818197496
9912-OMZDS,2,1,0.9942936183227447,0.9658858683817295
3733-ZEECP,3,0,0.09295437647483834,0.4662764874320406
7878-RTCZG,1,0,0.0,0.3502736842105263
2452-MRMZF,1,0,0.01,0.36892631578947366
2272-QAGFO,3,0,0.008707907038833564,0.19118842597342814
7103-IPXPJ,2,1,0.9863185550157116,0.9456432114799689
4342-HFXWS,2,1,0.9594386344555704,0.8598596643085441
3545-CNWRG,2,1,0.9760103170407334,0.9388672847110302
1785-BPHTP,3,1,0.7299112299359105,0.8078381761848905
4989-LIXVT,2,1,0.9769441580998169,0.9330513474504532
7315-WYOAW,3,1,0.9698899303554827,0.9424822879316668
1173-XZPYF,3,1,0.957748686814308,0.9084468431467758
9850-OWRHQ,3,0,0.0035096248603578776,0.18860384994414314
3768-NLUBH,2,1,0.9847535745740889,0.6480487982506882
8676-TRMJS,3,0,0.00839843573418916,0.19283305850420196
2509-TFPJU,1,0,0.0,0.36505263157894735
9530-GRMJG,2,1,0.9926736135966611,0.9095326033334012
6898-RBTLU,2,1,0.9628766912467984,0.8854875186039826
5481-NTDOH,2,1,0.9964178397211597,0.9690092411516218
2068-WWXQZ,1,0,0.0,0.3506526315789474
7359-SSBJK,2,1,0.8640711581123647,0.5229758316659985
2061-VVFST,1,0,0.0,0.34926315789473683
0685-MLYYM,3,0,0.008170026744540464,0.18200485280307935
0749-IRGQE,0,1,0.8621824804043661,0.7593150974249043
2380-DAMQP,2,1,0.997054107326417,0.9897269060884615
2256-YLYLP,2,1,0.9258256688008566,0.8546250043624479
1272-ILHFG,1,0,0.0,0.34964210526315787
0164-XAIRP,1,0,0.0,0.3493894736842105
5666-CYCYZ,3,1,0.9440051367828199,0.9038336336604964
4011-ARPHK,3,0,0.054206133134216704,0.44888245325368664
8182-PNAGI,3,0,0.08436201045919191,0.1606921726047294
6365-HITVU,2,1,0.9961854838422058,0.9188952461684612
7558-IMLMT,1,0,0.0,0.3525473684210526
9488-FYQAU,2,1,0.9969815299733162,0.9747926119893267
3590-TCXTB,1,0,0.0,0.35141052631578945
6994-KERXL,3,1,0.576872065041292,0.6719698786480957
7957-RYHQD,3,0,0.18511100199257285,0.27412861132334493
2180-DXNEG,3,1,0.9734443327118041,0.6319040488741954
1960-UOTYM,2,1,0.961077307365731,0.8845151334726082
2740-JFBOK,1,0,0.0,0.3606315789473684
6500-JVEGC,2,1,0.9984606485515417,0.9554263646837746
5515-AKOAJ,2,1,0.9745866018790599,0.6427188512779398
8976-OQHGT,3,0,0.21579305040830912,0.22905406226858682
5245-VDBUR,0,0,0.16235244491225473,0.454498872701744
6230-BSUXY,3,1,0.8868100153461275,0.5694608482437141
8469-SNFFH,2,1,0.9775811690908525,0.8916219413205515
2144-ESWKO,0,0,0.0788164323546572,0.42045288873133657
1241-FPMOF,1,0,0.0,0.34964210526315787
9928-BZVLZ,0,1,0.857877167906991,0.7690877092680595
4114-QMKVN,2,1,0.8273799488149339,0.8046361900522894
2775-SEFEE,3,0,0.28265764951058986,0.5694420071726569
9003-CPATH,3,0,0.13960665386228172,0.5576952931238601
1754-GKYPY,3,1,0.9668320157631198,0.9134696484105111
5294-CDGWY,0,1,0.9664748562111031,0.5364004688002307
7956-XQWGU,1,0,0.0,0.34901052631578944
1591-MQJTP,2,1,0.9437139493684198,0.9140750534315785
5295-PCJOO,3,0,0.11797048597155292,0.17198819438862117
2369-FEVNO,1,0,0.0,0.3502736842105263
9863-JZAIC,3,0,0.14231242656634005,0.19587233904758866
7471-MQPOS,2,1,0.9424526103963693,0.8611494652111793
7660-HDPJV,3,0,0.0004962267070946105,0.1750195433144168
5115-SQAAU,1,0,0.0,0.3646736842105263
9845-QOMAD,1,0,0.0,0.34989473684210526
7672-VFMXZ,3,0,0.1588857784033675,0.5042701008350312
9739-JLPQJ,2,1,0.99859357696567,0.9962795360494259
9916-AYHTC,1,0,0.0,0.35014736842105265
3855-ONCAR,3,1,0.610671516732831,0.7435949224826062
1488-SYSFC,1,0,0.0,0.3521684210526316
7931-PXHFC,3,1,0.5283488571510091,0.3687290165446142
3990-QYKBE,2,1,0.9746660877352546,0.6235506456204176
0970-QXPXW,1,0,0.0,0.34964210526315787
3259-KNMRR,2,1,0.9384215927466535,0.8768423213091878
6120-RJKLU,2,1,0.9622642456974306,0.8868846456473933
9572-WUKSB,0,0,0.07788214948660381,0.40668970189990467
5893-KCLGT,1,0,0.0,0.34989473684210526
0076-LVEPS,0,0,0.4511710553544059,0.5941526326680782
3640-JQGJG,3,0,0.022240677419140344,0.42207521833607714
4919-MOAVT,3,0,0.005054953481763722,0.1779798761295476
1596-OQSPS,3,0,0.08926342241668181,0.46480010580877795
9867-XOBQA,0,1,0.8723251086080365,0.7832037276537409
9546-KDTRB,1,0,0.0,0.3624
3090-HAWSU,2,1,0.9990982453304555,0.6815761402374454
9820-RMCQV,3,0,0.08571947761301871,0.15694042262415484
3174-RKMOW,2,1,0.9871471414585744,0.9726272776360614
1760-CAZHT,1,0,0.0,0.3525473684210526
7839-QRKXN,1,0,0.0,0.05103157894736842
8441-SHIPE,1,0,0.0,0.3646736842105263
5204-QZXPU,0,1,0.7498729238590165,0.4001175905962382
4597-ELFTS,1,0,0.0,0.06290526315789473
1320-GVNHT,2,1,0.9993023255813953,0.9735735618115056
1047-RNXZV,1,0,0.0,0.3493894736842105
3541-ZNUHK,2,0,0.30757130404340577,0.6380179953015728
8450-JOVAH,3,0,0.3303191436489063,0.2753697627227204
8725-JEDFD,3,0,0.01619546121431092,0.48092028974888223
7562-UXTPG,3,0,0.009876792798909162,0.4811717697511426
8071-SBTRN,2,1,0.9994647320414191,0.9805858928165676
1113-IUJYX,2,1,0.9981287385129491,0.6669146532999165
6668-CNMFP,3,1,0.9689929417361305,0.913323492483926
5626-MGTUK,3,1,0.9490632465035012,0.9047200354435057
5681-LLOEI,2,1,0.7407880274712534,0.826841526777975
8212-DJRCH,3,1,0.9669871893382538,0.9150475073142488
4323-OHFOW,2,1,0.9964178397211597,0.9652197674674112
4933-BSAIP,1,0,0.0,0.34825263157894737
2030-BTZRO,1,0,0.0,0.35153684210526315
1116-DXXDF,2,1,0.9770205270412976,0.9445766318691506
9274-CNFMO,3,0,0.0035207252757562357,0.19075565853135512
7758-XKCBS,0,0,0.0655405920812223,0.10124781577985734
8992-JQYUN,0,1,0.8718422678778355,0.4759369071511342
6563-VNPMN,2,0,0.33196806346644747,0.6492924885444737
0617-AQNWT,0,1,0.8430537891015671,0.4581057261669427
2267-WTPYD,2,1,0.9430751695807246,0.9147037520428161
0270-THENM,2,1,0.5824453208725098,0.7094412862437407
2446-PLQVO,3,0,0.0013506359943823022,0.1781402543977529
4707-MAXGU,1,0,0.0,0.36530526315789474
2710-WYVXG,3,1,0.9583584612519763,0.8629644371323695
3005-NFMTA,2,1,0.9881364015511832,0.6448545606204733
6300-BWMJX,2,1,0.9364795902427255,0.9104234150444586
8784-CGILN,3,1,0.9704395361970222,0.6404284460577563
5389-FFVKB,3,0,0.3844357459345369,0.3566374562685516
7009-LGECI,3,0,0.11796818658801493,0.4748925377931007
8444-WRIDW,2,0,0.12100693294761067,0.2516448784422022
5022-KVDQT,3,0,0.24916650068090895,0.605056073956574
7976-CICYS,1,0,0.0,0.35229473684210527
1036-GUDCL,2,1,0.9456003459658759,0.8779454015442452
2005-DWQZJ,1,0,0.0,0.3481263157894737
8148-WOCMK,1,0,0.0,0.3495157894736842
7815-PDTHL,1,0,0.0,0.3510315789473684
9451-LPGOO,3,1,0.9196163686930134,0.5871307580035212
9173-IVZVP,1,0,0.0,0.3528
9129-UXERG,2,1,0.9940105745242793,0.9593305455991854
3635-JBPSG,0,0,0.49426089792504224,0.5957254118015958
7964-ZRKKG,2,1,0.6872272275713815,0.7982172068180262
5868-YWPDW,3,1,0.8555984289960058,0.5549551610720865
6229-LSCKB,3,1,0.6262383419686421,0.7518427052085095
2025-JKFWI,3,1,0.9698899303554827,0.6380612353000878
4078-SAYYN,3,1,0.9762245926382085,0.6450161528447571
1724-IQWNM,1,0,0.0,0.3487578947368421
8217-QYOHV,3,0,0.3151789373334083,0.5669136801965211
5546-QUERU,1,0,0.0,0.3504
9940-HPQPG,3,1,0.7940532298912373,0.5494107656407055
6897-UUBNU,3,1,0.9291898502982882,0.8981601506456312
6127-IYJOZ,3,0,0.004028837975641933,0.4174431141376252
6618-RYATB,3,1,0.7856495587087933,0.5152282445361489
8930-XOTDP,3,0,0.388707528929737,0.5968303799929475
5916-QEWPT,3,1,0.9039949413206702,0.8359137660019522
5060-TQUQN,3,0,0.44865462816710633,0.6905355354773688
0531-XBKMM,2,0,0.2890158723737864,0.5815852963179355
8465-SBRXP,2,1,0.9355074014269235,0.913950328991822
2408-PSJVE,3,0,0.2373676844181578,0.5513260211356842
9079-YEXQJ,2,1,0.9945128194844491,0.6784788120043059
9700-ZCLOT,1,0,0.0,0.3505263157894737
8738-JOKAR,2,1,0.8407055135051916,0.8073137843494451
4534-WGCIR,1,0,0.0,0.36353684210526316
1930-WNXSB,2,1,0.90899727156146,0.8981673296772157
2685-SREOM,3,1,0.9625311231896394,0.610107186117961
3508-CFVZL,2,1,0.9994647320414191,0.9809648401849886
0402-CQAJN,2,1,0.9836992536768971,0.6509112804181274
6692-UDPJC,3,1,0.9570725689835226,0.6143658696986722
1273-MTETI,3,1,0.978826918639632,0.6159939253505896
0657-DOGUM,3,0,0.3512577070720662,0.5935978196709317
5480-HPRRX,0,0,0.019403540701089655,0.07167720575412008
8792-AOROI,3,1,0.8944706080642801,0.8232619274362383
0295-PPHDO,3,1,0.9805244737349527,0.6333466315992442
5146-YYFRZ,1,0,0.0,0.3504
1195-OIYEJ,3,1,0.9434156887985766,0.6075136439404833
5906-CVLHP,3,0,0.15737765933246675,0.19975106373298668
3452-SRFEG,3,0,0.011614314478091567,0.49310888368597344
4070-OKWVH,2,1,0.9586454006323757,0.9224476339371608
5297-MDOIR,2,0,0.16269237698043973,0.5700874771079654
6369-MCAKO,2,1,0.9929522293389771,0.9221493127882223
4926-UMJZD,3,0,0.06946325893341436,0.452080040415471
6848-HJTXY,1,0,0.0,0.34913684210526313
6341-AEVKX,2,1,0.9937739766081871,0.9610043274853801
4501-EQDRN,3,0,0.0004962267070946105,0.17628270120915362
2990-HWIML,3,1,0.9746313184672559,0.615957790544797
0682-USIXD,3,1,0.8212924377573034,0.845906448787132
6976-BWGLQ,1,0,0.0,0.3636631578947368
7078-NVFAM,0,0,0.13304051794654032,0.4420162071786161
8065-QBYTO,2,1,0.9986086609771982,0.9511908328119318
2133-TSRRM,2,1,0.9856954541955334,0.960425550099266
7384-GHBPI,0,1,0.6981367684189378,0.3680547073675751
7603-USHJS,3,0,0.01263034088973239,0.19136792582957718
7234-FECYN,3,1,0.9892828198250769,0.6517552331931886
2511-ALLCS,1,0,0.0,0.3613894736842105
3191-CSNMG,3,1,0.6756786982942141,0.7741451635282119
7952-OBOYL,3,1,0.9696426154658799,0.9148465198705624
7470-DYNOE,3,1,0.5221654402578649,0.6632240708399881
7853-OETYL,0,0,0.06702933619444915,0.4002012081619902
1545-ACTAS,2,1,0.9946081679648552,0.9497169513964685
5876-HZVZM,3,0,0.23341554159068922,0.23458726926785464
1400-MMYXY,3,1,0.9776008334012434,0.6585771754657606
5126-RCXYW,0,1,0.8659479667643439,0.7625897130215271
3085-QUOZK,3,0,0.007710106163526718,0.11411562141277912
2363-BJLSL,2,1,0.9632188289093295,0.888403321037416
1956-YIFGE,2,1,0.9947870923241257,0.9506727316664925
3926-CUQZX,3,0,0.00674799955713189,0.11663604192811593
7921-LMDFQ,2,1,0.9791583313127259,0.9291370167356168
2925-MXLSX,3,1,0.8607914935099618,0.8185060710881953
5820-PTRYM,2,1,0.5479178683720821,0.6920934631383064
9609-BENEA,3,1,0.7610988317404148,0.7787553221698502
6211-WHMYA,0,1,0.7629632180384556,0.7159642345838033
4459-BBGHE,0,1,0.7151600478393627,0.698485071767324
9945-PSVIP,1,0,0.0,0.3472421052631579
1041-RXHRA,3,0,0.023276950284285895,0.18678446432424067
1750-CSKKM,3,0,0.48220165527731623,0.3327122410582949
9108-EJFJP,3,0,0.2171111558609561,0.5221286728706982
0530-IJVDB,2,1,0.998,0.9887157894736842
0508-SQWPL,1,0,0.0,0.350778947368421
2215-ZAFGX,3,1,0.8784318843918497,0.86737275375674
8213-TAZPM,2,1,0.9962335540276716,0.9732302637163317
7142-HVGBG,2,1,0.9876903913014297,0.6552866828363613
1304-SEGFY,2,1,0.9543277620758537,0.9289311048303415
7242-EDTYC,1,0,0.0,0.3493894736842105
2904-GGUAZ,2,0,0.20851262427853293,0.5957418918166764
8267-ZNYVZ,2,1,0.9917950590009346,0.6588232867582686
5136-GFPMB,2,1,0.914872591526052,0.8918016681893681
2595-KIWPV,1,0,0.0,0.34976842105263156
5243-SAOTC,2,0,0.12639842302968807,0.5522856850013489
9398-MMQTO,3,0,0.17060404804843618,0.5563258297456903
7619-PLRLP,2,1,0.9697151023931826,0.8750860409572732
6457-GIRWB,3,0,0.0013506359943823022,0.17574025439775293
6508-NJYRO,1,0,0.0,0.34749473684210525
1450-SKCVI,3,0,0.048491131308545904,0.20596487357604992
4710-NKCAW,3,1,0.6321018583148293,0.715535480168037
5306-BVTKJ,3,0,0.19100878470532798,0.5173719349347627
0357-NVCRI,1,0,0.0,0.3506526315789474
5570-PTWEH,3,0,0.0035096248603578776,0.19125648152309055
2371-KFUOG,2,1,0.9825857105503017,0.9435184947464366
0463-ZSDNT,3,1,0.5067931686777719,0.6460856885237403
6502-MJQAE,3,0,0.0013506359943823022,0.17637183334512133
6257-DTAYD,2,1,0.9862329378591939,0.9576089646173618
4616-ULAOA,2,1,0.9988080366496064,0.9794390041335268
7693-LCKZL,3,0,0.49106073331610256,0.39890850385275683
7746-AWNQW,0,0,0.23788147260644693,0.48546837851626296
5996-EBTKM,2,1,0.7687609665701933,0.7840938603122878
2758-RNWXS,2,1,0.8445623402243586,0.8631723045107962
2314-TNDJQ,0,1,0.9776511373008222,0.8316499286045393
2405-LBMUW,0,1,0.9342584884337778,0.801787605899827
3454-JFUBC,1,0,0.0,0.3505263157894737
0032-PGELS,0,0,0.04188803271258811,0.0938078446639826
9039-ZVJDC,1,0,0.0,0.34825263157894737
6797-LNAQX,2,1,0.9845340989137589,0.6421504816707667
9013-AQORL,0,1,0.9052905117264649,0.7771898889011122
2898-MRKPI,2,1,0.9534347497102904,0.9366581104104319
2750-BJLSB,2,1,0.9932987026533202,0.9592984284297492
3648-GZPHF,0,0,0.14098105131216385,0.44797136789328657
2075-RMJIK,3,0,0.08146843456224546,0.45738737382489814
9588-YRFHY,1,0,0.0,0.3502736842105263
6394-MFYNG,2,1,0.9898378366047489,0.6672614504313732
1564-NTYXF,3,1,0.5891744401459521,0.44282767079522295
9364-YKUVW,1,0,0.0,0.35002105263157895
5392-AKEMH,3,0,0.02475011634943534,0.42371057285556357
2451-YMUXS,2,0,0.3668786155882978,0.6098251304458455
3914-FDRHP,3,1,0.8608657101846918,0.8622410209159821
3078-ZKNTS,1,0,0.0,0.34989473684210526
1024-KPRBB,3,1,0.9137891434589962,0.8906103942257038
4690-PKDQG,2,1,0.9654686037844116,0.9275769151979751
8155-IBNHG,3,0,0.005245401138082082,0.19258237098154865
0886-QGENL,2,1,0.9958275605528911,0.654120497905367
9547-ITEFG,3,1,0.9842417307455891,0.9528966922982356
1264-FUHCX,0,1,0.9128310425035321,0.8073639959487813
7789-CRUVC,2,1,0.6574566412446776,0.8009616038662921
6598-KELSS,0,1,0.8049985217936206,0.7307573034542904
8739-WWKDU,3,1,0.9730406891652862,0.6153215388240092
8685-WHQPW,3,0,0.0114023697791772,0.192518842648513
4745-LSPLO,1,0,0.0,0.051789473684210524
8083-YTZES,3,0,0.00839843573418916,0.19119095324104407
7240-FQLHE,3,1,0.9853676319403687,0.6461470527761475
6664-FPDAC,2,1,0.9939947272436233,0.6804189435290283
9972-VAFJJ,2,1,0.8594360459513571,0.8812481025910692
0422-UXFAP,2,1,0.9869340959429357,0.9444999541666479
1904-WAJAA,3,1,0.7024762125588273,0.7435589060761625
5130-YPIRV,2,1,0.9319791690478526,0.8546864044612463
2843-CQMEG,3,0,0.05693380524937495,0.44833141683659206
6439-PKTRR,2,1,0.9946513664871931,0.9017342308054035
5351-QESIO,0,0,0.005260141004742642,0.3632408985071602
0786-VSSUD,0,1,0.8398091155089561,0.43444996199305613
5568-DMXZS,3,1,0.861813770081058,0.8100728764534759
8468-FZTOE,2,1,0.9887838408157187,0.883345115273656
6633-SYEUS,3,0,0.44003529910861766,0.6862035933276576
6447-GORXK,0,0,0.045540471220617364,0.38137408322508903
6967-PEJLL,0,0,0.1900593036436561,0.47758161619430456
3976-BWUCK,2,1,0.8507246193264364,0.5780161635200483
5981-ZVXOT,2,1,0.9976041370250108,0.9727679705994781
1684-FLBGS,3,1,0.8581568982591977,0.8188417066721001
1389-WNUIB,3,1,0.8971181337939348,0.850847253517574
0376-OIWME,2,1,0.9568243188457282,0.919192885433028
3585-ISXZP,3,1,0.9728589323896384,0.6307856782190133
0218-QNVAS,2,1,0.9649141129740404,0.939986697821195
6583-QGCSI,2,1,0.8833442571493186,0.5757798081228853
0804-YGEQV,1,0,0.0,0.3617684210526316
7164-BPTUT,2,1,0.994992223138863,0.9242284682029136
4174-LPGTI,3,1,0.7206703437589703,0.4562681375035882
2523-EWWZL,3,0,0.08496046695359956,0.5262368183603872
0928-XUTSN,3,0,0.387389095590826,0.6583240592889619
2108-XWMPY,0,0,0.28817658819861114,0.20482853001628656
0052-YNYOT,1,0,0.0,0.3519157894736842
6304-IJFSQ,3,0,0.10766217996095831,0.16912802987912018
9586-JGQKH,2,1,0.9870473767322727,0.9610926349034354
4501-VCPFK,0,0,0.19021800141395173,0.4664029900392649
6075-SLNIL,2,1,0.9638301011476555,0.9257846720380096
9347-AERRL,1,0,0.0,0.3487578947368421
0093-XWZFY,2,1,0.9826204870433108,0.6570481948173243
2274-XUATA,0,1,0.9680708804849671,0.8466388785097763
1980-KXVPM,3,0,0.009030761754211645,0.19321230470168466
7703-ZEKEF,3,0,0.3227802448009067,0.3337436768677311
0723-DRCLG,3,0,0.0030606060606060605,0.18930845295055823
5482-NUPNA,3,1,0.5313425394582683,0.3651264894675178
6691-CCIHA,2,1,0.9924642804974028,0.9115962385147507
1685-BQULA,2,1,0.9491328144104844,0.9156110205010359
9053-EJUNL,2,1,0.9222773503392845,0.8942583085567664
0666-UXTJO,3,1,0.7598836310072268,0.8191955576660486
1471-GIQKQ,3,0,0.04216311455184503,0.44305471950494857
4807-IZYOZ,1,0,0.0,0.3521684210526316
1122-JWTJW,3,0,0.002388372336871572,0.17943955946106444
9710-NJERN,1,0,0.0,0.3509052631578947
9837-FWLCH,1,0,0.0,0.3485052631578947
1699-HPSBG,3,1,0.7361476000521792,0.445532724231398
7203-OYKCT,2,1,0.9984606485515417,0.9645211015258799
1035-IPQPU,2,1,0.9871966392646706,0.9563523399163947
7398-LXGYX,2,0,0.34225494533148193,0.6511335570799612
2823-LKABH,3,1,0.9597785831917557,0.924037749066176
8775-CEBBJ,3,0,0.02816147714843659,0.12292774875411147
0550-DCXLH,3,1,0.9373621345433663,0.8602501169752412
9281-CEDRU,2,0,0.41427070412131906,0.6276451237537908
2235-DWLJU,0,1,0.8333912694135573,0.7455249288180545
0871-OPBXW,1,0,0.0,0.3506526315789474
3605-JISKB,2,0,0.31992865283526056,0.5795504085025254
6894-LFHLY,3,0,0.0017498304478854975,0.19206835323178578
9767-FFLEM,3,0,0.022893835828712895,0.4847364816999062
0639-TSIQW,2,1,0.9947036578920124,0.6579656736831208
8456-QDAVC,3,0,0.41817342812485364,0.6660904238815204
7750-EYXWZ,0,1,0.9374989405185249,0.8282206288389888
2569-WGERO,1,0,0.0,0.35343157894736843
6840-RESVB,2,1,0.9803157738960185,0.9063578885057759
2234-XADUH,2,1,0.978070254727531,0.9519438913646967
4801-JZAZL,0,0,0.03579131346006532,0.38909547275244716
8361-LTMKD,3,0,0.0035207252757562357,0.1893661848471446
3186-AJIEK,2,1,0.9986158301421582,0.9663515952147581
